# Resource object code (Python 3)
# Created by: object code
# Created by: The Resource Compiler for Qt version 6.11.2
# WARNING! All changes made in this file will be lost!

from PySide6 import QtCore

qt_resource_data = b"\
\x00\x00\x9b6\
R\
IFF.\x9b\x00\x00WAVEfmt \x10\
\x00\x00\x00\x01\x00\x01\x00D\xac\x00\x00\x88X\x01\x00\x02\
\x00\x10\x00data\x0a\x9b\x00\x00\x00\x00U\x03\xa6\
\x06\xed\x09%\x0dJ\x10X\x13J\x16\x1b\x19\xc8\x1bN\
\x1e\xa8 \xd3\x22\xcd$\x92& (t)\x8e*j\
+\x09,i,\x8a,l,\x0f,s+\x99*\x83\
)2(\xa8&\xe7$\xf2\x22\xcb w\x1e\xf7\x1bP\
\x19\x85\x16\x9b\x13\x95\x10x\x0dH\x0a\x0a\x07\xc3\x03v\
\x00+\xfd\xe3\xf9\xa4\xf6s\xf3T\xf0L\xed^\xea\x90\
\xe7\xe6\xe4b\xe2\x08\xe0\xdd\xdd\xe2\xdb\x1b\xda\x89\xd81\
\xd7\x12\xd6/\xd5\x8a\xd4\x22\xd4\xf8\xd3\x0e\xd4a\xd4\xf3\
\xd4\xc2\xd5\xcc\xd6\x11\xd8\x8f\xd9C\xdb,\xddE\xdf\x8d\
\xe1\xff\xe3\x9a\xe6W\xe95\xec/\xef@\xf2d\xf5\x97\
\xf8\xd3\xfb\x16\xffX\x02\x97\x05\xce\x08\xf8\x0b\x11\x0f\x14\
\x12\xfc\x14\xc7\x17o\x1a\xf1\x1cJ\x1fu!q#;\
%\xcf&,(O)8*\xe4*S+\x85+y\
+/+\xa7*\xe3)\xe4(\xab'9&\x91$\xb6\
\x22\xa9 n\x1e\x08\x1c{\x19\xca\x16\xf9\x13\x0b\x11\x06\
\x0e\xee\x0a\xc6\x07\x94\x04\x5c\x01#\xfe\xec\xfa\xbd\xf7\x9a\
\xf4\x88\xf1\x8b\xee\xa7\xeb\xe0\xe8;\xe6\xba\xe3c\xe17\
\xdf:\xddn\xdb\xd7\xd9w\xd8N\xd7`\xd6\xad\xd57\
\xd5\xfd\xd4\x01\xd5A\xd5\xbf\xd5x\xd6l\xd7\x9a\xd8\x00\
\xda\x9c\xdbk\xddk\xdf\x99\xe1\xf2\xe3r\xe6\x17\xe9\xdc\
\xeb\xbd\xee\xb6\xf1\xc3\xf4\xe0\xf7\x07\xfb6\xfee\x01\x93\
\x04\xba\x07\xd6\x0a\xe2\x0d\xd9\x10\xb9\x13|\x16\x1e\x19\x9d\
\x1b\xf3\x1d\x1f \x1d\x22\xea#\x84%\xe8&\x15(\x09\
)\xc2)?*\x81*\x86*O*\xdb),)C\
( '\xc6%6$t\x22\x80 _\x1e\x12\x1c\x9e\
\x19\x06\x17N\x14y\x11\x8b\x0e\x8a\x0bx\x08[\x056\
\x02\x10\xff\xeb\xfb\xcc\xf8\xb7\xf5\xb2\xf2\xc0\xef\xe5\xec&\
\xea\x87\xe7\x0a\xe5\xb5\xe2\x89\xe0\x8a\xde\xbc\xdc\x1f\xdb\xb7\
\xd9\x86\xd8\x8d\xd7\xce\xd6J\xd6\x01\xd6\xf3\xd5\x22\xd6\x8c\
\xd60\xd7\x0f\xd8&\xd9u\xda\xf9\xdb\xaf\xdd\x97\xdf\xac\
\xe1\xec\xe3S\xe6\xdf\xe8\x8b\xebT\xee6\xf1,\xf43\
\xf7F\xfa`\xfd}\x00\x9a\x03\xb1\x06\xbe\x09\xbd\x0c\xa9\
\x0f\x7f\x12:\x15\xd7\x17Q\x1a\xa5\x1c\xd1\x1e\xd0 \xa0\
\x22?$\xaa%\xdf&\xdd'\xa2(.)~)\x94\
)n)\x0e)s(\x9f'\x92&O%\xd7#,\
\x22Q H\x1e\x15\x1c\xba\x19:\x17\x9a\x14\xdd\x11\x07\
\x0f\x1c\x0c \x09\x18\x06\x07\x03\xf3\xff\xdf\xfc\xd0\xf9\xca\
\xf6\xd2\xf3\xeb\xf0\x1a\xeec\xeb\xca\xe8R\xe6\xff\xe3\xd4\
\xe1\xd4\xdf\x02\xdea\xdc\xf3\xda\xba\xd9\xb7\xd8\xec\xd7Z\
\xd7\x03\xd7\xe5\xd6\x02\xd7Y\xd7\xea\xd7\xb4\xd8\xb6\xd9\xee\
\xdaZ\xdc\xf9\xdd\xc8\xdf\xc5\xe1\xec\xe3;\xe6\xaf\xe8C\
\xeb\xf4\xed\xbf\xf0\x9f\xf3\x90\xf6\x8e\xf9\x95\xfc\xa0\xff\xaa\
\x02\xb2\x05\xb0\x08\xa2\x0b\x83\x0eO\x11\x02\x14\x98\x16\x0d\
\x19_\x1b\x89\x1d\x8a\x1f\x5c!\x00#q$\xae%\xb6\
&\x86'\x1e(}(\xa2(\x8e(@(\xb8'\xf9\
&\x02&\xd5$s#\xe0!\x1d ,\x1e\x11\x1c\xce\
\x19f\x17\xde\x148\x12y\x0f\xa4\x0c\xbe\x09\xca\x06\xcd\
\x03\xcb\x00\xca\xfd\xca\xfa\xd3\xf7\xe8\xf4\x0d\xf2F\xef\x97\
\xec\x04\xea\x91\xe7A\xe5\x17\xe3\x17\xe1C\xdf\x9e\xdd*\
\xdc\xe9\xda\xdd\xd9\x07\xd9i\xd8\x03\xd8\xd6\xd7\xe2\xd7(\
\xd8\xa5\xd8[\xd9H\xdaj\xdb\xc0\xdcH\xde\x00\xe0\xe5\
\xe1\xf4\xe3+\xe6\x87\xe8\x03\xeb\x9d\xedQ\xf0\x1b\xf3\xf6\
\xf5\xe0\xf8\xd3\xfb\xcc\xfe\xc5\x01\xbc\x04\xac\x07\x91\x0af\
\x0d(\x10\xd3\x12b\x15\xd3\x17!\x1aJ\x1cJ\x1e\x1f\
 \xc6!=#\x82$\x92%m&\x11'~'\xb2\
'\xae'q'\xfd&Q&n%W$\x0c#\x8f\
!\xe3\x1f\x0a\x1e\x06\x1c\xdb\x19\x8b\x17\x1a\x15\x8b\x12\xe3\
\x0f$\x0dS\x0at\x07\x8a\x04\x9a\x01\xaa\xfe\xbb\xfb\xd2\
\xf8\xf4\xf5$\xf3h\xf0\xc2\xed6\xeb\xc8\xe8{\xe6S\
\xe4S\xe2}\xe0\xd4\xde[\xdd\x13\xdc\xfe\xda\x1e\xdat\
\xd9\x01\xd9\xc6\xd8\xc2\xd8\xf6\xd8b\xd9\x04\xda\xdc\xda\xea\
\xdb*\xdd\x9b\xde<\xe0\x0a\xe2\x02\xe4\x22\xe6f\xe8\xcb\
\xeaN\xed\xec\xef\xa0\xf2f\xf5;\xf8\x1b\xfb\x02\xfe\xea\
\x00\xd1\x03\xb2\x06\x8a\x09S\x0c\x0b\x0f\xad\x115\x14\xa0\
\x16\xeb\x18\x12\x1b\x12\x1d\xe8\x1e\x93 \x0f\x22Z#s\
$W%\x07&\x80&\xc3&\xce&\xa2&@&\xa7\
%\xd8$\xd6#\xa0\x229!\xa4\x1f\xe1\x1d\xf5\x1b\xe1\
\x19\xa8\x17N\x15\xd6\x12D\x10\x9b\x0d\xdf\x0a\x13\x08=\
\x05`\x02\x80\xff\xa1\xfc\xc7\xf9\xf6\xf63\xf4\x81\xf1\xe3\
\xee_\xec\xf6\xe9\xad\xe7\x88\xe5\x88\xe3\xb1\xe1\x05\xe0\x87\
\xde8\xdd\x1c\xdc2\xdb}\xda\xfe\xd9\xb4\xd9\xa1\xd9\xc5\
\xd9\x1f\xda\xaf\xdas\xdbl\xdc\x97\xdd\xf3\xde}\xe05\
\xe2\x16\xe4\x1f\xe6L\xe8\x9b\xea\x07\xed\x8f\xef-\xf2\xdf\
\xf4\xa0\xf7m\xfaA\xfd\x18\x00\xef\x02\xc2\x05\x8c\x08I\
\x0b\xf6\x0d\x8f\x10\x10\x13v\x15\xbc\x17\xe1\x19\xe0\x1b\xb8\
\x1de\x1f\xe5 7\x22W#E$\xff$\x85%\xd5\
%\xef%\xd4%\x82%\xfc$@$R#1\x22\xe0\
 `\x1f\xb4\x1d\xde\x1b\xe0\x19\xbe\x17{\x15\x19\x13\x9d\
\x10\x09\x0ea\x0b\xaa\x08\xe7\x05\x1c\x03M\x00~\xfd\xb3\
\xfa\xf0\xf78\xf5\x90\xf2\xfc\xef\x7f\xed\x1c\xeb\xd8\xe8\xb5\
\xe6\xb6\xe4\xde\xe2/\xe1\xad\xdfY\xde5\xddC\xdc\x84\
\xdb\xf8\xda\xa1\xda\x80\xda\x94\xda\xdd\xda[\xdb\x0c\xdc\xf1\
\xdc\x08\xdeN\xdf\xc4\xe0e\xe20\xe4\x22\xe69\xe8r\
\xea\xc8\xec:\xef\xc3\xf1a\xf4\x0e\xf7\xc8\xf9\x8a\xfcP\
\xff\x17\x02\xdb\x04\x97\x07I\x0a\xeb\x0c{\x0f\xf4\x11T\
\x14\x96\x16\xb8\x18\xb6\x1a\x8e\x1c=\x1e\xc1\x1f\x18!@\
\x226#\xfa#\x8c$\xe9$\x11%\x05%\xc4$O\
$\xa6#\xcb\x22\xbf!\x82 \x18\x1f\x81\x1d\xc1\x1b\xda\
\x19\xce\x17\xa0\x15T\x13\xed\x10o\x0e\xdc\x0b8\x09\x88\
\x06\xcf\x03\x10\x01R\xfe\x96\xfb\xe0\xf84\xf6\x97\xf3\x0c\
\xf1\x97\xee:\xec\xfa\xe9\xda\xe7\xdd\xe5\x04\xe4T\xe2\xce\
\xe0u\xdfK\xdeP\xdd\x87\xdc\xf0\xdb\x8d\xdb^\xdbb\
\xdb\x9b\xdb\x08\xdc\xa7\xdcy\xdd|\xde\xae\xdf\x0e\xe1\x9a\
\xe2O\xe4,\xe6-\xe8O\xea\x91\xec\xed\xeeb\xf1\xeb\
\xf3\x84\xf6+\xf9\xdb\xfb\x91\xfeG\x01\xfd\x03\xac\x06Q\
\x09\xe9\x0bo\x0e\xe0\x10:\x13w\x15\x96\x17\x93\x19k\
\x1b\x1c\x1d\xa3\x1e\xff\x1f,!+\x22\xf9\x22\x95#\xfe\
#4$7$\x06$\xa2#\x0b#B\x22I!!\
 \xcb\x1eJ\x1d\x9f\x1b\xcd\x19\xd7\x17\xbf\x15\x88\x136\
\x11\xcc\x0eM\x0c\xbd\x09 \x07y\x04\xcb\x01\x1d\xffo\
\xfc\xc7\xf9(\xf7\x95\xf4\x14\xf2\xa6\xefP\xed\x15\xeb\xf9\
\xe8\xfd\xe6%\xe5s\xe3\xea\xe1\x8c\xe0\x5c\xdfY\xde\x87\
\xdd\xe6\xdcw\xdc:\xdc0\xdcZ\xdc\xb5\xdcC\xdd\x03\
\xde\xf2\xde\x11\xe0\x5c\xe1\xd4\xe2t\xe4;\xe6'\xe84\
\xea`\xec\xa8\xee\x08\xf1}\xf3\x03\xf6\x97\xf86\xfb\xdb\
\xfd\x81\x00(\x03\xc9\x05b\x08\xef\x0al\x0d\xd5\x0f(\
\x12`\x14{\x16v\x18N\x1a\x00\x1c\x8a\x1d\xea\x1e\x1e\
 #!\xfa!\xa0\x22\x15#X#i#G#\xf3\
\x22n\x22\xb7!\xd1 \xbc\x1f{\x1e\x0e\x1dx\x1b\xbb\
\x19\xda\x17\xd7\x15\xb5\x13x\x11\x22\x0f\xb7\x0c:\x0a\xaf\
\x07\x1a\x05}\x02\xdf\xff@\xfd\xa5\xfa\x12\xf8\x8b\xf5\x13\
\xf3\xae\xf0_\xee)\xec\x10\xea\x16\xe8>\xe6\x8c\xe4\x01\
\xe3\x9f\xe1h\xe0_\xdf\x84\xde\xd9\xdd^\xdd\x15\xdd\xfe\
\xdc\x18\xddd\xdd\xe1\xdd\x8f\xdel\xdfw\xe0\xaf\xe1\x12\
\xe3\x9e\xe4P\xe6'\xe8\x1f\xea7\xecj\xee\xb6\xf0\x17\
\xf3\x8a\xf5\x0c\xf8\x99\xfa-\xfd\xc5\xff[\x02\xef\x04|\
\x07\xfe\x09q\x0c\xd2\x0e\x1d\x11P\x13h\x15`\x177\
\x19\xea\x1av\x1c\xda\x1d\x13\x1f  \xff \xaf!.\
\x22~\x22\x9c\x22\x89\x22D\x22\xcf!+!W U\
\x1f'\x1e\xce\x1cL\x1b\xa4\x19\xd7\x17\xe9\x15\xdc\x13\xb3\
\x11q\x0f\x19\x0d\xaf\x0a7\x08\xb3\x05'\x03\x97\x00\x08\
\xfez\xfb\xf4\xf8x\xf6\x0a\xf4\xad\xf1e\xef5\xed\x1f\
\xeb(\xe9R\xe7\x9f\xe5\x11\xe4\xac\xe2p\xe1a\xe0~\
\xdf\xc9\xdeD\xde\xef\xdd\xcb\xdd\xd7\xdd\x13\xde\x80\xde\x1d\
\xdf\xe8\xdf\xe0\xe0\x05\xe2T\xe3\xcc\xe4j\xe6-\xe8\x11\
\xea\x14\xec3\xeek\xf0\xb9\xf2\x19\xf5\x89\xf7\x04\xfa\x87\
\xfc\x0f\xff\x98\x01\x1e\x04\x9e\x06\x15\x09~\x0b\xd6\x0d\x1b\
\x10H\x12[\x14Q\x16'\x18\xda\x19h\x1b\xcf\x1c\x0d\
\x1e \x1f\x07 \xbf J!\xa4!\xcf!\xca!\x95\
!0!\x9c \xda\x1f\xea\x1e\xcf\x1d\x89\x1c\x1b\x1b\x87\
\x19\xce\x17\xf4\x15\xfc\x13\xe6\x11\xb8\x0ft\x0d\x1d\x0b\xb6\
\x08C\x06\xc8\x03H\x01\xc7\xfeH\xfc\xce\xf9]\xf7\xf8\
\xf4\xa4\xf2c\xf09\xee(\xec4\xea_\xe8\xac\xe6\x1d\
\xe5\xb4\xe3t\xe2^\xe1t\xe0\xb7\xdf(\xdf\xc7\xde\x96\
\xde\x95\xde\xc3\xde \xdf\xac\xdff\xe0L\xe1^\xe2\x9a\
\xe3\xff\xe4\x89\xe68\xe8\x08\xea\xf7\xeb\x02\xee'\xf0b\
\xf2\xb0\xf4\x0d\xf7w\xf9\xea\xfbc\xfe\xdc\x00U\x03\xc9\
\x054\x08\x93\x0a\xe3\x0c \x0fH\x11V\x13I\x15\x1d\
\x17\xd0\x18`\x1a\xc9\x1b\x0c\x1d$\x1e\x12\x1f\xd3\x1fg\
 \xcd \x04!\x0c!\xe5 \x90 \x0c [\x1f}\
\x1et\x1dA\x1c\xe6\x1ae\x19\xc1\x17\xfa\x15\x15\x14\x13\
\x12\xf8\x0f\xc7\x0d\x82\x0b.\x09\xcc\x06a\x04\xf1\x01~\
\xff\x0c\xfd\x9f\xfa9\xf8\xdf\xf5\x94\xf3Z\xf16\xef*\
\xed9\xebf\xe9\xb3\xe7#\xe6\xb8\xe4t\xe3X\xe2g\
\xe1\xa2\xe0\x09\xe0\x9e\xdfa\xdfS\xdfr\xdf\xc1\xdf<\
\xe0\xe6\xe0\xbb\xe1\xbb\xe2\xe4\xe36\xe5\xad\xe6H\xe8\x05\
\xea\xe0\xeb\xd8\xed\xea\xef\x12\xf2N\xf4\x99\xf6\xf2\xf8U\
\xfb\xbe\xfd)\x00\x94\x02\xfc\x04[\x07\xb0\x09\xf7\x0b-\
\x0eN\x10X\x12G\x14\x19\x16\xcc\x17\x5c\x19\xc9\x1a\x0f\
\x1c,\x1d!\x1e\xea\x1e\x87\x1f\xf7\x1f: O 6\
 \xef\x1f{\x1f\xda\x1e\x0d\x1e\x16\x1d\xf5\x1b\xad\x1a?\
\x19\xae\x17\xfb\x15)\x14:\x122\x10\x13\x0e\xe1\x0b\x9e\
\x09M\x07\xf2\x04\x91\x02-\x00\xc9\xfdh\xfb\x0e\xf9\xbe\
\xf6{\xf4J\xf2,\xf0%\xee7\xecf\xea\xb4\xe8#\
\xe7\xb6\xe5n\xe4N\xe3W\xe2\x8a\xe1\xe8\xe0s\xe0+\
\xe0\x10\xe0\x22\xe0b\xe0\xce\xe0g\xe1,\xe2\x1a\xe32\
\xe4q\xe5\xd5\xe6^\xe8\x07\xea\xd0\xeb\xb5\xed\xb4\xef\xc9\
\xf1\xf3\xf3-\xf6u\xf8\xc8\xfa!\xfd\x7f\xff\xdc\x016\
\x04\x8b\x06\xd6\x08\x13\x0bA\x0d\x5c\x0fa\x11L\x13\x1c\
\x15\xce\x16_\x18\xcd\x19\x16\x1b9\x1c3\x1d\x03\x1e\xa9\
\x1e#\x1fq\x1f\x92\x1f\x86\x1fN\x1f\xe8\x1eW\x1e\x9b\
\x1d\xb5\x1c\xa6\x1bp\x1a\x15\x19\x96\x17\xf6\x157\x14[\
\x12e\x10Y\x0e8\x0c\x06\x0a\xc6\x07|\x05*\x03\xd4\
\x00~\xfe)\xfc\xdb\xf9\x95\xf7\x5c\xf52\xf3\x1a\xf1\x18\
\xef/\xed`\xeb\xaf\xe9\x1e\xe8\xaf\xe6d\xe5@\xe4C\
\xe3o\xe2\xc5\xe1F\xe1\xf3\xe0\xcc\xe0\xd1\xe0\x03\xe1a\
\xe1\xeb\xe1\x9f\xe2|\xe3\x83\xe4\xb0\xe5\x02\xe7x\xe8\x0f\
\xea\xc5\xeb\x97\xed\x84\xef\x87\xf1\x9f\xf3\xc8\xf5\x00\xf8B\
\xfa\x8c\xfc\xdb\xfe+\x01y\x03\xc2\x05\x02\x087\x0a]\
\x0cq\x0ep\x10X\x12%\x14\xd6\x15g\x17\xd6\x18\x22\
\x1aI\x1bI\x1c \x1d\xce\x1dQ\x1e\xaa\x1e\xd6\x1e\xd7\
\x1e\xac\x1eU\x1e\xd3\x1d'\x1dR\x1cT\x1b0\x1a\xe6\
\x18z\x17\xec\x15?\x14v\x12\x92\x10\x98\x0e\x88\x0ch\
\x0a9\x08\xfe\x05\xbb\x03t\x01+\xff\xe3\xfc\xa0\xfae\
\xf84\xf6\x12\xf4\x02\xf2\x05\xf0 \xeeT\xec\xa4\xea\x13\
\xe9\xa3\xe7V\xe6-\xe5+\xe4P\xe3\x9f\xe2\x17\xe2\xba\
\xe1\x87\xe1\x81\xe1\xa5\xe1\xf5\xe1o\xe2\x14\xe3\xe1\xe3\xd6\
\xe4\xf2\xe53\xe7\x96\xe8\x1b\xea\xbf\xeb\x7f\xedZ\xefK\
\xf1R\xf3j\xf5\x91\xf7\xc4\xf9\xff\xfb?\xfe\x81\x00\xc3\
\x02\x00\x057\x07b\x09\x80\x0b\x8d\x0d\x87\x0fj\x114\
\x13\xe3\x14t\x16\xe4\x173\x19]\x1ab\x1b@\x1c\xf5\
\x1c\x82\x1d\xe4\x1d\x1b\x1e(\x1e\x0a\x1e\xc1\x1dN\x1d\xb1\
\x1c\xec\x1b\xff\x1a\xec\x19\xb4\x18Y\x17\xdd\x15B\x14\x8b\
\x12\xb9\x10\xd0\x0e\xd2\x0c\xc2\x0a\xa4\x08y\x06E\x04\x0c\
\x02\xd1\xff\x95\xfd]\xfb-\xf9\x06\xf7\xec\xf4\xe2\xf2\xec\
\xf0\x0a\xefB\xed\x94\xeb\x03\xea\x92\xe8C\xe7\x17\xe6\x10\
\xe5/\xe4v\xe3\xe6\xe2\x7f\xe2B\xe2/\xe2G\xe2\x89\
\xe2\xf5\xe2\x8a\xe3H\xe4-\xe58\xe6g\xe7\xb9\xe8,\
\xea\xbe\xebm\xed6\xef\x16\xf1\x0b\xf3\x13\xf5)\xf7L\
\xf9y\xfb\xab\xfd\xe0\xff\x15\x02G\x04r\x06\x94\x08\xaa\
\x0a\xb0\x0c\xa4\x0e\x83\x10J\x12\xf6\x13\x87\x15\xf8\x16H\
\x18v\x19\x7f\x1ac\x1b \x1c\xb4\x1c\x1f\x1db\x1dz\
\x1dh\x1d-\x1d\xc8\x1c:\x1c\x84\x1b\xa7\x1a\xa4\x19}\
\x184\x17\xc9\x15@\x14\x9a\x12\xda\x10\x03\x0f\x16\x0d\x17\
\x0b\x08\x09\xed\x06\xc8\x04\x9d\x02n\x00@\xfe\x14\xfc\xed\
\xf9\xd0\xf7\xbf\xf5\xbc\xf3\xcb\xf1\xef\xef)\xee~\xec\xee\
\xea}\xe9+\xe8\xfc\xe6\xf1\xe5\x0a\xe5J\xe4\xb2\xe3B\
\xe3\xfb\xe2\xdd\xe2\xe9\xe2\x1e\xe3|\xe3\x02\xe4\xb1\xe4\x86\
\xe5\x80\xe6\x9f\xe7\xe0\xe8B\xea\xc3\xeb`\xed\x17\xef\xe6\
\xf0\xcb\xf2\xc2\xf4\xc9\xf6\xdc\xf8\xf9\xfa\x1e\xfdF\xffm\
\x01\x94\x03\xb5\x05\xce\x07\xdb\x09\xda\x0b\xc8\x0d\xa2\x0fe\
\x11\x10\x13\x9f\x14\x10\x16b\x17\x93\x18\xa0\x19\x89\x1aL\
\x1b\xe9\x1b]\x1c\xa9\x1c\xcc\x1c\xc6\x1c\x98\x1c@\x1c\xc1\
\x1b\x1a\x1bM\x1aZ\x19D\x18\x0b\x17\xb2\x159\x14\xa5\
\x12\xf6\x10/\x0fS\x0dd\x0be\x09Z\x07D\x05&\
\x03\x05\x01\xe3\xfe\xc3\xfc\xa7\xfa\x93\xf8\x8a\xf6\x8f\xf4\xa4\
\xf2\xcd\xf0\x0b\xefb\xed\xd3\xebb\xea\x0f\xe9\xdd\xe7\xce\
\xe6\xe2\xe5\x1c\xe5|\xe4\x04\xe4\xb3\xe3\x8a\xe3\x8a\xe3\xb3\
\xe3\x04\xe4|\xe4\x1c\xe5\xe1\xe5\xcc\xe6\xda\xe7\x0b\xe9\x5c\
\xea\xcc\xebX\xed\xfe\xee\xbd\xf0\x91\xf2w\xf4n\xf6r\
\xf8\x81\xfa\x97\xfc\xb2\xfe\xce\x00\xe8\x02\xff\x04\x0e\x07\x13\
\x09\x0a\x0b\xf2\x0c\xc7\x0e\x86\x10.\x12\xbc\x13.\x15\x81\
\x16\xb4\x17\xc5\x18\xb3\x19|\x1a \x1b\x9c\x1b\xf2\x1b\x1f\
\x1c%\x1c\x03\x1c\xb8\x1bG\x1b\xae\x1a\xf0\x19\x0d\x19\x07\
\x18\xde\x16\x96\x15.\x14\xaa\x12\x0c\x11V\x0f\x8a\x0d\xac\
\x0b\xbd\x09\xc0\x07\xb8\x05\xa9\x03\x95\x01\x80\xffk\xfdZ\
\xfbO\xf9O\xf7[\xf5w\xf3\xa4\xf1\xe7\xef@\xee\xb3\
\xecB\xeb\xee\xe9\xba\xe8\xa7\xe7\xb7\xe6\xeb\xe5D\xe5\xc3\
\xe4i\xe47\xe4,\xe4H\xe4\x8c\xe4\xf7\xe4\x88\xe5?\
\xe6\x1a\xe7\x19\xe89\xe9z\xea\xd9\xebU\xed\xeb\xee\x98\
\xf0\x5c\xf23\xf4\x1a\xf6\x0f\xf8\x10\xfa\x18\xfc&\xfe4\
\x00D\x02P\x04U\x06Q\x08A\x0a#\x0c\xf2\x0d\xae\
\x0fS\x11\xdf\x12P\x14\xa4\x15\xd9\x16\xee\x17\xe0\x18\xaf\
\x19Y\x1a\xde\x1a<\x1bt\x1b\x84\x1bm\x1b0\x1b\xcb\
\x1aA\x1a\x92\x19\xbe\x18\xc7\x17\xae\x16v\x15\x1f\x14\xab\
\x12\x1d\x11x\x0f\xbc\x0d\xed\x0b\x0d\x0a \x08'\x06%\
\x04\x1e\x02\x14\x00\x0c\xfe\x05\xfc\x05\xfa\x0d\xf8!\xf6C\
\xf4v\xf2\xbc\xf0\x19\xef\x8d\xed\x1d\xec\xc8\xea\x92\xe9|\
\xe8\x88\xe7\xb7\xe6\x09\xe6\x81\xe5\x1e\xe5\xe2\xe4\xcc\xe4\xdd\
\xe4\x15\xe5s\xe5\xf6\xe5\x9e\xe6k\xe7Z\xe8k\xe9\x9c\
\xea\xeb\xebV\xed\xdc\xeez\xf0-\xf2\xf4\xf3\xcc\xf5\xb3\
\xf7\xa5\xf9\x9f\xfb\xa0\xfd\xa3\xff\xa6\x01\xa7\x03\xa3\x05\x97\
\x07\x7f\x09Z\x0b$\x0d\xdb\x0e}\x10\x07\x12x\x13\xcc\
\x14\x03\x16\x1a\x17\x11\x18\xe5\x18\x95\x19!\x1a\x88\x1a\xc9\
\x1a\xe4\x1a\xd8\x1a\xa7\x1aO\x1a\xd2\x191\x19l\x18\x84\
\x17{\x16R\x15\x0b\x14\xa8\x12*\x11\x94\x0f\xe8\x0d)\
\x0cX\x0ay\x08\x8f\x06\x9b\x04\xa1\x02\xa3\x00\xa6\xfe\xaa\
\xfc\xb3\xfa\xc4\xf8\xe0\xf6\x08\xf5A\xf3\x8c\xf1\xec\xefb\
\xee\xf3\xec\x9e\xebf\xeaN\xe9V\xe8\x7f\xe7\xcc\xe6<\
\xe6\xd2\xe5\x8c\xe5l\xe5r\xe5\x9e\xe5\xef\xe5e\xe6\x00\
\xe7\xbe\xe7\x9e\xe8\xa0\xe9\xc1\xea\x00\xec\x5c\xed\xd2\xee`\
\xf0\x04\xf2\xbc\xf3\x85\xf5\x5c\xf7@\xf9-\xfb \xfd\x18\
\xff\x0f\x01\x06\x03\xf8\x04\xe2\x06\xc3\x08\x97\x0a\x5c\x0c\x0e\
\x0e\xad\x0f5\x11\xa4\x12\xf9\x131\x15K\x16E\x17\x1d\
\x18\xd4\x18g\x19\xd5\x19\x1f\x1aD\x1aC\x1a\x1d\x1a\xd2\
\x19b\x19\xcf\x18\x18\x18?\x17D\x16+\x15\xf3\x13\xa0\
\x121\x11\xab\x0f\x0f\x0e_\x0c\x9d\x0a\xcd\x08\xf0\x06\x0a\
\x05\x1d\x03,\x01:\xffI\xfd\x5c\xfbu\xf9\x99\xf7\xc8\
\xf5\x06\xf4V\xf2\xb9\xf02\xef\xc4\xedo\xec6\xeb\x1c\
\xea \xe9E\xe8\x8c\xe7\xf6\xe6\x83\xe65\xe6\x0c\xe6\x07\
\xe6'\xe6l\xe6\xd6\xe6c\xe7\x13\xe8\xe5\xe8\xd8\xe9\xea\
\xea\x1a\xecf\xed\xcc\xeeK\xf0\xe0\xf1\x88\xf3B\xf5\x0c\
\xf7\xe1\xf8\xc1\xfa\xa7\xfc\x93\xfe~\x00j\x02S\x045\
\x06\x0d\x08\xda\x09\x99\x0bG\x0d\xe2\x0eh\x10\xd6\x11*\
\x13c\x14\x7f\x15|\x16Y\x17\x15\x18\xae\x18%\x19w\
\x19\xa5\x19\xaf\x19\x94\x19U\x19\xf1\x18k\x18\xc1\x17\xf7\
\x16\x0b\x16\x00\x15\xd8\x13\x93\x125\x11\xbe\x0f0\x0e\x8f\
\x0c\xdd\x0a\x1b\x09L\x07s\x05\x93\x03\xae\x01\xc7\xff\xe1\
\xfd\xfd\xfb \xfaK\xf8\x82\xf6\xc6\xf4\x1a\xf3\x81\xf1\xfd\
\xef\x90\xee;\xed\x02\xec\xe5\xea\xe7\xe9\x08\xe9I\xe8\xad\
\xe73\xe7\xdd\xe6\xaa\xe6\x9b\xe6\xb1\xe6\xea\xe6G\xe7\xc8\
\xe7j\xe8.\xe9\x13\xea\x16\xeb7\xect\xed\xcb\xee;\
\xf0\xc1\xf1Z\xf3\x06\xf5\xc1\xf6\x88\xf8[\xfa5\xfc\x14\
\xfe\xf5\xff\xd6\x01\xb4\x03\x8d\x05^\x07$\x09\xdd\x0a\x86\
\x0c\x1d\x0e\xa0\x0f\x0c\x11`\x12\x9a\x13\xb7\x14\xb7\x15\x98\
\x16Y\x17\xf8\x17v\x18\xd0\x18\x07\x19\x1b\x19\x0a\x19\xd7\
\x18\x7f\x18\x05\x18i\x17\xac\x16\xcf\x15\xd3\x14\xb9\x13\x83\
\x124\x11\xcc\x0fM\x0e\xbb\x0c\x17\x0bc\x09\xa2\x07\xd6\
\x05\x03\x04)\x02N\x00s\xfe\x99\xfc\xc4\xfa\xf8\xf85\
\xf7\x7f\xf5\xd9\xf3D\xf2\xc2\xf0W\xef\x03\xee\xc9\xec\xab\
\xeb\xaa\xea\xc7\xe9\x04\xe9b\xe8\xe1\xe7\x83\xe7G\xe7/\
\xe7:\xe7i\xe7\xba\xe7.\xe8\xc3\xe8z\xe9P\xeaE\
\xebX\xec\x86\xed\xcf\xee/\xf0\xa6\xf11\xf3\xcf\xf4{\
\xf66\xf8\xfb\xf9\xc8\xfb\x9b\xfdq\xffG\x01\x1c\x03\xec\
\x04\xb4\x06s\x08&\x0a\xca\x0b]\x0d\xdd\x0eH\x10\x9b\
\x11\xd5\x12\xf4\x13\xf6\x14\xdb\x15\xa0\x16E\x17\xc9\x17+\
\x18j\x18\x87\x18\x81\x18X\x18\x0d\x18\x9f\x17\x10\x17`\
\x16\x90\x15\xa2\x14\x97\x13p\x12.\x11\xd5\x0fe\x0e\xe1\
\x0cK\x0b\xa5\x09\xf2\x073\x06l\x04\x9f\x02\xcf\x00\xfe\
\xfe.\xfdc\xfb\x9e\xf9\xe3\xf73\xf6\x92\xf4\x01\xf3\x82\
\xf1\x19\xf0\xc6\xee\x8c\xedm\xeci\xeb\x83\xea\xbc\xe9\x14\
\xe9\x8d\xe8'\xe8\xe4\xe7\xc2\xe7\xc4\xe7\xe7\xe7-\xe8\x95\
\xe8\x1e\xe9\xc7\xe9\x90\xeaw\xeb|\xec\x9c\xed\xd6\xee(\
\xf0\x90\xf1\x0d\xf3\x9c\xf4;\xf6\xe8\xf7\xa0\xf9a\xfb(\
\xfd\xf3\xfe\xbe\x00\x89\x02P\x04\x11\x06\xc9\x07u\x09\x14\
\x0b\xa3\x0c\x1f\x0e\x88\x0f\xda\x10\x14\x124\x138\x14 \
\x15\xe9\x15\x94\x16\x1e\x17\x87\x17\xcf\x17\xf4\x17\xf8\x17\xd9\
\x17\x99\x177\x17\xb4\x16\x11\x16O\x15o\x14q\x13X\
\x12%\x11\xda\x0fy\x0e\x03\x0d{\x0b\xe3\x09<\x08\x8b\
\x06\xd0\x04\x0f\x03J\x01\x84\xff\xbe\xfd\xfb\xfb?\xfa\x8a\
\xf8\xe1\xf6E\xf5\xb8\xf3>\xf2\xd6\xf0\x85\xefK\xee+\
\xed%\xec<\xebq\xea\xc4\xe97\xe9\xca\xe8\x7f\xe8U\
\xe8M\xe8f\xe8\xa1\xe8\xfd\xe8z\xe9\x16\xea\xd2\xea\xac\
\xeb\xa3\xec\xb5\xed\xe1\xee%\xf0\x7f\xf1\xee\xf2o\xf4\x01\
\xf6\xa0\xf7K\xf9\x00\xfb\xbb\xfc{\xfe<\x00\xfd\x01\xbb\
\x03s\x05$\x07\xca\x08c\x0a\xee\x0bg\x0d\xcd\x0e\x1d\
\x10W\x11x\x12~\x13i\x146\x15\xe5\x15u\x16\xe5\
\x164\x17b\x17o\x17[\x17%\x17\xcf\x16X\x16\xc1\
\x15\x0c\x159\x14I\x13=\x12\x18\x11\xdb\x0f\x88\x0e \
\x0d\xa5\x0b\x1b\x0a\x82\x08\xdd\x06/\x05y\x03\xbf\x01\x02\
\x00G\xfe\x8e\xfc\xd9\xfa-\xf9\x8a\xf7\xf3\xf5k\xf4\xf4\
\xf2\x8f\xf1?\xf0\x06\xef\xe5\xed\xde\xec\xf2\xeb#\xebq\
\xea\xdf\xe9l\xe9\x19\xe9\xe6\xe8\xd5\xe8\xe5\xe8\x15\xe9f\
\xe9\xd7\xe9h\xea\x17\xeb\xe3\xeb\xcd\xec\xd1\xed\xef\xee%\
\xf0r\xf1\xd3\xf2G\xf4\xcb\xf5^\xf7\xfc\xf8\xa4\xfaT\
\xfc\x09\xfe\xc0\xffv\x01+\x03\xdb\x04\x84\x06$\x08\xb8\
\x09>\x0b\xb3\x0c\x17\x0ef\x0f\x9f\x10\xc0\x11\xc8\x12\xb5\
\x13\x85\x149\x15\xce\x15D\x16\x9b\x16\xd1\x16\xe7\x16\xdc\
\x16\xb1\x16e\x16\xfa\x15o\x15\xc6\x14\x00\x14\x1d\x13 \
\x12\x08\x11\xd9\x0f\x93\x0e8\x0d\xcb\x0bN\x0a\xc2\x08*\
\x07\x87\x05\xde\x03.\x02}\x00\xcb\xfe\x1b\xfdn\xfb\xc9\
\xf9-\xf8\x9c\xf6\x18\xf5\xa5\xf3C\xf2\xf5\xf0\xbc\xef\x9b\
\xee\x92\xed\xa4\xec\xd2\xeb\x1c\xeb\x84\xea\x0b\xea\xb1\xe9w\
\xe9]\xe9c\xe9\x8a\xe9\xd0\xe95\xea\xba\xea]\xeb\x1d\
\xec\xf9\xec\xf1\xed\x01\xef*\xf0i\xf1\xbd\xf2#\xf4\x9a\
\xf5 \xf7\xb2\xf8N\xfa\xf2\xfb\x9c\xfdI\xff\xf5\x00\xa1\
\x02I\x04\xeb\x05\x84\x07\x12\x09\x93\x0a\x05\x0ce\x0d\xb2\
\x0e\xeb\x0f\x0c\x11\x15\x12\x04\x13\xd8\x13\x8f\x14*\x15\xa6\
\x15\x03\x16A\x16_\x16^\x16<\x16\xfb\x15\x9b\x15\x1c\
\x15\x7f\x14\xc5\x13\xef\x12\xff\x11\xf4\x10\xd2\x0f\x9a\x0eM\
\x0d\xed\x0b|\x0a\xfd\x08q\x07\xdb\x05=\x04\x99\x02\xf1\
\x00I\xff\xa2\xfd\xfe\xfb`\xfa\xca\xf8?\xf7\xc1\xf5Q\
\xf4\xf2\xf2\xa6\xf1n\xf0M\xefC\xeeS\xed~\xec\xc4\
\xeb(\xeb\xa9\xeaH\xea\x07\xea\xe4\xe9\xe2\xe9\xfe\xe9:\
\xea\x95\xea\x0e\xeb\xa5\xebY\xec)\xed\x13\xee\x17\xef2\
\xf0d\xf1\xab\xf2\x04\xf4n\xf5\xe7\xf6m\xf8\xfd\xf9\x96\
\xfb4\xfd\xd7\xfez\x00\x1d\x02\xbc\x03V\x05\xe9\x06q\
\x08\xed\x09[\x0b\xb8\x0c\x04\x0e;\x0f\x5c\x10f\x11W\
\x12-\x13\xe9\x13\x87\x14\x09\x15m\x15\xb2\x15\xd8\x15\xdf\
\x15\xc7\x15\x90\x15;\x15\xc7\x146\x14\x88\x13\xbf\x12\xdb\
\x11\xde\x10\xc8\x0f\x9d\x0e]\x0d\x0a\x0c\xa6\x0a3\x09\xb4\
\x07)\x06\x97\x04\xfd\x02`\x01\xc2\xff$\xfe\x88\xfc\xf2\
\xfac\xf9\xdd\xf7d\xf6\xf8\xf4\x9c\xf3R\xf2\x1c\xf1\xfb\
\xef\xf1\xee\xff\xed'\xedj\xec\xc9\xebE\xeb\xde\xea\x95\
\xeak\xea`\xeas\xea\xa5\xea\xf5\xead\xeb\xef\xeb\x97\
\xecZ\xed8\xee/\xef>\xf0c\xf1\x9c\xf2\xe9\xf3F\
\xf5\xb3\xf6-\xf8\xb1\xf9>\xfb\xd2\xfcj\xfe\x04\x00\x9e\
\x015\x03\xc8\x04S\x06\xd6\x07M\x09\xb6\x0a\x10\x0cY\
\x0d\x8f\x0e\xb0\x0f\xba\x10\xac\x11\x86\x12D\x13\xe8\x13n\
\x14\xd8\x14$\x15R\x15a\x15S\x15%\x15\xda\x14q\
\x14\xec\x13I\x13\x8c\x12\xb4\x11\xc4\x10\xbb\x0f\x9c\x0ei\
\x0d#\x0c\xcc\x0ae\x09\xf2\x07s\x06\xeb\x04]\x03\xca\
\x014\x00\xa0\xfe\x0d\xfd~\xfb\xf6\xf9v\xf8\x02\xf7\x9a\
\xf5B\xf4\xfa\xf2\xc5\xf1\xa5\xf0\x9a\xef\xa7\xee\xcd\xed\x0d\
\xedh\xec\xde\xebr\xeb\x22\xeb\xf1\xea\xdd\xea\xe8\xea\x10\
\xebV\xeb\xba\xeb:\xec\xd7\xec\x8e\xed`\xeeJ\xefM\
\xf0e\xf1\x92\xf2\xd2\xf3#\xf5\x84\xf6\xf1\xf7j\xf9\xec\
\xfau\xfc\x03\xfe\x94\xff$\x01\xb3\x02>\x04\xc3\x05?\
\x07\xb1\x08\x16\x0am\x0b\xb3\x0c\xe7\x0d\x07\x0f\x12\x10\x06\
\x11\xe1\x11\xa3\x12J\x13\xd6\x13E\x14\x97\x14\xcd\x14\xe4\
\x14\xde\x14\xba\x14y\x14\x1a\x14\x9f\x13\x09\x13W\x12\x8b\
\x11\xa7\x10\xab\x0f\x98\x0er\x0d8\x0c\xed\x0a\x92\x09+\
\x08\xb8\x06;\x05\xb7\x03.\x02\xa3\x00\x17\xff\x8c\xfd\x05\
\xfc\x84\xfa\x0a\xf9\x9b\xf78\xf6\xe3\xf4\x9e\xf3k\xf2K\
\xf1@\xf0L\xefp\xee\xad\xed\x04\xedv\xec\x04\xec\xae\
\xebv\xebZ\xeb\x5c\xeb|\xeb\xb8\xeb\x11\xec\x87\xec\x18\
\xed\xc4\xed\x8a\xeei\xef_\xf0k\xf1\x8c\xf2\xbf\xf3\x04\
\xf5Y\xf6\xba\xf7(\xf9\x9f\xfa\x1d\xfc\xa1\xfd(\xff\xaf\
\x006\x02\xb9\x037\x05\xad\x06\x1a\x08{\x09\xce\x0a\x12\
\x0cD\x0dc\x0en\x0fb\x10@\x11\x04\x12\xaf\x12?\
\x13\xb4\x13\x0c\x14H\x14g\x14i\x14N\x14\x17\x14\xc2\
\x13R\x13\xc6\x12 \x12`\x11\x87\x10\x97\x0f\x91\x0ev\
\x0dI\x0c\x0a\x0b\xbb\x09_\x08\xf7\x06\x86\x05\x0d\x04\x8e\
\x02\x0c\x01\x89\xff\x07\xfe\x87\xfc\x0d\xfb\x99\xf90\xf8\xd1\
\xf6\x80\xf5>\xf4\x0c\xf3\xed\xf1\xe3\xf0\xee\xef\x10\xefJ\
\xee\x9e\xed\x0c\xed\x95\xec9\xec\xfa\xeb\xd7\xeb\xd1\xeb\xe7\
\xeb\x1a\xecj\xec\xd5\xec[\xed\xfc\xed\xb7\xee\x89\xeft\
\xf0t\xf1\x88\xf2\xb0\xf3\xe9\xf42\xf6\x88\xf7\xea\xf8V\
\xfa\xca\xfbD\xfd\xc2\xfe@\x00\xbe\x01:\x03\xb1\x04!\
\x06\x88\x07\xe4\x084\x0at\x0b\xa5\x0c\xc3\x0d\xcd\x0e\xc2\
\x0f\xa1\x10h\x11\x16\x12\xaa\x12$\x13\x82\x13\xc5\x13\xeb\
\x13\xf5\x13\xe3\x13\xb4\x13j\x13\x04\x13\x82\x12\xe7\x112\
\x11e\x10\x81\x0f\x87\x0ex\x0dV\x0c#\x0b\xe0\x09\x90\
\x083\x07\xcc\x05]\x04\xe9\x02p\x01\xf6\xff|\xfe\x04\
\xfd\x91\xfb$\xfa\xbf\xf8e\xf7\x18\xf6\xd9\xf4\xa9\xf3\x8c\
\xf2\x82\xf1\x8c\xf0\xad\xef\xe5\xee5\xee\x9f\xed#\xed\xc2\
\xec}\xecS\xecE\xecS\xec}\xec\xc3\xec$\xed\xa0\
\xed6\xee\xe5\xee\xad\xef\x8b\xf0\x80\xf1\x89\xf2\xa5\xf3\xd2\
\xf4\x0f\xf6Z\xf7\xb1\xf8\x12\xfa|\xfb\xec\xfc`\xfe\xd6\
\xffK\x01\xbf\x02/\x04\x99\x05\xfb\x06R\x08\x9e\x09\xdb\
\x0a\x09\x0c&\x0d0\x0e&\x0f\x06\x10\xcf\x10\x80\x11\x18\
\x12\x96\x12\xfa\x12B\x13p\x13\x81\x13w\x13Q\x13\x10\
\x13\xb4\x12=\x12\xac\x11\x03\x11A\x10h\x0fy\x0ev\
\x0d`\x0c8\x0b\x01\x0a\xbc\x08j\x07\x0e\x06\xa9\x04?\
\x03\xcf\x01^\x00\xed\xfe|\xfd\x10\xfc\xa9\xfaJ\xf9\xf5\
\xf7\xac\xf6p\xf5C\xf4'\xf3\x1d\xf2'\xf1G\xf0}\
\xef\xca\xee1\xee\xb0\xedJ\xed\xfe\xec\xce\xec\xb8\xec\xbf\
\xec\xe0\xec\x1d\xedt\xed\xe6\xedr\xee\x16\xef\xd2\xef\xa6\
\xf0\x8f\xf1\x8c\xf2\x9d\xf3\xbe\xf4\xf0\xf50\xf7|\xf8\xd3\
\xf92\xfb\x98\xfc\x03\xfep\xff\xdd\x00I\x02\xb2\x03\x16\
\x05r\x06\xc5\x07\x0c\x09G\x0ar\x0b\x8d\x0c\x97\x0d\x8c\
\x0em\x0f8\x10\xec\x10\x88\x11\x0a\x12s\x12\xc1\x12\xf5\
\x12\x0e\x13\x0c\x13\xee\x12\xb6\x12c\x12\xf6\x11p\x11\xd1\
\x10\x1a\x10L\x0fi\x0eq\x0df\x0cJ\x0b\x1e\x0a\xe3\
\x08\x9d\x07K\x06\xf1\x04\x90\x03*\x02\xc1\x00X\xff\xf0\
\xfd\x8a\xfc*\xfb\xd1\xf9\x80\xf8;\xf7\x02\xf6\xd8\xf4\xbd\
\xf3\xb5\xf2\xbf\xf1\xde\xf0\x12\xf0]\xef\xc0\xee;\xee\xd0\
\xed\x7f\xedH\xed+\xed*\xedC\xedw\xed\xc5\xed-\
\xee\xaf\xeeI\xef\xfa\xef\xc3\xf0\xa1\xf1\x93\xf2\x98\xf3\xaf\
\xf4\xd5\xf5\x0a\xf7L\xf8\x98\xf9\xed\xfaI\xfc\xaa\xfd\x0f\
\xfft\x00\xd8\x01:\x03\x97\x04\xee\x05<\x07\x7f\x08\xb6\
\x09\xdf\x0a\xf9\x0b\x01\x0d\xf7\x0d\xd8\x0e\xa5\x0f[\x10\xfa\
\x10\x80\x11\xee\x11B\x12|\x12\x9b\x12\xa1\x12\x8b\x12\x5c\
\x12\x12\x12\xaf\x112\x11\x9d\x10\xf1\x0f.\x0fV\x0ei\
\x0di\x0cX\x0b7\x0a\x07\x09\xcb\x07\x84\x064\x05\xdd\
\x03\x80\x02 \x01\xbf\xff_\xfe\x00\xfd\xa6\xfbS\xfa\x07\
\xf9\xc6\xf7\x91\xf6i\xf5P\xf4I\xf3S\xf2q\xf1\xa4\
\xf0\xed\xefM\xef\xc4\xeeT\xee\xfe\xed\xc1\xed\x9e\xed\x95\
\xed\xa6\xed\xd2\xed\x17\xeev\xee\xed\xee}\xef$\xf0\xe2\
\xf0\xb5\xf1\x9c\xf2\x96\xf3\xa2\xf4\xbe\xf5\xe8\xf6\x1f\xf8a\
\xf9\xac\xfa\xff\xfbW\xfd\xb2\xfe\x0f\x00l\x01\xc7\x02\x1d\
\x04n\x05\xb7\x06\xf6\x07*\x09P\x0ag\x0bo\x0cd\
\x0dF\x0e\x14\x0f\xcc\x0fn\x10\xf8\x10j\x11\xc3\x11\x03\
\x12)\x126\x12(\x12\x01\x12\xc0\x11f\x11\xf3\x10h\
\x10\xc6\x0f\x0e\x0f@\x0e^\x0di\x0cc\x0bM\x0a(\
\x09\xf6\x07\xb9\x06s\x05%\x04\xd2\x02z\x01!\x00\xc9\
\xfeq\xfd\x1e\xfc\xd0\xfa\x8a\xf9M\xf8\x1b\xf7\xf6\xf5\xe0\
\xf4\xd9\xf3\xe4\xf2\x02\xf23\xf1z\xf0\xd7\xefK\xef\xd7\
\xee|\xee9\xee\x10\xee\x00\xee\x0a\xee-\xeei\xee\xbf\
\xee-\xef\xb3\xefP\xf0\x03\xf1\xcc\xf1\xa9\xf2\x98\xf3\x99\
\xf4\xaa\xf5\xca\xf6\xf6\xf7.\xf9o\xfa\xb8\xfb\x07\xfdZ\
\xfe\xaf\xff\x04\x01X\x02\xa8\x03\xf3\x047\x06q\x07\xa1\
\x08\xc5\x09\xda\x0a\xe0\x0b\xd5\x0c\xb7\x0d\x86\x0e@\x0f\xe4\
\x0fr\x10\xe8\x10F\x11\x8b\x11\xb8\x11\xcb\x11\xc5\x11\xa6\
\x11m\x11\x1c\x11\xb2\x101\x10\x99\x0f\xeb\x0e(\x0eP\
\x0df\x0cj\x0b_\x0aD\x09\x1d\x08\xea\x06\xae\x05i\
\x04\x1f\x03\xd0\x01\x7f\x00/\xff\xde\xfd\x91\xfcI\xfb\x08\
\xfa\xd0\xf8\xa2\xf7\x80\xf6k\xf5f\xf4r\xf3\x8f\xf2\xc0\
\xf1\x05\xf1`\xf0\xd0\xefX\xef\xf8\xee\xb0\xee\x81\xeej\
\xeem\xee\x88\xee\xbc\xee\x09\xefn\xef\xeb\xef~\xf0'\
\xf1\xe5\xf1\xb8\xf2\x9c\xf3\x93\xf4\x9a\xf5\xaf\xf6\xd1\xf7\xff\
\xf86\xfav\xfb\xbc\xfc\x06\xfeS\xff\xa0\x00\xed\x017\
\x03|\x04\xba\x05\xf1\x06\x1d\x08=\x09P\x0aU\x0bI\
\x0c+\x0d\xfb\x0d\xb7\x0e]\x0f\xee\x0fh\x10\xca\x10\x15\
\x11G\x11a\x11b\x11J\x11\x1a\x11\xd1\x10q\x10\xf9\
\x0fk\x0f\xc6\x0e\x0d\x0e@\x0d`\x0co\x0bm\x0a]\
\x09@\x08\x17\x07\xe4\x05\xa9\x04h\x03\x22\x02\xd9\x00\x90\
\xffG\xfe\x00\xfd\xbe\xfb\x82\xfaN\xf9$\xf8\x05\xf7\xf3\
\xf5\xf0\xf4\xfc\xf3\x1a\xf3J\xf2\x8d\xf1\xe6\xf0S\xf0\xd8\
\xefs\xef&\xef\xf1\xee\xd4\xee\xcf\xee\xe3\xee\x10\xefT\
\xef\xb0\xef$\xf0\xad\xf0M\xf1\x01\xf2\xc9\xf2\xd7\xf7\xed\
\xfc\xfe\x01\x02\x07\xee\x0b\xb7\x10T\x15\xbb\x19\xe4\x1d\xc5\
!X%\x95(w+\xf7-\x120\xc31\x083\xdf\
3G4A4\xcc3\xec2\xa41\xf5/\xe6-|\
+\xbc(\xae%X\x22\xc3\x1e\xf6\x1a\xfc\x16\xdc\x12\xa1\
\x0eS\x0a\xfd\x05\xa7\x01]\xfd&\xf9\x0b\xf5\x16\xf1N\
\xed\xbd\xe9h\xe6W\xe3\x90\xe0\x18\xde\xf4\xdb(\xda\xb7\
\xd8\xa2\xd7\xec\xd6\x94\xd6\x9b\xd6\xff\xd6\xbf\xd7\xd7\xd8E\
\xda\x03\xdc\x0c\xde\x5c\xe0\xec\xe2\xb5\xe5\xb1\xe8\xd7\xeb\x1f\
\xef\x83\xf2\xf8\xf5x\xf9\xf9\xfcs\x00\xde\x033\x07i\
\x0ay\x0d]\x10\x0d\x13\x83\x15\xbc\x17\xb1\x19^\x1b\xc1\
\x1c\xd7\x1d\x9e\x1e\x15\x1f;\x1f\x11\x1f\x98\x1e\xd3\x1d\xc3\
\x1cl\x1b\xd2\x19\xfb\x17\xea\x15\xa6\x135\x11\x9d\x0e\xe5\
\x0b\x15\x094\x06J\x03]\x00w\xfd\x9d\xfa\xd7\xf7,\
\xf5\xa4\xf2D\xf0\x13\xee\x17\xecS\xea\xcd\xe8\x88\xe7\x88\
\xe6\xcf\xe5_\xe59\xe5]\xe5\xcb\xe5\x82\xe6\x80\xe7\xc2\
\xe8F\xea\x07\xec\x01\xee.\xf0\x8a\xf2\x0f\xf5\xb5\xf7v\
\xfaL\xfd-\x00\x14\x03\xfa\x05\xd5\x08\xa0\x0bS\x0e\xe6\
\x10R\x13\x92\x15\x9f\x17t\x19\x0b\x1b`\x1cp\x1d6\
\x1e\xb0\x1e\xdc\x1e\xba\x1eH\x1e\x88\x1dz\x1c \x1b}\
\x19\x94\x17h\x15\x00\x13_\x10\x8d\x0d\x8e\x0aj\x07)\
\x04\xd1\x00k\xfd\xfe\xf9\x93\xf61\xf3\xe1\xef\xab\xec\x97\
\xe9\xac\xe6\xf3\xe3p\xe1,\xdf-\xddv\xdb\x0e\xda\xf9\
\xd89\xd8\xd2\xd7\xc5\xd7\x14\xd8\xbe\xd8\xc3\xd9#\xdb\xd9\
\xdc\xe5\xdeA\xe1\xea\xe3\xda\xe6\x0b\xeaw\xed\x16\xf1\xe2\
\xf4\xd2\xf8\xde\xfc\xfb\x00$\x05M\x09o\x0d~\x11t\
\x15F\x19\xec\x1c] \x92#\x83&))~+|\
-\x1d/_0<1\xb41\xc31h1\xa50z\
/\xe7-\xf1+\x9b)\xe9&\xdf#\x85 \xe0\x1c\xf8\
\x18\xd5\x14\x7f\x10\xff\x0b_\x07\xa7\x02\xe3\xfd\x1a\xf9Y\
\xf4\xa8\xef\x12\xeb\xa0\xe6]\xe2P\xde\x84\xda\x00\xd7\xcb\
\xd3\xee\xd0m\xceP\xcc\x9a\xcaP\xc9t\xc8\x09\xc8\x10\
\xc8\x8a\xc8u\xc9\xd0\xca\x99\xcc\xcc\xcef\xd1_\xd4\xb4\
\xd7]\xdbR\xdf\x8c\xe3\x03\xe8\xac\xec~\xf1p\xf6w\
\xfb\x88\x00\x9b\x05\xa3\x0a\x97\x0fl\x14\x18\x19\x93\x1d\xd1\
!\xcb%y)\xd3,\xd1/n2\xa54q6\xce\
7\xba82979\xc88\xe67\x936\xd24\xa7\
2\x170'-\xdd)@&Y\x22.\x1e\xca\x195\
\x15x\x10\x9f\x0b\xb2\x06\xbc\x01\xc9\xfc\xe0\xf7\x0d\xf3Z\
\xee\xd0\xe9x\xe5\x5c\xe1\x83\xdd\xf5\xd9\xba\xd6\xd7\xd3S\
\xd11\xcfv\xcd&\xccA\xcb\xca\xca\xc0\xca$\xcb\xf3\
\xcb,\xcd\xcb\xce\xcd\xd0,\xd3\xe2\xd5\xea\xd8=\xdc\xd3\
\xdf\xa5\xe3\xa9\xe7\xd7\xeb%\xf0\x8c\xf4\x00\xf9x\xfd\xeb\
\x01P\x06\x9d\x0a\xca\x0e\xce\x12\xa0\x169\x1a\x92\x1d\xa3\
 h#\xdb%\xf7'\xb9)\x1d+\x22,\xc6,\x09\
-\xeb,m,\x92+\x5c*\xcf(\xee&\xc0$I\
\x22\x90\x1f\x9b\x1cr\x19\x1c\x16\xa1\x12\x09\x0f\x5c\x0b\xa3\
\x07\xe7\x03/\x00\x84\xfc\xee\xf8u\xf5 \xf2\xf6\xee\xff\
\xeb@\xe9\xbe\xe6\x80\xe4\x88\xe2\xdb\xe0}\xdfn\xde\xb1\
\xddF\xdd-\xddf\xdd\xee\xdd\xc5\xde\xe7\xdfP\xe1\xfc\
\xe2\xe6\xe4\x0a\xe7a\xe9\xe5\xeb\x90\xee[\xf1?\xf44\
\xf73\xfa5\xfd1\x00\x22\x03\x00\x06\xc5\x08i\x0b\xe6\
\x0d8\x10W\x12@\x14\xee\x15^\x17\x8d\x18w\x19\x1c\
\x1a{\x1a\x92\x1ac\x1a\xef\x196\x19<\x18\x03\x17\x90\
\x15\xe5\x13\x08\x12\xfd\x0f\xcb\x0dw\x0b\x08\x09\x83\x06\xf0\
\x03U\x01\xba\xfe#\xfc\x9a\xf9$\xf7\xc7\xf4\x8a\xf2s\
\xf0\x87\xee\xcb\xecD\xeb\xf6\xe9\xe4\xe8\x11\xe8\x7f\xe71\
\xe7&\xe7`\xe7\xde\xe7\x9f\xe8\xa1\xe9\xe3\xea`\xec\x15\
\xee\x00\xf0\x19\xf2^\xf4\xc7\xf6O\xf9\xf0\xfb\xa4\xfeb\
\x01%\x04\xe6\x06\x9e\x09E\x0c\xd5\x0eH\x11\x96\x13\xba\
\x15\xad\x17l\x19\xf0\x1a5\x1c9\x1d\xf7\x1dl\x1e\x99\
\x1ey\x1e\x0f\x1eY\x1dY\x1c\x10\x1b\x80\x19\xad\x17\x9b\
\x15L\x13\xc7\x10\x11\x0e/\x0b'\x08\x02\x05\xc5\x01y\
\xfe$\xfb\xce\xf7~\xf4=\xf1\x13\xee\x07\xeb\x1f\xe8d\
\xe5\xdd\xe2\x8e\xe0~\xde\xb3\xdc2\xdb\xfe\xd9\x1a\xd9\x8b\
\xd8Q\xd8o\xd8\xe5\xd8\xb2\xd9\xd7\xdaP\xdc\x1c\xde7\
\xe0\x9e\xe2L\xe5;\xe8g\xeb\xc7\xeeV\xf2\x0d\xf6\xe2\
\xf9\xcf\xfd\xca\x01\xcc\x05\xcb\x09\xc0\x0d\xa1\x11f\x15\x07\
\x19z\x1c\xba\x1f\xbd\x22~%\xf6'\x1f*\xf4+q\
-\x91.S/\xb2/\xaf/H/~.R-\xc6\
+\xdc)\x98'\xfe$\x13\x22\xde\x1ed\x1b\xac\x17\xbe\
\x13\xa2\x0fa\x0b\x02\x07\x8f\x02\x12\xfe\x93\xf9\x1c\xf5\xb7\
\xf0k\xecD\xe8H\xe4\x82\xe0\xf8\xdc\xb3\xd9\xb9\xd6\x11\
\xd4\xc1\xd1\xcd\xcf:\xce\x0b\xcdC\xcc\xe4\xcb\xee\xcbc\
\xccA\xcd\x86\xce0\xd0<\xd2\xa6\xd4h\xd7~\xda\xe0\
\xdd\x88\xe1n\xe5\x8b\xe9\xd6\xedE\xf2\xd1\xf6o\xfb\x15\
\x00\xbb\x04W\x09\xe0\x0dK\x12\x91\x16\xa7\x1a\x86\x1e&\
\x22\x7f%\x8b(D+\xa3-\xa5/E1\x802T\
3\xc03\xc23[3\x8d2X1\xc1/\xca-x\
+\xcf(\xd7%\x95\x22\x10\x1fP\x1b\x5c\x17>\x13\xfe\
\x0e\xa4\x0a;\x06\xcb\x01^\xfd\xfc\xf8\xaf\xf4\x7f\xf0v\
\xec\x9b\xe8\xf6\xe4\x8e\xe1k\xde\x92\xdb\x09\xd9\xd4\xd6\xf9\
\xd4y\xd3X\xd2\x97\xd18\xd1:\xd1\x9d\xd1_\xd2~\
\xd3\xf7\xd4\xc5\xd6\xe6\xd8S\xdb\x07\xde\xfb\xe0)\xe4\x8a\
\xe7\x15\xeb\xc3\xee\x8c\xf2g\xf6L\xfa3\xfe\x12\x02\xe3\
\x05\x9d\x098\x0d\xad\x10\xf4\x13\x06\x17\xdf\x19w\x1c\xcb\
\x1e\xd5 \x92\x22\xff#\x1a%\xe1%S&p&9\
&\xaf%\xd5$\xad#:\x22\x81 \x86\x1eO\x1c\xe0\
\x19A\x17w\x14\x8a\x11\x81\x0ea\x0b4\x08\x01\x05\xce\
\x01\xa4\xfe\x89\xfb\x84\xf8\x9c\xf5\xd7\xf2<\xf0\xd0\xed\x97\
\xeb\x98\xe9\xd5\xe7R\xe6\x12\xe5\x17\xe4b\xe3\xf5\xe2\xd0\
\xe2\xf2\xe2Y\xe3\x05\xe4\xf3\xe4\x1f\xe6\x87\xe7&\xe9\xf8\
\xea\xf7\xec\x1e\xefh\xf1\xcf\xf3K\xf6\xd8\xf8n\xfb\x06\
\xfe\x9a\x00%\x03\xa0\x05\x03\x08K\x0ap\x0cn\x0e@\
\x10\xe2\x11P\x13\x87\x14\x83\x15C\x16\xc5\x16\x08\x17\x0c\
\x17\xd1\x16X\x16\xa2\x15\xb2\x14\x8a\x13.\x12\xa0\x10\xe6\
\x0e\x04\x0d\xfe\x0a\xdb\x08\x9f\x06Q\x04\xf7\x01\x98\xff8\
\xfd\xde\xfa\x91\xf8V\xf64\xf4/\xf2N\xf0\x96\xee\x0b\
\xed\xb0\xeb\x8b\xea\x9e\xe9\xec\xe8w\xe8A\xe8J\xe8\x93\
\xe8\x1b\xe9\xe2\xe9\xe5\xea$\xec\x9b\xedF\xef#\xf1,\
\xf3]\xf5\xb2\xf7#\xfa\xac\xfcF\xff\xea\x01\x94\x04;\
\x07\xda\x09j\x0c\xe5\x0eC\x11\x80\x13\x94\x15|\x171\
\x19\xaf\x1a\xf2\x1b\xf6\x1c\xb9\x1d7\x1en\x1e^\x1e\x05\
\x1ed\x1d|\x1cM\x1b\xda\x19&\x183\x16\x05\x14\xa2\
\x11\x0d\x0fM\x0cg\x09a\x06C\x03\x12\x00\xd7\xfc\x97\
\xf9[\xf6*\xf3\x0b\xf0\x05\xed \xeab\xe7\xd2\xe4v\
\xe2S\xe0p\xde\xd1\xdcz\xdbo\xda\xb2\xd9G\xd9.\
\xd9i\xd9\xf9\xd9\xdb\xda\x11\xdc\x96\xddi\xdf\x87\xe1\xeb\
\xe3\x91\xe6t\xe9\x8e\xec\xd8\xefL\xf3\xe3\xf6\x96\xfa\x5c\
\xfe,\x02\x02\x06\xd2\x09\x96\x0dE\x11\xd7\x14E\x18\x86\
\x1b\x94\x1eh!\xfb#H&I(\xfb)W+]\
,\x08-W-H-\xdd,\x14,\xef*q)\x9b\
'q%\xf8\x225 ,\x1d\xe4\x19d\x16\xb2\x12\xd6\
\x0e\xd8\x0a\xc1\x06\x98\x02g\xfe6\xfa\x0d\xf6\xf5\xf1\xf7\
\xed\x1b\xeai\xe6\xe9\xe2\xa3\xdf\x9d\xdc\xdd\xd9i\xd7G\
\xd5{\xd3\x09\xd2\xf4\xd0=\xd0\xe8\xcf\xf4\xcfa\xd0/\
\xd1\x5c\xd2\xe5\xd3\xc8\xd5\x00\xd8\x89\xda^\xddx\xe0\xd1\
\xe3c\xe7%\xeb\x11\xef\x1e\xf3C\xf7x\xfb\xb4\xff\xee\
\x03\x1f\x08=\x0c?\x10\x1f\x14\xd2\x17S\x1b\x9a\x1e\xa0\
!`$\xd3&\xf5(\xc2*7,P-\x0c.j\
.i.\x09.L-4,\xc3*\xfd(\xe6&\x82\
$\xd7!\xea\x1e\xc3\x1bh\x18\xe0\x144\x11j\x0d\x8a\
\x09\x9e\x05\xad\x01\xc1\xfd\xe0\xf9\x12\xf6`\xf2\xd2\xeen\
\xeb;\xe8@\xe5\x83\xe2\x08\xe0\xd6\xdd\xef\xdbW\xda\x11\
\xd9 \xd8\x84\xd7=\xd7M\xd7\xb2\xd7j\xd8s\xd9\xcb\
\xdan\xdcW\xde\x82\xe0\xea\xe2\x88\xe5W\xe8Q\xebn\
\xee\xa7\xf1\xf5\xf4Q\xf8\xb4\xfb\x15\xffl\x02\xb5\x05\xe7\
\x08\xfb\x0b\xeb\x0e\xb1\x11H\x14\xa9\x16\xd1\x18\xbb\x1ac\
\x1c\xc7\x1d\xe5\x1e\xba\x1fE \x87 \x7f / \x97\
\x1f\xba\x1e\x9c\x1d>\x1c\xa6\x1a\xd7\x18\xd6\x16\xa8\x14S\
\x12\xdd\x0fL\x0d\xa7\x0a\xf2\x076\x05x\x02\xc1\xff\x14\
\xfdx\xfa\xf4\xf7\x8e\xf5J\xf3-\xf1=\xef~\xed\xf2\
\xeb\x9e\xea\x84\xe9\xa5\xe8\x04\xe8\xa1\xe7}\xe7\x96\xe7\xed\
\xe7\x80\xe8M\xe9Q\xea\x89\xeb\xf2\xec\x87\xeeE\xf0&\
\xf2&\xf4?\xf6k\xf8\xa5\xfa\xe8\xfc,\xffl\x01\xa4\
\x03\xcd\x05\xe1\x07\xdc\x09\xb8\x0bp\x0d\x01\x0ff\x10\x9d\
\x11\xa1\x12q\x13\x0a\x14k\x14\x94\x14\x84\x14:\x14\xb9\
\x13\x01\x13\x14\x12\xf5\x10\xa6\x0f+\x0e\x88\x0c\xc1\x0a\xdb\
\x08\xda\x06\xc3\x04\x9c\x02k\x006\xfe\x01\xfc\xd3\xf9\xb0\
\xf7\xa0\xf5\xa7\xf3\xcb\xf1\x10\xf0{\xee\x11\xed\xd6\xeb\xcc\
\xea\xf7\xe9Z\xe9\xf6\xe8\xcd\xe8\xe0\xe8/\xe9\xba\xe9\x81\
\xea\x80\xeb\xb8\xec%\xee\xc4\xef\x92\xf1\x8b\xf3\xaa\xf5\xeb\
\xf7H\xfa\xbc\xfcA\xff\xd1\x01f\x04\xfb\x06\x88\x09\x08\
\x0cu\x0e\xc8\x10\xfc\x12\x0b\x15\xef\x16\xa5\x18'\x1ar\
\x1b\x81\x1cQ\x1d\xe1\x1d-\x1e5\x1e\xf8\x1du\x1d\xae\
\x1c\xa2\x1bT\x1a\xc6\x18\xfb\x16\xf6\x14\xbb\x12P\x10\xb7\
\x0d\xf8\x0a\x18\x08\x1d\x05\x0d\x02\xf0\xfe\xca\xfb\xa5\xf8\x86\
\xf5u\xf2y\xef\x98\xec\xd8\xe9B\xe7\xd9\xe4\xa5\xe2\xa9\
\xe0\xec\xder\xdd=\xdcR\xdb\xb3\xdab\xda`\xda\xae\
\xdaL\xdb9\xdct\xdd\xfb\xde\xca\xe0\xdf\xe26\xe5\xca\
\xe7\x96\xea\x94\xed\xbf\xf0\x0f\xf4\x7f\xf7\x07\xfb\x9f\xfe@\
\x02\xe3\x05\x80\x09\x10\x0d\x8a\x10\xe7\x13 \x17.\x1a\x0b\
\x1d\xb0\x1f\x17\x22;$\x17&\xa8'\xe9(\xd7)p\
*\xb4*\xa0*5*r)[(\xf0&4%+\
#\xd9 A\x1ej\x1bZ\x18\x15\x15\xa4\x11\x0d\x0eW\
\x0a\x8b\x06\xaf\x02\xcd\xfe\xeb\xfa\x12\xf7J\xf3\x9b\xef\x0c\
\xec\xa4\xe8l\xe5h\xe2\xa1\xdf\x1b\xdd\xdb\xda\xe7\xd8B\
\xd7\xf0\xd5\xf3\xd4M\xd4\x00\xd4\x0c\xd4r\xd4/\xd5C\
\xd6\xaa\xd7c\xd9j\xdb\xb9\xddM\xe0 \xe3+\xe6i\
\xe9\xd2\xec`\xf0\x0b\xf4\xcc\xf7\x9a\xfbn\xff>\x03\x05\
\x07\xbb\x0aW\x0e\xd2\x11%\x15J\x189\x1b\xee\x1db\
 \x92\x22x$\x11&Z'Q(\xf5(D)>\
)\xe3(6(7'\xe9%P$o\x22K \xe8\
\x1dL\x1b}\x18\x81\x15^\x12\x1b\x0f\xc1\x0bT\x08\xde\
\x04e\x01\xf2\xfd\x8a\xfa5\xf7\xfa\xf3\xe0\xf0\xed\xed&\
\xeb\x92\xe86\xe6\x16\xe46\xe2\x9a\xe0D\xdf6\xdes\
\xdd\xfb\xdc\xcf\xdc\xee\xdcW\xdd\x09\xde\x02\xdf=\xe0\xba\
\xe1r\xe3c\xe5\x87\xe7\xd9\xe9S\xec\xf0\xee\xa9\xf1y\
\xf4X\xf7A\xfa,\xfd\x12\x00\xef\x02\xbb\x05q\x08\x0a\
\x0b\x82\x0d\xd2\x0f\xf6\x11\xea\x13\xaa\x153\x17\x81\x18\x93\
\x19f\x1a\xfa\x1aN\x1ba\x1b6\x1b\xcc\x1a%\x1aD\
\x19+\x18\xde\x16`\x15\xb5\x13\xe3\x11\xed\x0f\xd8\x0d\xab\
\x0bj\x09\x1c\x07\xc5\x04k\x02\x15\x00\xc9\xfd\x8a\xfb_\
\xf9M\xf7X\xf5\x86\xf3\xd9\xf1W\xf0\x02\xef\xdd\xed\xeb\
\xec-\xec\xa5\xebS\xeb9\xebU\xeb\xa7\xeb.\xec\xe8\
\xec\xd3\xed\xec\xee/\xf0\x9a\xf1)\xf3\xd6\xf4\x9f\xf6}\
\xf8m\xfah\xfcj\xfem\x00l\x02c\x04K\x06!\
\x08\xdf\x09\x80\x0b\x01\x0d]\x0e\x91\x0f\x9b\x10v\x11!\
\x12\x9a\x12\xe0\x12\xf2\x12\xd0\x12z\x12\xf0\x114\x11H\
\x10-\x0f\xe8\x0dy\x0c\xe6\x0a2\x09b\x07y\x05|\
\x03q\x01^\xffF\xfd/\xfb\x1e\xf9\x1a\xf7&\xf5I\
\xf3\x87\xf1\xe5\xefg\xee\x11\xed\xe7\xeb\xec\xea$\xea\x90\
\xe92\xe9\x0d\xe9 \xe9m\xe9\xf2\xe9\xb0\xea\xa6\xeb\xd1\
\xec/\xee\xbd\xefy\xf1_\xf3j\xf5\x96\xf7\xde\xf9=\
\xfc\xae\xfe+\x01\xae\x033\x06\xb2\x08&\x0b\x89\x0d\xd5\
\x0f\x05\x12\x14\x14\xfc\x15\xb8\x17D\x19\x9c\x1a\xbd\x1b\xa3\
\x1cK\x1d\xb4\x1d\xdb\x1d\xc1\x1dd\x1d\xc4\x1c\xe3\x1b\xc1\
\x1aa\x19\xc4\x17\xef\x15\xe4\x13\xa7\x11>\x0f\xac\x0c\xf8\
\x09&\x07=\x04C\x01?\xfe6\xfb/\xf81\xf5C\
\xf2j\xef\xae\xec\x15\xea\xa3\xe7`\xe5P\xe3x\xe1\xdc\
\xdf\x81\xdei\xdd\x97\xdc\x0f\xdc\xd0\xdb\xdd\xdb6\xdc\xda\
\xdc\xc9\xdd\x01\xdf\x7f\xe0B\xe2F\xe4\x87\xe6\x00\xe9\xad\
\xeb\x89\xee\x8c\xf1\xb3\xf4\xf5\xf7L\xfb\xb2\xfe\x1e\x02\x8b\
\x05\xf1\x08I\x0c\x8b\x0f\xb2\x12\xb5\x15\x90\x18;\x1b\xb1\
\x1d\xed\x1f\xe9!\xa2#\x14%;&\x15'\xa1'\xdc\
'\xc5'^'\xa7&\xa0%M$\xaf\x22\xc9 \xa1\
\x1e9\x1c\x98\x19\xc1\x16\xbc\x13\x8e\x10>\x0d\xd2\x09S\
\x06\xc6\x024\xff\xa3\xfb\x1b\xf8\xa3\xf4C\xf1\x01\xee\xe3\
\xea\xf2\xe71\xe5\xa8\xe2[\xe0O\xde\x89\xdc\x0a\xdb\xd7\
\xd9\xf3\xd8]\xd8\x19\xd8%\xd8\x82\xd8/\xd9*\xdaq\
\xdb\x02\xdd\xd8\xde\xef\xe0D\xe3\xd1\xe5\x91\xe8}\xeb\x90\
\xee\xc3\xf1\x10\xf5n\xf8\xd9\xfbG\xff\xb1\x02\x13\x06c\
\x09\x9c\x0c\xb6\x0f\xac\x12w\x15\x12\x18w\x1a\xa2\x1c\x8f\
\x1e: \xa0!\xbf\x22\x94#\x1e$]$P$\xf9\
#X#o\x22A!\xd0\x1f!\x1e7\x1c\x16\x1a\xc5\
\x17G\x15\xa2\x12\xdd\x0f\xfd\x0c\x0a\x0a\x08\x07\x00\x04\xf7\
\x00\xf5\xfd\xfe\xfa\x19\xf8N\xf5\xa0\xf2\x17\xf0\xb6\xed\x83\
\xeb\x82\xe9\xb8\xe7&\xe6\xd0\xe4\xb9\xe3\xe2\xe2L\xe2\xf9\
\xe1\xe7\xe1\x16\xe2\x86\xe25\xe3 \xe4E\xe5\xa1\xe6/\
\xe8\xed\xe9\xd5\xeb\xe3\xed\x12\xf0\x5c\xf2\xbd\xf4.\xf7\xaa\
\xf9+\xfc\xab\xfe#\x01\x91\x03\xed\x053\x08]\x0ag\
\x0cL\x0e\x09\x10\x9a\x11\xfc\x12,\x14(\x15\xee\x15}\
\x16\xd5\x16\xf5\x16\xdd\x16\x8f\x16\x0c\x16V\x15n\x14Y\
\x13\x18\x12\xb0\x10$\x0fx\x0d\xb1\x0b\xd4\x09\xe5\x07\xea\
\x05\xe6\x03\xe0\x01\xde\xff\xe1\xfd\xf2\xfb\x13\xfaJ\xf8\x9a\
\xf6\x09\xf5\x99\xf3N\xf2,\xf14\xf0h\xef\xcb\xee^\
\xee!\xee\x15\xee:\xee\x8f\xee\x12\xef\xc3\xef\xa0\xf0\xa5\
\xf1\xd0\xf2\x1e\xf4\x8c\xf5\x15\xf7\xb6\xf8j\xfa,\xfc\xf9\
\xfd\xcb\xff\x9d\x01k\x031\x05\xe9\x06\x8f\x08\x1e\x0a\x93\
\x0b\xe9\x0c\x1e\x0e-\x0f\x14\x10\xd0\x10`\x11\xc1\x11\xf3\
\x11\xf4\x11\xc5\x11e\x11\xd6\x10\x17\x10,\x0f\x16\x0e\xd8\
\x0cs\x0b\xed\x09G\x08\x87\x06\xb0\x04\xc7\x02\xd1\x00\xd2\
\xfe\xcf\xfc\xcd\xfa\xd1\xf8\xe1\xf6\x00\xf54\xf3\x82\xf1\xee\
\xef{\xee/\xed\x0c\xec\x16\xebO\xea\xbb\xe9Z\xe9.\
\xe99\xe9{\xe9\xf3\xe9\xa2\xea\x85\xeb\x9d\xec\xe6\xed^\
\xef\x03\xf1\xd1\xf2\xc4\xf4\xd8\xf6\x08\xf9P\xfb\xac\xfd\x13\
\x00\x85\x02\xf8\x04i\x07\xd2\x09,\x0cs\x0e\xa2\x10\xb2\
\x12\x9f\x14e\x16\xfe\x17h\x19\x9e\x1a\x9d\x1bb\x1c\xec\
\x1c7\x1dD\x1d\x12\x1d\x9f\x1c\xee\x1b\xfe\x1a\xd1\x19i\
\x18\xc9\x16\xf3\x14\xec\x12\xb8\x10Z\x0e\xd7\x0b6\x09z\
\x06\xaa\x03\xcc\x00\xe7\xfd\xfe\xfa\x1a\xf8@\xf5v\xf2\xc4\
\xef.\xed\xba\xeam\xe8N\xe6`\xe4\xa8\xe2+\xe1\xea\
\xdf\xeb\xde.\xde\xb6\xdd\x85\xdd\x9b\xdd\xf8\xdd\x9c\xde\x85\
\xdf\xb4\xe0$\xe2\xd4\xe3\xbf\xe5\xe4\xe7<\xea\xc5\xecw\
\xefO\xf2E\xf5U\xf8w\xfb\xa6\xfe\xda\x01\x0e\x05:\
\x08X\x0ba\x0eO\x11\x1c\x14\xc2\x16<\x19\x83\x1b\x94\
\x1dj\x1f\x01!U\x22e#-$\xab$\xe0$\xc9\
$h$\xbe#\xca\x22\x90!\x12 S\x1eV\x1c \
\x1a\xb5\x17\x1a\x15U\x12k\x0fc\x0cB\x09\x10\x06\xd2\
\x02\x90\xffP\xfc\x19\xf9\xf1\xf5\xdf\xf2\xe9\xef\x15\xedj\
\xea\xec\xe7\xa0\xe5\x8c\xe3\xb3\xe1\x19\xe0\xc1\xde\xad\xdd\xe1\
\xdc\x5c\xdc \xdc-\xdc\x83\xdc!\xdd\x05\xde-\xdf\x97\
\xe0?\xe2!\xe4:\xe6\x84\xe8\xfc\xea\x9a\xedZ\xf07\
\xf3)\xf6*\xf95\xfcB\xffK\x02K\x05;\x08\x14\
\x0b\xd2\x0dm\x10\xe3\x12,\x15E\x17*\x19\xd6\x1aH\
\x1c|\x1dp\x1e#\x1f\x93\x1f\xc1\x1f\xac\x1fV\x1f\xbf\
\x1e\xe8\x1d\xd6\x1c\x89\x1b\x06\x1aQ\x18l\x16^\x14*\
\x12\xd5\x0ff\x0d\xe1\x0aL\x08\xad\x05\x0a\x03h\x00\xce\
\xfd@\xfb\xc4\xf8_\xf6\x16\xf4\xef\xf1\xed\xef\x14\xeei\
\xec\xed\xea\xa5\xe9\x92\xe8\xb7\xe7\x13\xe7\xa9\xe6x\xe6\x81\
\xe6\xc2\xe6:\xe7\xe8\xe7\xca\xe8\xdc\xe9\x1c\xeb\x87\xec\x19\
\xee\xcd\xef\xa0\xf1\x8c\xf3\x8e\xf5\xa0\xf7\xbd\xf9\xe1\xfb\x05\
\xfe%\x00=\x02H\x04@\x06!\x08\xe8\x09\x90\x0b\x16\
\x0dv\x0e\xae\x0f\xbb\x10\x9b\x11L\x12\xce\x12 \x13A\
\x131\x13\xf2\x12\x85\x12\xea\x11$\x116\x10!\x0f\xea\
\x0d\x93\x0c \x0b\x95\x09\xf6\x07H\x06\x8e\x04\xcd\x02\x0b\
\x01K\xff\x91\xfd\xe2\xfbC\xfa\xb7\xf8B\xf7\xe8\xf5\xac\
\xf4\x91\xf3\x9a\xf2\xca\xf1!\xf1\xa3\xf0O\xf0'\xf0+\
\xf0[\xf0\xb6\xf0;\xf1\xe9\xf1\xbe\xf2\xb7\xf3\xd3\xf4\x0e\
\xf6e\xf7\xd5\xf8Z\xfa\xf0\xfb\x92\xfd=\xff\xec\x00\x9b\
\x02F\x04\xe8\x05}\x07\x00\x09n\x0a\xc3\x0b\xfb\x0c\x14\
\x0e\x09\x0f\xd8\x0f\x80\x10\xfd\x10O\x11t\x11k\x115\
\x11\xd1\x10A\x10\x84\x0f\x9d\x0e\x8d\x0dW\x0c\xfd\x0a\x82\
\x09\xea\x078\x06q\x04\x98\x02\xb2\x00\xc4\xfe\xd0\xfc\xde\
\xfa\xf0\xf8\x0d\xf78\xf5v\xf3\xcc\xf1>\xf0\xd0\xee\x85\
\xeda\xech\xeb\x9b\xea\xfe\xe9\x92\xe9Y\xe9S\xe9\x82\
\xe9\xe6\xe9~\xeaI\xebG\xecu\xed\xd1\xeeY\xf0\x0a\
\xf2\xe0\xf3\xd7\xf5\xec\xf7\x19\xfa[\xfc\xac\xfe\x07\x01g\
\x03\xc8\x05#\x08s\x0a\xb4\x0c\xdf\x0e\xf1\x10\xe3\x12\xb2\
\x14Y\x16\xd5\x17!\x19:\x1a\x1e\x1b\xca\x1b<\x1cs\
\x1cm\x1c+\x1c\xac\x1b\xf1\x1a\xfb\x19\xcc\x18f\x17\xca\
\x15\xfe\x13\x03\x12\xde\x0f\x94\x0d(\x0b\x9f\x08\x00\x06O\
\x03\x92\x00\xd0\xfd\x0c\xfbN\xf8\x9b\xf5\xf8\xf2m\xf0\xfd\
\xed\xaf\xeb\x88\xe9\x8b\xe7\xbe\xe5%\xe4\xc3\xe2\x9c\xe1\xb1\
\xe0\x05\xe0\x9b\xdfr\xdf\x8c\xdf\xe9\xdf\x88\xe0h\xe1\x88\
\xe2\xe5\xe3}\xe5L\xe7O\xe9\x83\xeb\xe2\xedg\xf0\x0f\
\xf3\xd2\xf5\xac\xf8\x97\xfb\x8c\xfe\x85\x01}\x04n\x07Q\
\x0a\x1f\x0d\xd5\x0fk\x12\xdc\x14$\x17=\x19#\x1b\xd3\
\x1cH\x1e\x80\x1fx /!\xa2!\xd1!\xbb!b\
!\xc4 \xe5\x1f\xc5\x1eg\x1d\xce\x1b\xfd\x19\xf9\x17\xc5\
\x15f\x13\xe0\x10:\x0ey\x0b\xa2\x08\xbc\x05\xcc\x02\xda\
\xff\xe9\xfc\x01\xfa'\xf7b\xf4\xb8\xf1,\xef\xc6\xec\x89\
\xeaz\xe8\x9d\xe6\xf7\xe4\x89\xe3V\xe2b\xe1\xae\xe0:\
\xe0\x08\xe0\x17\xe0g\xe0\xf8\xe0\xc7\xe1\xd2\xe2\x18\xe4\x95\
\xe5E\xe7&\xe92\xebe\xed\xba\xef-\xf2\xb7\xf4T\
\xf7\xfd\xf9\xad\xfc_\xff\x0c\x02\xaf\x04C\x07\xc2\x09(\
\x0cn\x0e\x92\x10\x8d\x12]\x14\xff\x15n\x17\xa8\x18\xab\
\x19v\x1a\x08\x1b^\x1bz\x1b\x5c\x1b\x04\x1bs\x1a\xac\
\x19\xb1\x18\x84\x17(\x16\xa1\x14\xf3\x12!\x11/\x0f$\
\x0d\x02\x0b\xcf\x08\x91\x06K\x04\x04\x02\xc1\xff\x85\xfdV\
\xfb:\xf93\xf7G\xf5z\xf3\xcf\xf1I\xf0\xec\xee\xbb\
\xed\xb7\xec\xe2\xeb>\xeb\xcb\xea\x8a\xea{\xea\x9d\xea\xf0\
\xear\xeb!\xec\xfc\xec\x00\xee*\xefv\xf0\xe2\xf1j\
\xf3\x09\xf5\xbc\xf6~\xf8K\xfa\x1f\xfc\xf5\xfd\xc9\xff\x95\
\x01W\x03\x09\x05\xa9\x062\x08\xa1\x09\xf3\x0a$\x0c2\
\x0d\x1a\x0e\xdc\x0eu\x0f\xe5\x0f*\x10D\x104\x10\xfa\
\x0f\x97\x0f\x0d\x0f\x5c\x0e\x88\x0d\x92\x0c}\x0bM\x0a\x04\
\x09\xa6\x076\x06\xb9\x042\x03\xa5\x01\x17\x00\x8c\xfe\x06\
\xfd\x8b\xfb\x1e\xfa\xc3\xf8}\xf7P\xf6>\xf5K\xf4y\
\xf3\xc9\xf2>\xf2\xda\xf1\x9c\xf1\x87\xf1\x99\xf1\xd4\xf15\
\xf2\xbe\xf2k\xf3<\xf4/\xf5@\xf6o\xf7\xb6\xf8\x14\
\xfa\x85\xfb\x06\xfd\x92\xfe$\x00\xbb\x01Q\x03\xe3\x04l\
\x06\xe9\x07U\x09\xac\x0a\xec\x0b\x11\x0d\x17\x0e\xfd\x0e\xbe\
\x0fZ\x10\xce\x10\x18\x119\x11.\x11\xf7\x10\x96\x10\x09\
\x10S\x0fs\x0em\x0dB\x0c\xf5\x0a\x88\x09\xff\x07\x5c\
\x06\xa4\x04\xda\x02\x03\x01#\xff>\xfdX\xfbv\xf9\x9c\
\xf7\xcf\xf5\x13\xf4m\xf2\xe0\xf0q\xef\x22\xee\xf8\xec\xf6\
\xeb\x1e\xebr\xea\xf5\xe9\xa8\xe9\x8c\xe9\xa3\xe9\xec\xe9h\
\xea\x15\xeb\xf3\xeb\x00\xed;\xee\xa1\xef/\xf1\xe3\xf2\xb8\
\xf4\xac\xf6\xba\xf8\xde\xfa\x13\xfdU\xff\x9d\x01\xe9\x034\
\x06w\x08\xad\x0a\xd3\x0c\xe3\x0e\xd8\x10\xae\x12a\x14\xec\
\x15M\x17\x7f\x18\x80\x19N\x1a\xe6\x1aF\x1bn\x1b]\
\x1b\x11\x1b\x8d\x1a\xd0\x19\xdb\x18\xb1\x17S\x16\xc3\x14\x06\
\x13\x1f\x11\x10\x0f\xdf\x0c\x8f\x0a&\x08\xa8\x05\x1a\x03\x83\
\x00\xe7\xfdK\xfb\xb6\xf8,\xf6\xb2\xf3O\xf1\x08\xef\xe0\
\xec\xdd\xea\x03\xe9W\xe7\xdb\xe5\x93\xe4\x82\xe3\xaa\xe2\x0d\
\xe2\xad\xe1\x8b\xe1\xa6\xe1\x00\xe2\x97\xe2j\xe3x\xe4\xbe\
\xe5;\xe7\xea\xe8\xca\xea\xd5\xec\x08\xef_\xf1\xd3\xf3b\
\xf6\x04\xf9\xb5\xfbo\xfe,\x01\xe8\x03\x9c\x06C\x09\xd7\
\x0bS\x0e\xb1\x10\xee\x12\x04\x15\xef\x16\xab\x185\x1a\x89\
\x1b\xa5\x1c\x87\x1d,\x1e\x94\x1e\xbe\x1e\xa9\x1eW\x1e\xc7\
\x1d\xfb\x1c\xf5\x1b\xb7\x1aD\x19\x9f\x17\xcb\x15\xcc\x13\xa7\
\x11`\x0f\xfc\x0c\x80\x0a\xf1\x07U\x05\xb1\x02\x0a\x00h\
\xfd\xcd\xfa@\xf8\xc6\xf5d\xf3\x1f\xf1\xfb\xee\xfe\xec*\
\xeb\x84\xe9\x0e\xe8\xcb\xe6\xbe\xe5\xe9\xe4M\xe4\xeb\xe3\xc3\
\xe3\xd5\xe3\x22\xe4\xa7\xe4c\xe5U\xe6z\xe7\xd0\xe8R\
\xea\xff\xeb\xd1\xed\xc5\xef\xd6\xf1\x00\xf4>\xf6\x8b\xf8\xe2\
\xfa?\xfd\x9b\xff\xf1\x01>\x04|\x06\xa7\x08\xb9\x0a\xb0\
\x0c\x86\x0e8\x10\xc4\x11%\x13Y\x14_\x154\x16\xd7\
\x16G\x17\x84\x17\x8d\x17d\x17\x09\x17}\x16\xc2\x15\xda\
\x14\xc8\x13\x8f\x120\x11\xb1\x0f\x15\x0e_\x0c\x94\x0a\xb8\
\x08\xcf\x06\xde\x04\xe9\x02\xf5\x00\x07\xff!\xfdI\xfb\x82\
\xf9\xd1\xf79\xf6\xbe\xf4b\xf3(\xf2\x13\xf1%\xf0`\
\xef\xc4\xeeS\xee\x0d\xee\xf2\xed\x03\xee>\xee\xa2\xee/\
\xef\xe1\xef\xb8\xf0\xb0\xf1\xc8\xf2\xfb\xf3G\xf5\xa8\xf6\x1c\
\xf8\x9d\xf9(\xfb\xba\xfcN\xfe\xe0\xffl\x01\xf0\x02g\
\x04\xcd\x05 \x07[\x08}\x09\x83\x0aj\x0b0\x0c\xd3\
\x0cS\x0d\xae\x0d\xe4\x0d\xf4\x0d\xde\x0d\xa3\x0dC\x0d\xc1\
\x0c\x1d\x0cY\x0bw\x0az\x09e\x089\x07\xfc\x05\xaf\
\x04V\x03\xf5\x01\x8f\x00*\xff\xc6\xfdh\xfc\x15\xfb\xce\
\xf9\x99\xf8w\xf7m\xf6|\xf5\xa7\xf4\xf1\xf3[\xf3\xe7\
\xf2\x96\xf2j\xf2b\xf2\x80\xf2\xc3\xf2*\xf3\xb4\xf3b\
\xf40\xf5\x1d\xf6'\xf7L\xf8\x88\xf9\xd9\xfa<\xfc\xac\
\xfd(\xff\xa9\x00/\x02\xb4\x034\x05\xad\x06\x19\x08v\
\x09\xc0\x0a\xf4\x0b\x0d\x0d\x0a\x0e\xe8\x0e\xa4\x0f<\x10\xae\
\x10\xf9\x10\x1c\x11\x16\x11\xe6\x10\x8c\x10\x09\x10_\x0f\x8c\
\x0e\x95\x0dy\x0c<\x0b\xe0\x09g\x08\xd6\x06/\x05v\
\x03\xae\x01\xde\xff\x06\xfe,\xfcU\xfa\x84\xf8\xbd\xf6\x06\
\xf5a\xf3\xd4\xf1a\xf0\x0c\xef\xd9\xed\xca\xec\xe3\xeb%\
\xeb\x93\xea/\xea\xf9\xe9\xf3\xe9\x1e\xeax\xea\x03\xeb\xbd\
\xeb\xa5\xec\xb9\xed\xf9\xee`\xf0\xed\xf1\x9c\xf3j\xf5S\
\xf7T\xf9h\xfb\x8c\xfd\xb9\xff\xec\x01 \x04Q\x06y\
\x08\x95\x0a\x9f\x0c\x92\x0ek\x10%\x12\xbd\x13/\x15w\
\x16\x93\x17\x7f\x18:\x19\xc2\x19\x15\x1a3\x1a\x1a\x1a\xcb\
\x19F\x19\x8c\x18\x9f\x17~\x16.\x15\xb0\x13\x08\x128\
\x10D\x0e1\x0c\x02\x0a\xbc\x07c\x05\xfd\x02\x8e\x00\x1c\
\xfe\xab\xfb@\xf9\xe1\xf6\x92\xf4X\xf29\xf08\xeeZ\
\xec\xa3\xea\x16\xe9\xb6\xe7\x88\xe6\x8c\xe5\xc6\xe46\xe4\xdf\
\xe3\xc1\xe3\xdc\xe31\xe4\xbd\xe4\x82\xe5|\xe6\xaa\xe7\x0a\
\xe9\x98\xeaR\xec4\xee:\xf0_\xf2\xa1\xf4\xf9\xf6c\
\xf9\xda\xfbY\xfe\xd9\x00Y\x03\xd0\x05;\x08\x94\x0a\xd7\
\x0c\xff\x0e\x07\x11\xec\x12\xa9\x14<\x16\xa0\x17\xd3\x18\xd3\
\x19\x9f\x1a3\x1b\x90\x1b\xb4\x1b\xa0\x1bT\x1b\xd1\x1a\x18\
\x1a+\x19\x0b\x18\xbc\x16@\x15\x9b\x13\xd0\x11\xe2\x0f\xd7\
\x0d\xb3\x0by\x090\x07\xdb\x04\x7f\x02\x22\x00\xca\xfdy\
\xfb5\xf9\x03\xf7\xe7\xf4\xe5\xf2\x03\xf1B\xef\xa7\xed6\
\xec\xf0\xea\xd7\xe9\xef\xe89\xe8\xb5\xe7e\xe7H\xe7_\
\xe7\xa9\xe7%\xe8\xd2\xe8\xad\xe9\xb5\xea\xe7\xeb@\xed\xbd\
\xee[\xf0\x15\xf2\xe8\xf3\xcf\xf5\xc7\xf7\xcb\xf9\xd6\xfb\xe4\
\xfd\xf1\xff\xf7\x01\xf4\x03\xe2\x05\xbe\x07\x84\x090\x0b\xbe\
\x0c-\x0ew\x0f\x9c\x10\x9a\x11n\x12\x16\x13\x93\x13\xe4\
\x13\x07\x14\xfe\x13\xc9\x13i\x13\xdf\x12.\x12V\x11[\
\x10>\x0f\x04\x0e\xae\x0cA\x0b\xbf\x09.\x08\x8f\x06\xe8\
\x04<\x03\x8f\x01\xe6\xffC\xfe\xaa\xfc\x1f\xfb\xa6\xf9B\
\xf8\xf5\xf6\xc3\xf5\xae\xf4\xb9\xf3\xe5\xf24\xf2\xa6\xf1>\
\xf1\xfc\xf0\xdf\xf0\xe8\xf0\x16\xf1h\xf1\xdd\xf1t\xf2+\
\xf3\xff\xf3\xef\xf4\xf7\xf5\x16\xf7G\xf8\x88\xf9\xd6\xfa,\
\xfc\x88\xfd\xe7\xfeC\x00\x9b\x01\xeb\x020\x04f\x05\x8a\
\x06\x9a\x07\x93\x08s\x097\x0a\xde\x0af\x0b\xce\x0b\x15\
\x0c:\x0c>\x0c\x1f\x0c\xe0\x0b\x80\x0b\x00\x0bb\x0a\xa8\
\x09\xd3\x08\xe6\x07\xe3\x06\xcd\x05\xa6\x04r\x033\x02\xee\
\x00\xa6\xff\x5c\xfe\x16\xfd\xd5\xfb\x9f\xfau\xf9[\xf8T\
\xf7b\xf6\x89\xf5\xca\xf4(\xf4\xa4\xf3@\xf3\xfd\xf2\xdc\
\xf2\xdd\xf2\x01\xf3H\xf3\xb2\xf3<\xf4\xe8\xf4\xb2\xf5\x99\
\xf6\x9c\xf7\xb8\xf8\xea\xf90\xfb\x87\xfc\xeb\xfdZ\xff\xce\
\x00G\x02\xc0\x034\x05\xa2\x06\x04\x08X\x09\x9a\x0a\xc8\
\x0b\xdd\x0c\xd7\x0d\xb4\x0eq\x0f\x0c\x10\x83\x10\xd4\x10\x00\
\x11\x04\x11\xe0\x10\x94\x10!\x10\x87\x0f\xc7\x0e\xe2\x0d\xda\
\x0c\xb1\x0bj\x0a\x06\x09\x89\x07\xf6\x05P\x04\x9b\x02\xdb\
\x00\x14\xffH\xfd|\xfb\xb5\xf9\xf6\xf7C\xf6\xa0\xf4\x12\
\xf3\x9b\xf1?\xf0\x02\xef\xe6\xed\xef\xec\x1d\xecu\xeb\xf7\
\xea\xa6\xea\x81\xea\x8a\xea\xc1\xea'\xeb\xba\xeby\xecd\
\xedy\xee\xb5\xef\x17\xf1\x9c\xf2@\xf4\x01\xf6\xda\xf7\xc9\
\xf9\xc9\xfb\xd6\xfd\xeb\xff\x04\x02\x1d\x042\x06>\x08=\
\x0a*\x0c\x00\x0e\xbd\x0f\x5c\x11\xda\x123\x14d\x15k\
\x16E\x17\xf0\x17k\x18\xb5\x18\xcb\x18\xaf\x18`\x18\xdf\
\x17,\x17I\x167\x15\xf8\x13\x8f\x12\x00\x11K\x0fv\
\x0d\x84\x0by\x09Y\x07(\x05\xeb\x02\xa7\x00a\xfe\x1c\
\xfc\xde\xf9\xaa\xf7\x87\xf5x\xf3\x81\xf1\xa8\xef\xee\xedY\
\xec\xec\xea\xa8\xe9\x92\xe8\xab\xe7\xf6\xe6s\xe6$\xe6\x09\
\xe6#\xe6q\xe6\xf3\xe6\xa7\xe7\x8d\xe8\xa2\xe9\xe4\xeaQ\
\xec\xe5\xed\x9d\xefv\xf1k\xf3y\xf5\x9b\xf7\xcd\xf9\x0a\
\xfcN\xfe\x93\x00\xd7\x02\x12\x05B\x07b\x09m\x0b^\
\x0d3\x0f\xe7\x10x\x12\xe1\x13 \x153\x16\x18\x17\xcc\
\x17P\x18\xa1\x18\xbf\x18\xab\x18e\x18\xed\x17F\x17o\
\x16l\x15?\x14\xea\x12p\x11\xd6\x0f\x1d\x0eJ\x0cb\
\x0ag\x08_\x06N\x047\x02 \x00\x0e\xfe\x03\xfc\x05\
\xfa\x17\xf8>\xf6}\xf4\xd8\xf2R\xf1\xee\xef\xae\xee\x96\
\xed\xa7\xec\xe2\xebJ\xeb\xdf\xea\xa1\xea\x90\xea\xad\xea\xf6\
\xeal\xeb\x0b\xec\xd3\xec\xc1\xed\xd4\xee\x08\xf0Z\xf1\xc8\
\xf2N\xf4\xe8\xf5\x93\xf7K\xf9\x0c\xfb\xd2\xfc\x99\xfe\x5c\
\x00\x1a\x02\xcd\x03s\x05\x06\x07\x85\x08\xec\x099\x0bh\
\x0cw\x0dd\x0e.\x0f\xd3\x0fS\x10\xac\x10\xde\x10\xe9\
\x10\xcd\x10\x8c\x10&\x10\x9d\x0f\xf2\x0e'\x0e?\x0d;\
\x0c\x1f\x0b\xed\x09\xa9\x08U\x07\xf6\x05\x8d\x04 \x03\xb1\
\x01C\x00\xdb\xfe{\xfd'\xfc\xe0\xfa\xac\xf9\x8c\xf8\x82\
\xf7\x92\xf6\xbc\xf5\x04\xf5i\xf4\xee\xf3\x94\xf3Z\xf3A\
\xf3I\xf3r\xf3\xba\xf3\x22\xf4\xa7\xf4H\xf5\x03\xf6\xd7\
\xf6\xc0\xf7\xbc\xf8\xc9\xf9\xe4\xfa\x0a\xfc8\xfdj\xfe\x9e\
\xff\xd0\x00\xfe\x01%\x03A\x04O\x05N\x06:\x07\x11\
\x08\xd1\x08x\x09\x05\x0au\x0a\xc8\x0a\xfd\x0a\x14\x0b\x0c\
\x0b\xe5\x0a\xa0\x0a>\x0a\xbf\x09$\x09o\x08\xa3\x07\xc0\
\x06\xca\x05\xc2\x04\xab\x03\x88\x02]\x01+\x00\xf7\xfe\xc2\
\xfd\x90\xfcd\xfbB\xfa,\xf9%\xf80\xf7O\xf6\x85\
\xf5\xd4\xf4>\xf4\xc5\xf3j\xf3.\xf3\x13\xf3\x18\xf3>\
\xf3\x84\xf3\xec\xf3s\xf4\x1a\xf5\xdd\xf5\xbd\xf6\xb7\xf7\xc9\
\xf8\xf1\xf9,\xfbx\xfc\xd1\xfd4\xff\x9d\x00\x0c\x02z\
\x03\xe6\x04K\x06\xa7\x07\xf6\x084\x0a`\x0bu\x0cp\
\x0dQ\x0e\x13\x0f\xb6\x0f6\x10\x94\x10\xcc\x10\xe0\x10\xcd\
\x10\x94\x105\x10\xb0\x0f\x06\x0f9\x0eI\x0d9\x0c\x0a\
\x0b\xbe\x09Z\x08\xde\x06O\x05\xb0\x03\x04\x02N\x00\x94\
\xfe\xd6\xfc\x1b\xfbf\xf9\xba\xf7\x1b\xf6\x8e\xf4\x14\xf3\xb3\
\xf1m\xf0E\xef>\xeeZ\xed\x9b\xec\x04\xec\x96\xebR\
\xeb:\xebM\xeb\x8b\xeb\xf6\xeb\x8b\xecK\xed3\xeeB\
\xefv\xf0\xcd\xf1E\xf3\xd9\xf4\x88\xf6M\xf8%\xfa\x0c\
\xfc\xff\xfd\xf9\xff\xf5\x01\xf2\x03\xe8\x05\xd6\x07\xb6\x09\x85\
\x0b>\x0d\xdf\x0eb\x10\xc6\x11\x07\x13#\x14\x17\x15\xe0\
\x15}\x16\xed\x16/\x17A\x17$\x17\xd7\x16\x5c\x16\xb3\
\x15\xdd\x14\xdc\x13\xb2\x12a\x11\xec\x0fV\x0e\xa2\x0c\xd3\
\x0a\xee\x08\xf6\x06\xef\x04\xdd\x02\xc5\x00\xac\xfe\x94\xfc\x82\
\xfa|\xf8\x85\xf6\xa0\xf4\xd3\xf2 \xf1\x8c\xef\x19\xee\xca\
\xec\xa3\xeb\xa5\xea\xd2\xe9-\xe9\xb6\xe8n\xe8U\xedZ\
\xf2o\xf7\x84\xfc\x87\x01k\x06!\x0b\x9a\x0f\xcb\x13\xa6\
\x17!\x1b2\x1e\xd2 \xfb\x22\xa7$\xd3%~&\xa9\
&T&\x84%<$\x85\x22e \xe5\x1d\x10\x1b\xf0\
\x17\x93\x14\x03\x11O\x0d\x83\x09\xad\x05\xdc\x01\x1c\xfey\
\xfa\x00\xf7\xbc\xf3\xb9\xf0\x00\xee\x9a\xeb\x8e\xe9\xe2\xe7\x9b\
\xe6\xbc\xe5G\xe5<\xe5\x9a\xe5_\xe6\x87\xe7\x0b\xe9\xe6\
\xea\x10\xed\x80\xef-\xf2\x0b\xf5\x10\xf81\xfb`\xfe\x91\
\x01\xbb\x04\xcf\x07\xc3\x0a\x8b\x0d\x1d\x10o\x12y\x143\
\x16\x95\x17\x9c\x18B\x19\x85\x19d\x19\xdf\x18\xf7\x17\xaf\
\x16\x0b\x15\x12\x13\xc8\x108\x0eh\x0bd\x085\x05\xe6\
\x01\x86\xfe\x1c\xfb\xb7\xf7c\xf4,\xf1\x1d\xeeA\xeb\xa4\
\xe8N\xe6J\xe4\x9d\xe2P\xe1h\xe0\xe8\xdf\xd4\xdf-\
\xe0\xf3\xe0$\xe2\xbe\xe3\xbb\xe5\x17\xe8\xca\xea\xcc\xed\x14\
\xf1\x97\xf4J\xf8\x22\xfc\x11\x00\x0d\x04\x07\x08\xf1\x0b\xc1\
\x0fg\x13\xd9\x16\x0b\x1a\xf1\x1c\x81\x1f\xb4!\x80#\xdf\
$\xcc%C&B&\xc8%\xd5$l#\x92!J\
\x1f\x9b\x1c\x8e\x19,\x16\x7f\x12\x92\x0es\x0a,\x06\xcd\
\x01d\xfd\xfd\xf8\xa8\xf4q\xf0g\xec\x98\xe8\x0e\xe5\xd7\
\xe1\xfc\xde\x88\xdc\x83\xda\xf3\xd8\xde\xd7H\xd74\xd7\xa2\
\xd7\x91\xd8\x00\xda\xea\xdbH\xde\x15\xe1H\xe4\xd6\xe7\xb5\
\xeb\xd9\xef4\xf4\xb9\xf8Y\xfd\x05\x02\xaf\x06H\x0b\xc1\
\x0f\x0a\x14\x17\x18\xd9\x1bE\x1fN\x22\xeb$\x12'\xbd\
(\xe4)\x85*\x9b*&*')\xa1'\x96%\x0e\
#\x10 \xa4\x1c\xd5\x18\xaf\x14>\x10\x91\x0b\xb5\x06\xbb\
\x01\xb3\xfc\xaa\xf7\xb3\xf2\xdd\xed8\xe9\xd2\xe4\xbb\xe0\x00\
\xdd\xad\xd9\xce\xd6l\xd4\x91\xd2B\xd1\x85\xd0^\xd0\xce\
\xd0\xd5\xd1p\xd3\x9c\xd5S\xd8\x8d\xdbB\xdfg\xe3\xef\
\xe7\xcd\xec\xf3\xf1R\xf7\xd9\xfcv\x02\x1b\x08\xb4\x0d1\
\x13\x80\x18\x92\x1dU\x22\xbc&\xb7*:.:1\xab\
3\x875\xc76e7_7\xb36d5r3\xe5\
0\xc1-\x11*\xdd%1!\x1c\x1c\xab\x16\xee\x10\xf6\
\x0a\xd3\x04\x9a\xfeZ\xf8&\xf2\x11\xec-\xe6\x8b\xe0=\
\xdbQ\xd6\xd6\xd1\xdb\xcdk\xca\x90\xc7T\xc5\xbc\xc3\xcf\
\xc2\x8f\xc2\xfd\xc2\x18\xc4\xde\xc5I\xc8T\xcb\xf4\xce \
\xd3\xcc\xd7\xea\xdcm\xe2C\xe8\x5c\xee\xa7\xf4\x11\xfb\x87\
\x01\xf9\x07S\x0e\x83\x14v\x1a\x1d g%F*\xab\
.\x8a2\xd95\x8f8\xa4:\x13<\xd9<\xf4<d\
<-;R9\xd96\xcb310\x16,\x87'\x92\
\x22E\x1d\xb1\x17\xe5\x11\xf4\x0b\xee\x05\xe6\xff\xec\xf9\x12\
\xf4h\xee\xfe\xe8\xe4\xe3'\xdf\xd5\xda\xf9\xd6\x9d\xd3\xc9\
\xd0\x85\xce\xd6\xcc\xbf\xcbA\xcb\x5c\xcb\x0e\xccT\xcd'\
\xcf\x81\xd1Y\xd4\xa5\xd7Z\xdbj\xdf\xca\xe3j\xe8<\
\xed0\xf28\xf7C\xfcB\x01'\x06\xe2\x0af\x0f\xa6\
\x13\x96\x17*\x1bY\x1e\x1c!j#?%\x96&n\
'\xc6'\x9e'\xfb&\xdf%P$U\x22\xf6\x1f=\
\x1d4\x1a\xe6\x16_\x13\xac\x0f\xd9\x0b\xf4\x07\x0b\x04)\
\x00^\xfc\xb3\xf85\xf5\xf0\xf1\xee\xee7\xec\xd5\xe9\xce\
\xe7'\xe6\xe6\xe4\x0c\xe4\x9c\xe3\x95\xe3\xf7\xe3\xbe\xe4\xe6\
\xe5k\xe7E\xe9m\xeb\xda\xed\x84\xf0_\xf3a\xf6\x7f\
\xf9\xae\xfc\xe1\xff\x0b\x03%\x06 \x09\xf3\x0b\x94\x0e\xf9\
\x10\x1a\x13\xef\x14r\x16\x9e\x17o\x18\xe2\x18\xf5\x18\xa8\
\x18\xfe\x17\xf7\x16\x98\x15\xe6\x13\xe7\x11\xa2\x0f\x1f\x0dg\
\x0a\x85\x07\x81\x04g\x01B\xfe\x1d\xfb\x03\xf8\x00\xf5\x1d\
\xf2f\xef\xe4\xec\xa1\xea\xa4\xe8\xf5\xe6\x9a\xe5\x98\xe4\xf4\
\xe3\xb0\xe3\xce\xe3M\xe4-\xe5k\xe6\x04\xe8\xf1\xe9/\
\xec\xb4\xeez\xf1w\xf4\xa1\xf7\xee\xfaR\xfe\xc3\x015\
\x05\x9d\x08\xef\x0b \x0f%\x12\xf4\x14\x83\x17\xc9\x19\xbe\
\x1b[\x1d\x9c\x1ez\x1f\xf2\x1f\x04 \xad\x1f\xee\x1e\xca\
\x1dD\x1c`\x1a%\x18\x98\x15\xc3\x12\xae\x0fc\x0c\xed\
\x08W\x05\xac\x01\xfb\xfdL\xfa\xac\xf6)\xf3\xcd\xef\xa4\
\xec\xb8\xe9\x13\xe7\xbf\xe4\xc2\xe2$\xe1\xeb\xdf\x1b\xdf\xb7\
\xde\xc0\xde7\xdf\x1c\xe0j\xe1\x1f\xe34\xe5\xa4\xe7h\
\xeau\xed\xc2\xf0D\xf4\xf1\xf7\xbc\xfb\x99\xffy\x03S\
\x07\x18\x0b\xbb\x0e1\x12n\x15f\x18\x10\x1bb\x1dT\
\x1f\xdf \xfd!\xab\x22\xe4\x22\xa8\x22\xf7!\xd2 ;\
\x1f9\x1d\xd0\x1a\x08\x18\xe9\x14}\x11\xcf\x0d\xe9\x09\xda\
\x05\xad\x01q\xfd2\xf9\xfe\xf4\xe4\xf0\xf1\xec3\xe9\xb5\
\xe5\x85\xe2\xac\xdf5\xdd)\xdb\x90\xd9o\xd8\xcb\xd7\xa8\
\xd7\x07\xd8\xe8\xd8K\xda*\xdc\x83\xdeN\xe1\x84\xe4\x1b\
\xe8\x0a\xecD\xf0\xbd\xf4h\xf97\xfe\x19\x03\x03\x08\xe2\
\x0c\xa9\x11I\x16\xb2\x1a\xd6\x1e\xa9\x22\x1d&')\xbc\
+\xd5-i/s0\xed0\xd60,0\xf1.%\
-\xcf*\xf4'\x9b$\xcd \x96\x1c\x00\x18\x18\x13\xed\
\x0d\x8e\x08\x0a\x03r\xfd\xd4\xf7C\xf2\xce\xec\x86\xe7{\
\xe2\xbb\xddV\xd9X\xd5\xcd\xd1\xc1\xce>\xccJ\xca\xec\
\xc8)\xc8\x04\xc8}\xc8\x94\xc9G\xcb\x90\xcdj\xd0\xcd\
\xd3\xb0\xd7\x07\xdc\xc6\xe0\xe0\xe5F\xeb\xe9\xf0\xb9\xf6\xa6\
\xfc\x9c\x02\x8e\x08i\x0e\x1c\x14\x97\x19\xca\x1e\xa7# \
((,\xb3/\xb92/5\x107V8\xff8\x08\
9r8?7t5\x153*0\xbd,\xd6(\x83\
$\xd0\x1f\xca\x1a\x81\x15\x05\x10d\x0a\xb0\x04\xfb\xfeQ\
\xf9\xc6\xf3h\xeeF\xe9p\xe4\xf2\xdf\xd9\xdb/\xd8\xff\
\xd4Q\xd2,\xd0\x94\xce\x8c\xcd\x18\xcd6\xcd\xe5\xcd!\
\xcf\xe6\xd0,\xd3\xec\xd5\x1d\xd9\xb4\xdc\xa4\xe0\xe2\xe4`\
\xe9\x10\xee\xe3\xf2\xcb\xf7\xb8\xfc\x9b\x01h\x06\x0e\x0b\x81\
\x0f\xb4\x13\x9a\x17)\x1bX\x1e\x1e!s#S%\xb9\
&\xa2'\x0d(\xfc'o'k&\xf3$\x0f#\xc7\
 !\x1e*\x1b\xea\x17m\x14\xc0\x10\xef\x0c\x07\x09\x14\
\x05$\x01D\xfd~\xf9\xe0\xf5u\xf2H\xefa\xec\xca\
\xe9\x89\xe7\xa6\xe5&\xe4\x0b\xe3X\xe2\x0f\xe2.\xe2\xb4\
\xe2\x9f\xe3\xe9\xe4\x8d\xe6\x84\xe8\xc7\xeaM\xed\x0d\xf0\xfc\
\xf2\x0f\xf6=\xf9y\xfc\xb8\xff\xee\x02\x12\x06\x18\x09\xf5\
\x0b\xa0\x0e\x10\x11=\x13\x1f\x15\xb1\x16\xee\x17\xd1\x18X\
\x19\x82\x19O\x19\xc0\x18\xd7\x17\x97\x16\x06\x15*\x13\x08\
\x11\xa9\x0e\x15\x0cV\x09t\x06{\x03u\x00m\xfdl\
\xfa}\xf7\xab\xf4\xff\xf1\x83\xef?\xed;\xeb~\xe9\x0f\
\xe8\xf1\xe6*\xe6\xbb\xe5\xa7\xe5\xee\xe5\x8f\xe6\x87\xe7\xd4\
\xe8q\xeaZ\xec\x87\xee\xf1\xf0\x90\xf3\x5c\xf6J\xf9Q\
\xfch\xff\x81\x02\x96\x05\x9a\x08\x84\x0bI\x0e\xe0\x10@\
\x13b\x15>\x17\xce\x18\x0c\x1a\xf4\x1a\x83\x1b\xb7\x1b\x8f\
\x1b\x0c\x1b0\x1a\xfc\x18u\x17\xa0\x15\x84\x13&\x11\x90\
\x0e\xc9\x0b\xdb\x08\xcf\x05\xb1\x02\x8a\xffe\xfcL\xf9J\
\xf6i\xf3\xb3\xf01\xee\xeb\xeb\xe9\xe93\xe8\xcd\xe6\xbd\
\xe5\x07\xe5\xac\xe4\xaf\xe4\x0f\xe5\xcc\xe5\xe2\xe6O\xe8\x0e\
\xea\x18\xech\xee\xf5\xf0\xb7\xf3\xa4\xf6\xb4\xf9\xda\xfc\x0c\
\x00A\x03m\x06\x84\x09}\x0cL\x0f\xe9\x11I\x14e\
\x164\x18\xb1\x19\xd5\x1a\x9c\x1b\x04\x1c\x09\x1c\xac\x1b\xec\
\x1a\xcc\x19O\x18y\x16P\x14\xdb\x11 \x0f*\x0c\x01\
\x09\xb0\x05B\x02\xc3\xfe<\xfb\xbb\xf7K\xf4\xf8\xf0\xce\
\xed\xd8\xea\x1f\xe8\xae\xe5\x8d\xe3\xc5\xe1]\xe0Z\xdf\xc0\
\xde\x93\xde\xd5\xde\x86\xdf\xa5\xe00\xe2#\xe4x\xe6*\
\xe91\xec\x85\xef\x1a\xf3\xe7\xf6\xe1\xfa\xfa\xfe&\x03Z\
\x07\x86\x0b\x9e\x0f\x96\x13_\x17\xed\x1a6\x1e-!\xc8\
#\x00&\xca'!)\x00*b*D*\xa7)\x8a\
(\xef&\xda$P\x22X\x1f\xf9\x1b=\x18.\x14\xd7\
\x0fD\x0b\x84\x06\xa3\x01\xb1\xfc\xba\xf7\xce\xf2\xfc\xedR\
\xe9\xdf\xe4\xaf\xe0\xd0\xdcN\xd93\xd6\x89\xd3Y\xd1\xab\
\xcf\x83\xce\xe6\xcd\xd6\xcdU\xceb\xcf\xfa\xd0\x1a\xd3\xbc\
\xd5\xd9\xd8h\xdc`\xe0\xb6\xe4^\xe9I\xeel\xf3\xb6\
\xf8\x19\xfe\x84\x03\xeb\x08;\x0eg\x13_\x18\x15\x1d|\
!\x86%()X,\x0d/>1\xe62\x004\x88\
4\x7f4\xe23\xb62\xfd0\xbc.\xfa+\xc0(\x17\
%\x09!\xa2\x1c\xf0\x17\x00\x13\xe1\x0d\xa0\x08O\x03\xfb\
\xfd\xb4\xf8\x8a\xf3\x8a\xee\xc3\xe9B\xe5\x15\xe1F\xdd\xe0\
\xd9\xec\xd6s\xd4y\xd2\x05\xd1\x19\xd0\xb8\xcf\xe1\xcf\x92\
\xd0\xc9\xd1\x82\xd3\xb5\xd5[\xd8m\xdb\xdf\xde\xa7\xe2\xb9\
\xe6\x09\xeb\x88\xef*\xf4\xe0\xf8\x9b\xfdN\x02\xec\x06f\
\x0b\xb0\x0f\xbc\x13\x81\x17\xf2\x1a\x07\x1e\xb8 \xfd\x22\xd1\
$/&\x15'\x82'u'\xf0&\xf6%\x8c$\xb8\
\x22\x7f \xeb\x1d\x05\x1b\xd6\x17j\x14\xcb\x10\x07\x0d(\
\x09<\x05P\x01p\xfd\xa7\xf9\x02\xf6\x8c\xf2N\xefT\
\xec\xa6\xe9K\xe7I\xe5\xa8\xe3j\xe2\x92\xe1\x22\xe1\x1a\
\xe1z\xe1>\xe2c\xe3\xe4\xe4\xbb\xe6\xe2\xe8O\xeb\xfb\
\xed\xdc\xf0\xe7\xf3\x13\xf7T\xfa\x9f\xfd\xe7\x00%\x04L\
\x07R\x0a-\x0d\xd3\x0f=\x12b\x14;\x16\xc4\x17\xf7\
\x18\xd2\x19Q\x1as\x1a:\x1a\xa6\x19\xb9\x18x\x17\xe6\
\x15\x0b\x14\xec\x11\x91\x0f\x03\x0dI\x0ao\x07}\x04~\
\x01|\xfe\x81\xfb\x96\xf8\xc7\xf5\x1c\xf3\x9e\xf0U\xeeJ\
\xec\x82\xea\x04\xe9\xd4\xe7\xf6\xe6m\xe6:\xe6^\xe6\xd9\
\xe6\xa7\xe7\xc7\xe84\xea\xea\xeb\xe2\xed\x15\xf0~\xf2\x12\
\xf5\xc9\xf7\x9a\xfa}\xfde\x00K\x03%\x06\xea\x08\x8f\
\x0b\x0c\x0eY\x10o\x12F\x14\xd9\x15#\x17\x1f\x18\xcb\
\x18$\x19)\x19\xdc\x18<\x18M\x17\x11\x16\x8e\x14\xc8\
\x12\xc6\x10\x8e\x0e(\x0c\x9d\x09\xf5\x069\x04s\x01\xad\
\xfe\xee\xfbA\xf9\xaf\xf6@\xf4\xfc\xf1\xec\xef\x16\xee\x81\
\xec1\xeb*\xeaq\xe9\x08\xe9\xef\xe8'\xe9\xaf\xe9\x84\
\xea\xa5\xeb\x0d\xed\xb6\xee\x9c\xf0\xb7\xf2\x00\xf5n\xf7\xfa\
\xf9\x9a\xfcE\xff\xf1\x01\x96\x04*\x07\xa3\x09\xfa\x0b$\
\x0e\x1c\x10\xd9\x11U\x13\x8b\x14v\x15\x12\x16^\x16V\
\x16\xfc\x15P\x15T\x14\x0a\x13w\x11\xa0\x0f\x8b\x0d>\
\x0b\xc2\x08\x1e\x06\x5c\x03\x86\x00\xa4\xfd\xc1\xfa\xe7\xf7\x1f\
\xf5t\xf2\xf0\xef\x9b\xed\x7f\xeb\xa2\xe9\x0d\xe8\xc6\xe6\xd1\
\xe54\xe5\xf1\xe4\x0b\xe5\x83\xe5W\xe6\x88\xe7\x11\xe9\xef\
\xea\x1d\xed\x95\xefO\xf2D\xf5k\xf8\xba\xfb'\xff\xa5\
\x02-\x06\xb2\x09'\x0d\x83\x10\xb9\x13\xbf\x16\x8b\x19\x13\
\x1cN\x1e4 \xbe!\xe5\x22\xa6#\xfb#\xe3#]\
#h\x22\x07!;\x1f\x0b\x1dz\x1a\x8f\x17S\x14\xce\
\x10\x0b\x0d\x13\x09\xf2\x04\xb4\x00g\xfc\x16\xf8\xcd\xf3\x9b\
\xef\x8c\xeb\xac\xe7\x07\xe4\xa9\xe0\x9c\xdd\xea\xda\x9c\xd8\xba\
\xd6I\xd5O\xd4\xd0\xd3\xce\xd3K\xd4E\xd5\xba\xd6\xa8\
\xd8\x09\xdb\xd8\xdd\x0c\xe1\x9e\xe4\x82\xe8\xaf\xec\x19\xf1\xb3\
\xf5q\xfaD\xff\x1e\x04\xf3\x08\xb4\x0dS\x12\xc4\x16\xf8\
\x1a\xe5\x1e}\x22\xb8%\x8b(\xee*\xda,J.9\
/\xa4/\x8b/\xec.\xcb-),\x0d*|'}\
$\x19!Z\x1dK\x19\xf7\x14k\x10\xb5\x0b\xe1\x06\xfd\
\x01\x1a\xfdB\xf8\x84\xf3\xef\xee\x8f\xeap\xe6\x9f\xe2&\
\xdf\x0e\xdc`\xd9#\xd7^\xd5\x14\xd4I\xd3\xfe\xd24\
\xd3\xea\xd3\x1b\xd5\xc5\xd6\xe1\xd8i\xdbU\xde\x9b\xe11\
\xe5\x0c\xe9 \xeda\xf1\xc2\xf56\xfa\xaf\xfe\x1f\x03|\
\x07\xb7\x0b\xc4\x0f\x97\x13&\x17f\x1aO\x1d\xd9\x1f\xfc\
!\xb4#\xfb$\xd0%1&\x1e&\x99%\xa3$A\
#y!P\x1f\xcf\x1c\xfe\x19\xe6\x16\x92\x13\x0d\x10a\
\x0c\x9b\x08\xc7\x04\xf1\x00%\xfdn\xf9\xd7\xf5m\xf29\
\xefD\xec\x97\xe9;\xe75\xe5\x8b\xe3B\xe2]\xe1\xdd\
\xe0\xc3\xe0\x0f\xe1\xbe\xe1\xcd\xe29\xe4\xfb\xe5\x0d\xe8h\
\xea\x04\xed\xd7\xef\xd7\xf2\xfc\xf59\xf9\x86\xfc\xd5\xff\x1d\
\x03S\x06m\x09b\x0c&\x0f\xb3\x11\x00\x14\x05\x16\xbd\
\x17#\x193\x1a\xe9\x1aE\x1bD\x1b\xe9\x1a5\x1a+\
\x19\xce\x17#\x161\x14\xff\x11\x93\x0f\xf7\x0c3\x0aP\
\x07W\x04T\x01Q\xfeU\xfbl\xf8\x9e\xf5\xf5\xf2z\
\xf04\xee+\xece\xea\xe6\xe8\xb5\xe7\xd5\xe6G\xe6\x0d\
\xe6)\xe6\x98\xe6Y\xe7i\xe8\xc5\xe9g\xebK\xedh\
\xef\xb9\xf15\xf4\xd4\xf6\x8e\xf9Y\xfc,\xff\xfd\x01\xc4\
\x04x\x07\x10\x0a\x84\x0c\xcb\x0e\xdf\x10\xb9\x12T\x14\xaa\
\x15\xb8\x16z\x17\xef\x17\x16\x18\xee\x17y\x17\xb9\x16\xb1\
\x15d\x14\xd8\x12\x12\x11\x18\x0f\xf1\x0c\xa5\x0a=\x08\xbf\
\x054\x03\xa6\x00\x1e\xfe\xa1\xfb;\xf9\xf2\xf6\xce\xf4\xd7\
\xf2\x11\xf1\x84\xef4\xee%\xed[\xec\xd7\xeb\x9b\xeb\xa6\
\xeb\xfa\xeb\x93\xeco\xed\x8c\xee\xe4\xefr\xf11\xf3\x19\
\xf5%\xf7M\xf9\x88\xfb\xcf\xfd\x19\x00^\x02\x97\x04\xba\
\x06\xc0\x08\xa3\x0aZ\x0c\xe1\x0d0\x0fD\x10\x19\x11\xab\
\x11\xf9\x11\x00\x12\xc1\x11=\x11u\x10k\x0f$\x0e\xa4\
\x0c\xef\x0a\x0c\x09\x02\x07\xd8\x04\x95\x02A\x00\xe7\xfd\x8c\
\xfb9\xf9\xf9\xf6\xd2\xf4\xce\xf2\xf3\xf0I\xef\xd6\xed\xa1\
\xec\xae\xeb\x02\xeb\xa0\xea\x8a\xea\xc3\xeaI\xeb\x1c\xec<\
\xed\xa4\xeeQ\xf0?\xf2h\xf4\xc5\xf6O\xf9\xfe\xfb\xcb\
\xfe\xa9\x01\x94\x04\x7f\x07a\x0a1\x0d\xe5\x0fs\x12\xd3\
\x14\xfb\x16\xe5\x18\x89\x1a\xe0\x1b\xe6\x1c\x95\x1d\xe9\x1d\xe2\
\x1d|\x1d\xb8\x1c\x98\x1b\x1c\x1aI\x18#\x16\xaf\x13\xf5\
\x10\xfa\x0d\xc9\x0ai\x07\xe4\x03E\x00\x98\xfc\xe5\xf89\
\xf5\x9f\xf1\x22\xee\xcd\xea\xa9\xe7\xc3\xe4\x22\xe2\xcf\xdf\xd2\
\xdd3\xdc\xf6\xda \xda\xb5\xd9\xb8\xd9(\xda\x07\xdbQ\
\xdc\x05\xde\x1f\xe0\x98\xe2k\xe5\x90\xe8\xfe\xeb\xac\xef\x90\
\xf3\x9f\xf7\xcd\xfb\x0d\x00U\x04\x98\x08\xc9\x0c\xdc\x10\xc6\
\x14z\x18\xee\x1b\x18\x1f\xee!h$}&)(e\
).*\x82*^*\xc4)\xb5(2'B%\xe9\
\x22- \x17\x1d\xb0\x19\x00\x16\x13\x12\xf4\x0d\xaf\x09P\
\x05\xe3\x00w\xfc\x16\xf8\xce\xf3\xab\xef\xb9\xeb\x03\xe8\x93\
\xe4u\xe1\xaf\xdeK\xdcN\xda\xbf\xd8\xa1\xd7\xf7\xd6\xc2\
\xd6\x04\xd7\xba\xd7\xe2\xd8y\xday\xdc\xdb\xde\x99\xe1\xa9\
\xe4\x03\xe8\x9c\xebj\xef`\xf3t\xf7\x98\xfb\xc1\xff\xe1\
\x03\xee\x07\xdb\x0b\x9d\x0f)\x13t\x16v\x19%\x1c{\
\x1eq \x02\x22*#\xe6#5$\x17$\x8c#\x98\
\x22>!\x83\x1fm\x1d\x04\x1bN\x18U\x15#\x12\xc1\
\x0e<\x0b\x9c\x07\xef\x03@\x00\x9a\xfc\x07\xf9\x93\xf5I\
\xf22\xefW\xec\xc1\xe9x\xe7\x81\xe5\xe3\xe3\xa1\xe2\xc0\
\xe1@\xe1#\xe1h\xe1\x0e\xe2\x12\xe3p\xe4\x22\xe6$\
\xe8n\xea\xf9\xec\xbb\xef\xab\xf2\xc1\xf5\xf2\xf83\xfcz\
\xff\xbc\x02\xf1\x05\x0c\x09\x05\x0c\xd2\x0ek\x11\xc7\x13\xdf\
\x15\xae\x17-\x19Y\x1a-\x1b\xa9\x1b\xcb\x1b\x93\x1b\x03\
\x1b\x1b\x1a\xe1\x18X\x17\x86\x15p\x13\x1f\x11\x99\x0e\xe7\
\x0b\x11\x09\x22\x06\x22\x03\x1b\x00\x18\xfd!\xfa?\xf7|\
\xf4\xe1\xf1u\xefA\xedJ\xeb\x97\xe9-\xe8\x0f\xe7B\
\xe6\xc7\xe5\x9f\xe5\xca\xe5G\xe6\x15\xe70\xe8\x94\xe9=\
\xeb$\xedD\xef\x95\xf1\x0f\xf4\xab\xf6`\xf9%\xfc\xf2\
\xfe\xbb\x01|\x04)\x07\xba\x09)\x0cl\x0e}\x10W\
\x12\xf3\x13M\x15a\x16-\x17\xae\x17\xe3\x17\xcd\x17l\
\x17\xc3\x16\xd3\x15\xa2\x143\x13\x8b\x11\xb1\x0f\xab\x0d\x80\
\x0b8\x09\xd9\x06m\x04\xfc\x01\x8e\xff)\xfd\xd6\xfa\x9d\
\xf8\x85\xf6\x95\xf4\xd2\xf2B\xf1\xe9\xef\xcb\xee\xed\xedO\
\xed\xf2\xec\xd9\xec\x02\xedk\xed\x13\xee\xf7\xee\x12\xf0a\
\xf1\xdf\xf2\x84\xf4L\xf6/\xf8'\xfa,\xfc7\xfe?\
\x00?\x02/\x04\x08\x06\xc4\x07[\x09\xc9\x0a\x08\x0c\x15\
\x0d\xeb\x0d\x88\x0e\xe9\x0e\x0e\x0f\xf6\x0e\xa1\x0e\x12\x0eI\
\x0dK\x0c\x1b\x0b\xbd\x096\x08\x8d\x06\xc8\x04\xed\x02\x02\
\x01\x12\xff\x1f\xfd4\xfbX\xf9\x91\xf7\xe7\xf5_\xf4\x01\
\xf3\xd2\xf1\xd6\xf0\x12\xf0\x8a\xef@\xef6\xefn\xef\xe6\
\xef\x9f\xf0\x97\xf1\xcb\xf27\xf4\xd9\xf5\xaa\xf7\xa4\xf9\xc3\
\xfb\xfe\xfdM\x00\xab\x02\x0e\x05o\x07\xc5\x09\x08\x0c/\
\x0e4\x10\x0e\x12\xb7\x13(\x15[\x16K\x17\xf4\x17S\
\x18e\x18(\x18\x9b\x17\xc0\x16\x98\x15%\x14j\x12l\
\x100\x0e\xbc\x0b\x17\x09I\x06Y\x03Q\x00:\xfd\x1c\
\xfa\x02\xf7\xf4\xf3\xfd\xf0&\xeex\xeb\xfc\xe8\xba\xe6\xba\
\xe4\x03\xe3\x9a\xe1\x85\xe0\xc9\xdfh\xdfe\xdf\xc1\xdf|\
\xe0\x94\xe1\x08\xe3\xd4\xe4\xf3\xe6a\xe9\x16\xec\x0c\xef:\
\xf2\x98\xf5\x1b\xf9\xbb\xfck\x00#\x04\xd7\x07}\x0b\x09\
\x0fq\x12\xab\x15\xad\x18o\x1b\xe7\x1d\x0e \xde!P\
#a$\x0c%O%*%\x9c$\xa5#J\x22\x8d\
 s\x1e\x02\x1c@\x196\x16\xed\x12l\x0f\xc0\x0b\xf1\
\x07\x0b\x04\x1a\x00)\xfcC\xf8s\xf4\xc4\xf0B\xed\xf6\
\xe9\xe9\xe6%\xe4\xb2\xe1\x96\xdf\xd8\xdd|\xdc\x87\xdb\xfb\
\xda\xd9\xda\x22\xdb\xd4\xdb\xed\xdcj\xdeE\xe0{\xe2\x02\
\xe5\xd5\xe7\xea\xea8\xee\xb6\xf1X\xf5\x14\xf9\xde\xfc\xab\
\x00q\x04%\x08\xba\x0b'\x0fb\x12a\x15\x1c\x18\x8a\
\x1a\xa6\x1ci\x1e\xce\x1f\xd1 q!\xac!\x81!\xf2\
 \x01 \xb2\x1e\x08\x1d\x0a\x1b\xbe\x18+\x16Z\x13T\
\x10\x22\x0d\xce\x09b\x06\xea\x02p\xff\xff\xfb\xa0\xf8^\
\xf5D\xf2Z\xef\xa9\xec:\xea\x12\xe8:\xe6\xb5\xe4\x88\
\xe3\xb6\xe2A\xe2*\xe2q\xe2\x15\xe3\x12\xe4f\xe5\x0b\
\xe7\xfd\xe84\xeb\xa9\xedU\xf0.\xf3,\xf6E\xf9o\
\xfc\xa0\xff\xce\x02\xef\x05\xfa\x08\xe5\x0b\xa6\x0e7\x11\x8e\
\x13\xa4\x15t\x17\xf8\x18+\x1a\x0b\x1b\x94\x1b\xc6\x1b\xa0\
\x1b#\x1bQ\x1a-\x19\xbb\x17\xff\x15\x00\x14\xc4\x11R\
\x0f\xb2\x0c\xec\x09\x0a\x07\x14\x04\x14\x01\x14\xfe\x1b\xfb4\
\xf8h\xf5\xbf\xf2A\xf0\xf6\xed\xe5\xeb\x14\xea\x88\xe8F\
\xe7Q\xe6\xac\xe5Y\xe5W\xe5\xa8\xe5H\xe66\xe7o\
\xe8\xee\xe9\xaf\xeb\xab\xed\xdc\xef:\xf2\xbf\xf4b\xf7\x1c\
\xfa\xe2\xfc\xad\xffs\x02-\x05\xd2\x07[\x0a\xbf\x0c\xf7\
\x0e\xfc\x10\xca\x12[\x14\xaa\x15\xb4\x16w\x17\xf0\x17\x1f\
\x18\x05\x18\xa1\x17\xf7\x16\x09\x16\xda\x14o\x13\xcd\x11\xfb\
\x0f\xfd\x0d\xdb\x0b\x9d\x09I\x07\xe7\x04\x7f\x02\x1a\x00\xbe\
\xfdr\xfb?\xf9*\xf7:\xf5u\xf3\xe1\xf1\x80\xf0X\
\xefl\xee\xbd\xedL\xed\x1b\xed*\xedv\xed\xfe\xed\xbf\
\xee\xb7\xef\xe0\xf06\xf2\xb4\xf3U\xf5\x11\xf7\xe3\xf8\xc3\
\xfa\xab\xfc\x95\xfex\x00O\x02\x14\x04\xc0\x05M\x07\xb6\
\x08\xf7\x09\x0b\x0b\xef\x0b\xa0\x0c\x1c\x0db\x0dq\x0dJ\
\x0d\xee\x0c^\x0c\x9d\x0b\xaf\x0a\x96\x09X\x08\xfa\x06\x81\
\x05\xf2\x03U\x02\xae\x00\x07\xffb\xfd\xc9\xfb@\xfa\xce\
\xf8y\xf7F\xf6:\xf5Y\xf4\xa7\xf3'\xf3\xdc\xf2\xc7\
\xf2\xe9\xf2B\xf3\xd2\xf3\x96\xf4\x8e\xf5\xb5\xf6\x08\xf8\x83\
\xf9!\xfb\xdc\xfc\xaf\xfe\x92\x00\x81\x02s\x04a\x06F\
\x08\x19\x0a\xd3\x0bo\x0d\xe6\x0e2\x10N\x115\x12\xe3\
\x12T\x13\x86\x13w\x13&\x13\x93\x12\xbe\x11\xa9\x10W\
\x0f\xcb\x0d\x08\x0c\x13\x0a\xf3\x07\xac\x05G\x03\xc9\x00<\
\xfe\xa6\xfb\x0f\xf9\x80\xf6\x00\xf4\x99\xf1R\xef2\xedB\
\xeb\x87\xe9\x07\xe8\xca\xe6\xd2\xe5$\xe5\xc3\xe4\xb1\xe4\xf1\
\xe4\x81\xe5a\xe6\x90\xe7\x0b\xe9\xce\xea\xd5\xec\x1c\xef\x9a\
\xf1K\xf4%\xf7\x22\xfa9\xfd_\x00\x8e\x03\xbb\x06\xdd\
\x09\xea\x0c\xd9\x0f\xa2\x12<\x15\x9e\x17\xc2\x19\xa1\x1b4\
\x1dw\x1ee\x1f\xfb\x1f7 \x18 \x9d\x1f\xc8\x1e\x9a\
\x1d\x17\x1cB\x1a \x18\xb8\x15\x0f\x13/\x10\x1e\x0d\xe5\
\x09\x8f\x06$\x03\xaf\xff8\xfc\xcc\xf8r\xf56\xf2!\
\xef<\xec\x8f\xe9\x22\xe7\xfd\xe4%\xe3\xa1\xe1t\xe0\xa2\
\xdf-\xdf\x18\xdfa\xdf\x08\xe0\x0b\xe1h\xe2\x19\xe4\x1a\
\xe6d\xe8\xf2\xea\xbb\xed\xb7\xf0\xdc\xf3#\xf7\x80\xfa\xea\
\xfdV\x01\xbb\x04\x0f\x08G\x0bZ\x0e@\x11\xee\x13^\
\x16\x89\x18h\x1a\xf6\x1b.\x1d\x0e\x1e\x92\x1e\xba\x1e\x85\
\x1e\xf4\x1d\x0b\x1d\xca\x1b7\x1aW\x180\x16\xc9\x13(\
\x11W\x0e^\x0bF\x08\x19\x05\xe1\x01\xa8\xfew\xfbX\
\xf8T\xf5v\xf2\xc5\xefJ\xed\x0b\xeb\x11\xe9_\xe7\xfd\
\xe5\xec\xe42\xe4\xce\xe3\xc3\xe3\x10\xe4\xb4\xe4\xac\xe5\xf5\
\xe6\x8c\xe8j\xea\x8a\xec\xe5\xeet\xf1-\xf4\x0a\xf7\x00\
\xfa\x07\xfd\x14\x00 \x03 \x06\x0b\x09\xd7\x0b}\x0e\xf4\
\x105\x139\x15\xfa\x16r\x18\x9d\x19x\x1a\x01\x1b5\
\x1b\x16\x1b\xa2\x1a\xdc\x19\xc6\x18d\x17\xbb\x15\xcf\x13\xa7\
\x11J\x0f\xbf\x0c\x0e\x0a?\x07[\x04k\x01y\xfe\x8c\
\xfb\xae\xf8\xe8\xf5B\xf3\xc5\xf0v\xee_\xec\x84\xea\xeb\
\xe8\x98\xe7\x90\xe6\xd6\xe5j\xe5O\xe5\x84\xe5\x08\xe6\xd9\
\xe6\xf5\xe7W\xe9\xfc\xea\xdd\xec\xf5\xee=\xf1\xae\xf3@\
\xf6\xec\xf8\xa8\xfbn\xfe3\x01\xf1\x03\x9e\x063\x09\xa8\
\x0b\xf6\x0d\x16\x10\x02\x12\xb5\x13*\x15]\x16K\x17\xf2\
\x17Q\x18f\x183\x18\xb9\x17\xfa\x16\xf9\x15\xb9\x14@\
\x13\x92\x11\xb6\x0f\xb0\x0d\x89\x0bG\x09\xf1\x06\x8f\x04(\
\x02\xc6\xffl\xfd$\xfb\xf4\xf8\xe3\xf6\xf7\xf45\xf3\xa2\
\xf1C\xf0\x1c\xef.\xee|\xed\x07\xed\xd1\xec\xd7\xec\x1a\
\xed\x98\xedN\xee8\xefS\xf0\x9b\xf1\x0a\xf3\x9b\xf4H\
\xf6\x0b\xf8\xdd\xf9\xb9\xfb\x97\xfdr\xffA\x01\x01\x03\xac\
\x04;\x06\xa9\x07\xf2\x08\x13\x0a\x07\x0b\xcc\x0ba\x0c\xc3\
\x0c\xf2\x0c\xee\x0c\xb9\x0cR\x0c\xbe\x0b\xfe\x0a\x16\x0a\x0a\
\x09\xde\x07\x97\x06;\x05\xcf\x03X\x02\xdc\x00b\xff\xef\
\xfd\x88\xfc3\xfb\xf6\xf9\xd5\xf8\xd4\xf7\xf8\xf6E\xf6\xbc\
\xf5`\xf53\xf56\xf5h\xf5\xca\xf5Z\xf6\x16\xf7\xfc\
\xf7\x08\xf98\xfa\x86\xfb\xee\xfck\xfe\xf8\xff\x8d\x01'\
\x03\xbe\x04N\x06\xcf\x07<\x09\x8f\x0a\xc3\x0b\xd2\x0c\xb9\
\x0dt\x0e\xfe\x0eU\x0fw\x0fb\x0f\x16\x0f\x92\x0e\xd8\
\x0d\xe9\x0c\xc6\x0bt\x0a\xf5\x08M\x07\x83\x05\x9a\x03\x99\
\x01\x87\xffi\xfdF\xfb&\xf9\x0e\xf7\x07\xf5\x18\xf3E\
\xf1\x98\xef\x14\xee\xc0\xec\xa0\xeb\xba\xea\x11\xea\xa7\xe9\x80\
\xe9\x9c\xe9\xfd\xe9\xa2\xea\x8a\xeb\xb3\xec\x1b\xee\xbe\xef\x97\
\xf1\xa3\xf3\xdb\xf59\xf8\xb7\xfaM\xfd\xf3\xff\xa1\x02Q\
\x05\xfa\x07\x94\x0a\x16\x0dy\x0f\xb6\x11\xc5\x13\xa0\x15A\
\x17\xa3\x18\xc0\x19\x96\x1a!\x1b^\x1bM\x1b\xed\x1a?\
\x1aD\x19\xff\x17s\x16\xa3\x14\x96\x12Q\x10\xda\x0d8\
\x0br\x08\x92\x05\x9f\x02\xa2\xff\xa3\xfc\xab\xf9\xc4\xf6\xf5\
\xf3G\xf1\xc3\xeeo\xecR\xeat\xe8\xd9\xe6\x87\xe5\x82\
\xe4\xcc\xe3h\xe3W\xe3\x99\xe3/\xe4\x15\xe5J\xe6\xca\
\xe7\x91\xe9\x99\xeb\xdc\xedS\xf0\xf8\xf2\xc2\xf5\xa9\xf8\xa4\
\xfb\xab\xfe\xb2\x01\xb4\x04\xa6\x07\x80\x0a8\x0d\xc7\x0f&\
\x12L\x144\x16\xd7\x172\x19@\x1a\xff\x1ak\x1b\x84\
\x1bI\x1b\xbc\x1a\xdf\x19\xb3\x18>\x17\x83\x15\x87\x13R\
\x11\xea\x0eU\x0c\x9d\x09\xca\x06\xe4\x03\xf4\x00\x05\xfe\x1d\
\xfbF\xf8\x89\xf5\xee\xf2}\xf0>\xee7\xeco\xea\xeb\
\xe8\xaf\xe7\xbf\xe6\x1f\xe6\xcf\xe5\xd0\xe5$\xe6\xc7\xe6\xb9\
\xe7\xf5\xe8y\xea@\xecC\xee~\xf0\xe7\xf2y\xf5,\
\xf8\xf6\xfa\xcf\xfd\xae\x00\x8b\x03]\x06\x1b\x09\xbd\x0b:\
\x0e\x8b\x10\xa9\x12\x8e\x143\x16\x93\x17\xab\x18x\x19\xf6\
\x19$\x1a\x03\x1a\x92\x19\xd2\x18\xc7\x17s\x16\xda\x14\x02\
\x13\xf0\x10\xab\x0e9\x0c\xa2\x09\xee\x06%\x04O\x01w\
\xfe\xa2\xfb\xdb\xf8*\xf6\x96\xf3(\xf1\xe7\xee\xd9\xec\x04\
\xebo\xe9\x1d\xe8\x12\xe7R\xe6\xde\xe5\xb7\xe5\xde\xe5R\
\xe6\x12\xe7\x1a\xe8h\xe9\xf7\xea\xc2\xec\xc5\xee\xf8\xf0U\
\xf3\xd4\xf5o\xf8\x1d\xfb\xd6\xfd\x91\x00G\x03\xf1\x05\x85\
\x08\xfd\x0aQ\x0d{\x0fs\x116\x13\xbe\x14\x07\x16\x0d\
\x17\xcf\x17I\x18}\x18h\x18\x0d\x18n\x17\x8b\x16j\
\x15\x0d\x14z\x12\xb6\x10\xc6\x0e\xb1\x0c~\x0a3\x08\xd8\
\x05s\x03\x0d\x01\xae\xfeZ\xfc\x1a\xfa\xf3\xf7\xee\xf5\x0e\
\xf4Z\xf2\xd5\xf0\x85\xefk\xee\x8c\xed\xe8\xec\x80\xecV\
\xech\xec\xb5\xec<\xed\xf9\xed\xea\xee\x0b\xf0W\xf1\xc9\
\xf2\x5c\xf4\x0b\xf6\xcf\xf7\xa2\xf9~\xfb^\xfd9\xff\x0a\
\x01\xcd\x02{\x04\x0e\x06\x83\x07\xd4\x08\xfe\x09\xfd\x0a\xcf\
\x0bs\x0c\xe6\x0c(\x0d9\x0d\x19\x0d\xcb\x0cP\x0c\xaa\
\x0b\xdc\x0a\xeb\x09\xdb\x08\xaf\x07m\x06\x19\x05\xba\x03T\
\x02\xec\x00\x8a\xff0\xfe\xe5\xfc\xad\xfb\x8d\xfa\x8a\xf9\xa6\
\xf8\xe6\xf7K\xf7\xd9\xf6\x90\xf6r\xf6\x7f\xf6\xb6\xf6\x18\
\xf7\xa2\xf7Q\xf8%\xf9\x19\xfa)\xfbR\xfc\x8f\xfd\xdb\
\xfe1\x00\x8c\x01\xe8\x02>\x04\x89\x05\xc4\x06\xea\x07\xf6\
\x08\xe4\x09\xb1\x0aW\x0b\xd5\x0b(\x0cN\x0cF\x0c\x0f\
\x0c\xa8\x0b\x13\x0bQ\x0ad\x09O\x08\x13\x07\xb6\x05<\
\x04\xa8\x02\x00\x01K\xff\x8c\xfd\xca\xfb\x0a\xfaS\xf8\xac\
\xf6\x18\xf5\x9f\xf3F\xf2\x11\xf1\x05\xf0'\xefz\xee\x01\
\xee\xbe\xed\xb4\xed\xe2\xedJ\xee\xec\xee\xc5\xef\xd4\xf0\x17\
\xf2\x8a\xf3*\xf5\xf2\xf6\xdd\xf8\xe5\xfa\x04\xfd6\xffp\
\x01\xb0\x03\xed\x05\x1f\x08B\x0aL\x0c9\x0e\x01\x10\xa0\
\x11\x0f\x13J\x14L\x15\x13\x16\x9a\x16\xe1\x16\xe5\x16\xa5\
\x16#\x16_\x15[\x14\x19\x13\x9c\x11\xea\x0f\x06\x0e\xf6\
\x0b\xc0\x09i\x07\xfa\x04y\x02\xee\xff_\xfd\xd5\xfaX\
\xf8\xee\xf5\x9f\xf3r\xf1o\xef\x9a\xed\xf9\xeb\x93\xeaj\
\xe9\x84\xe8\xe2\xe7\x86\xe7s\xe7\xa8\xe7%\xe8\xe9\xe8\xf1\
\xe9;\xeb\xc3\xec\x84\xeey\xf0\x9d\xf2\xe8\xf4U\xf7\xdb\
\xf9t\xfc\x17\xff\xbb\x01[\x04\xed\x06j\x09\xca\x0b\x06\
\x0e\x17\x10\xf7\x11\xa0\x13\x0d\x15:\x16#\x17\xc5\x17\x1e\
\x18.\x18\xf4\x17p\x17\xa5\x16\x95\x15B\x14\xb2\x12\xe9\
\x10\xec\x0e\xc2\x0cq\x0a\x00\x08w\x05\xdd\x02;\x00\x9a\
\xfd\x00\xfbv\xf8\x03\xf6\xaf\xf3\x82\xf1\x83\xef\xb6\xed\x22\
\xec\xcd\xea\xb9\xe9\xea\xe8d\xe8'\xe84\xe8\x8b\xe8+\
\xe9\x13\xea?\xeb\xac\xecU\xee6\xf0I\xf2\x87\xf4\xe9\
\xf6i\xf9\xfe\xfb\xa1\xfeI\x01\xee\x03\x89\x06\x11\x09~\
\x0b\xc9\x0d\xeb\x0f\xdd\x11\x9a\x13\x1b\x15]\x16[\x17\x12\
\x18\x80\x18\xa4\x18|\x18\x0b\x18P\x17N\x16\x07\x15\x81\
\x13\xbf\x11\xc6\x0f\x9d\x0dJ\x0b\xd4\x08B\x06\x9d\x03\xeb\
\x007\xfe\x86\xfb\xe1\xf8P\xf6\xdb\xf3\x8a\xf1c\xefl\
\xed\xac\xeb'\xea\xe2\xe8\xe1\xe7'\xe7\xb5\xe6\x8d\xe6\xb0\
\xe6\x1c\xe7\xd1\xe7\xcc\xe8\x0a\xea\x87\xeb?\xed-\xefJ\
\xf1\x91\xf3\xfa\xf5~\xf8\x17\xfb\xbb\xfdc\x00\x08\x03\xa2\
\x05)\x08\x96\x0a\xe1\x0c\x05\x0f\xfb\x10\xbe\x12I\x14\x97\
\x15\xa6\x16r\x17\xfa\x17<\x189\x18\xf0\x17c\x17\x95\
\x16\x88\x15@\x14\xc1\x12\x10\x112\x0f.\x0d\x09\x0b\xcb\
\x08y\x06\x1c\x04\xba\x01\x5c\xff\x06\xfd\xc1\xfa\x92\xf8\x80\
\xf6\x92\xf4\xcb\xf22\xf1\xc9\xef\x96\xee\x9a\xed\xd8\xecR\
\xec\x08\xec\xfa\xeb'\xec\x8e\xec.\xed\x02\xee\x08\xef;\
\xf0\x98\xf1\x19\xf3\xba\xf4s\xf6A\xf8\x1b\xfa\xfe\xfb\xe1\
\xfd\xc1\xff\x94\x01X\x03\x07\x05\x9b\x06\x10\x08b\x09\x8c\
\x0a\x8c\x0b`\x0c\x05\x0d{\x0d\xc0\x0d\xd5\x0d\xbb\x0dr\
\x0d\xfc\x0c]\x0c\x97\x0b\xad\x0a\xa4\x09\x80\x08E\x07\xf8\
\x05\x9e\x04<\x03\xd8\x01v\x00\x1d\xff\xd0\xfd\x94\xfcm\
\xfb`\xfap\xf9\xa0\xf8\xf3\xf7l\xf7\x0b\xf7\xd2\xf6\xc1\
\xf6\xd9\xf6\x17\xf7|\xf7\x06\xf8\xb1\xf8{\xf9b\xfa`\
\xfbs\xfc\x96\xfd\xc4\xfe\xf9\xff/\x01c\x02\x90\x03\xb0\
\x04\xbf\x05\xba\x06\x9b\x07_\x08\x04\x09\x86\x09\xe2\x09\x18\
\x0a&\x0a\x0a\x0a\xc6\x09Y\x09\xc5\x08\x0b\x08.\x07/\
\x06\x12\x05\xdc\x03\x8f\x020\x01\xc5\xffQ\xfe\xd9\xfcd\
\xfb\xf5\xf9\x93\xf8B\xf7\x08\xf6\xe8\xf4\xe7\xf3\x09\xf3R\
\xf2\xc4\xf1b\xf1/\xf1+\xf1X\xf1\xb5\xf1C\xf2\xff\
\xf2\xe9\xf3\xfd\xf4:\xf6\x9c\xf7\x1e\xf9\xbd\xfas\xfc<\
\xfe\x11\x00\xee\x01\xcc\x03\xa7\x05v\x076\x09\xdf\x0an\
\x0c\xdc\x0d$\x0fC\x104\x11\xf3\x11\x7f\x12\xd5\x12\xf3\
\x12\xd8\x12\x85\x12\xf9\x116\x11>\x10\x13\x0f\xb8\x0d2\
\x0c\x84\x0a\xb3\x08\xc5\x06\xbf\x04\xa8\x02\x85\x00_\xfe9\
\xfc\x1b\xfa\x0c\xf8\x12\xf63\xf4u\xf2\xdd\xf0q\xef5\
\xee-\xed]\xec\xc6\xebl\xebP\xebq\xeb\xd0\xebm\
\xecD\xedU\xee\x9b\xef\x14\xf1\xba\xf2\x8a\xf4|\xf6\x8d\
\xf8\xb4\xfa\xed\xfc0\xfft\x01\xb6\x03\xed\x05\x12\x08 \
\x0a\x0e\x0c\xd8\x0dx\x0f\xe8\x10%\x12*\x13\xf3\x13\x80\
\x14\xcd\x14\xda\x14\xa6\x141\x14\x7f\x13\x8f\x12e\x11\x05\
\x10s\x0e\xb3\x0c\xcb\x0a\xc1\x08\x9b\x06_\x04\x15\x02\xc4\
\xffr\xfd(\xfb\xeb\xf8\xc4\xf6\xb8\xf4\xcf\xf2\x0e\xf1{\
\xef\x1b\xee\xf2\xec\x04\xecU\xeb\xe5\xea\xb8\xea\xcd\xea$\
\xeb\xbd\xeb\x96\xec\xad\xed\xfd\xee\x84\xf0=\xf2#\xf4/\
\xf6\x5c\xf8\xa2\xfa\xfc\xfcb\xff\xcb\x013\x04\x90\x06\xdb\
\x08\x0e\x0b!\x0d\x0e\x0f\xcf\x10_\x12\xb8\x13\xd6\x14\xb7\
\x15U\x16\xb1\x16\xc8\x16\x9b\x16(\x16r\x15{\x14E\
\x13\xd3\x11+\x10P\x0eH\x0c\x1a\x0a\xcb\x07c\x05\xe9\
\x02c\x00\xdb\xfdW\xfb\xde\xf8x\xf6,\xf4\x01\xf2\xfe\
\xef(\xee\x86\xec\x1b\xeb\xec\xe9\xfe\xe8Q\xe8\xe9\xe7\xc7\
\xe7\xeb\xe7U\xe8\x03\xe9\xf4\xe9$\xeb\x90\xec4\xee\x0c\
\xf0\x11\xf2=\xf4\x8b\xf6\xf3\xf8o\xfb\xf7\xfd\x82\x00\x0c\
\x03\x8c\x05\xfa\x07P\x0a\x88\x0c\x99\x0e\x80\x106\x12\xb6\
\x13\xfd\x14\x08\x16\xd2\x16[\x17\xa1\x17\xa4\x17e\x17\xe3\
\x16\x22\x16#\x15\xea\x13{\x12\xdb\x10\x0f\x0f\x1b\x0d\x07\
\x0b\xd9\x08\x96\x06F\x04\xf0\x01\x9c\xffN\xfd\x0e\xfb\xe3\
\xf8\xd2\xf6\xe1\xf4\x17\xf3w\xf1\x06\xf0\xc8\xeef\xf4\x17\
\xfa\xb5\xff\x1e\x054\x0a\xd8\x0e\xef\x12a\x16\x1d\x19\x14\
\x1b=\x1c\x93\x1c\x18\x1c\xd2\x1a\xcc\x18\x16\x16\xc3\x12\xeb\
\x0e\xa8\x0a\x18\x06Z\x01\x8e\xfc\xd2\xf7H\xf3\x0d\xef?\
\xeb\xf6\xe7I\xe5K\xe3\x0a\xe2\x90\xe1\xe1\xe1\xff\xe2\xe3\
\xe4\x83\xe7\xd3\xea\xbd\xee-\xf3\x07\xf80\xfd\x87\x02\xed\
\x07B\x0dd\x124\x17\x94\x1bg\x1f\x96\x22\x0b%\xb5\
&\x87'{'\x8e&\xc3$ \x22\xb4\x1e\x90\x1a\xca\
\x15{\x10\xc1\x0a\xbb\x04\x8c\xfeU\xf8;\xf2a\xec\xe8\
\xe6\xf1\xe1\x99\xdd\xfa\xd9*\xd7;\xd59\xd4-\xd4\x17\
\xd5\xf6\xd6\xc0\xd9h\xdd\xd9\xe1\xfd\xe6\xb8\xec\xeb\xf2r\
\xf9+\x00\xef\x06\x9a\x0d\x04\x14\x09\x1a\x86\x1f\x5c$n\
(\xa4+\xea-2/q/\xa5.\xd0,\xfa)1\
&\x88!\x17\x1c\xf9\x15Q\x0f@\x08\xed\x00\x82\xf9#\
\xf2\xfa\xea0\xe4\xe8\xddG\xd8m\xd3s\xcfr\xcc|\
\xca\x9c\xc9\xd9\xc93\xcb\xa5\xcd#\xd1\x9d\xd5\xfc\xda$\
\xe1\xf6\xe7O\xef\x08\xf7\xfb\xfe\xfb\x06\xe3\x0e\x87\x16\xbf\
\x1dg$[*}/\xb23\xe46\x049\x07:\xe9\
9\xaa8S6\xef2\x93.T)Q#\xa8\x1c|\
\x15\xf5\x0d9\x06q\xfe\xc4\xf6[\xefZ\xe8\xe5\xe1\x1c\
\xdc\x1b\xd7\xfa\xd2\xcb\xcf\x9d\xcdw\xcc[\xccG\xcd1\
\xcf\x0c\xd2\xc4\xd5B\xdak\xdf!\xe5A\xeb\xaa\xf16\
\xf8\xc3\xfe)\x05K\x0b\x05\x11;\x16\xd1\x1a\xb3\x1e\xcd\
!\x13${%\x04&\xaf%\x82$\x8b\x22\xd7\x1f}\
\x1c\x93\x185\x14\x7f\x0f\x90\x0a\x87\x05\x85\x00\xa8\xfb\x0d\
\xf7\xd1\xf2\x0c\xef\xd5\xeb<\xe9R\xe7\x1e\xe6\xa7\xe5\xec\
\xe5\xea\xe6\x97\xe8\xe6\xea\xc5\xed!\xf1\xe2\xf4\xed\xf8'\
\xfdq\x01\xb0\x05\xc5\x09\x96\x0d\x06\x11\xfe\x13i\x165\
\x18U\x19\xbe\x19l\x19^\x18\x99\x16&\x14\x12\x11n\
\x0dP\x09\xd0\x04\x0b\x00\x1d\xfb$\xf6A\xf1\x93\xec9\
\xe8O\xe4\xf2\xe09\xde:\xdc\x04\xdb\xa4\xda\x22\xdb\x80\
\xdc\xbd\xde\xcf\xe1\xac\xe5@\xeaw\xef7\xf5b\xfb\xd7\
\x01u\x08\x18\x0f\x9b\x15\xd9\x1b\xaf!\xfa&\x9d+y\
/v2\x814\x895\x865r4N2 /\xf7\
*\xe2%\xf9\x1fX\x19\x1d\x12k\x0ai\x02>\xfa\x12\
\xf2\x0f\xea]\xe2#\xdb\x87\xd4\xab\xce\xad\xc9\xa7\xc5\xae\
\xc2\xd3\xc0\x1f\xc0\x97\xc09\xc2\xff\xc4\xda\xc8\xb8\xcd\x80\
\xd3\x17\xda[\xe1)\xe9Z\xf1\xc5\xf9@\x02\xa3\x0a\xc4\
\x12|\x1a\xa6!\x1f(\xca-\x8c2Q6\x099\xa9\
:-;\x97:\xee8=6\x972\x12.\xca(\xdb\
\x22h\x1c\x94\x15\x85\x0e_\x07I\x00i\xf9\xde\xf2\xcb\
\xecM\xe7~\xe2t\xde>\xdb\xea\xd8}\xd7\xfb\xd6^\
\xd7\x9f\xd8\xb0\xda\x80\xdd\xf9\xe0\x03\xe5\x80\xe9T\xee_\
\xf3\x81\xf8\x9a\xfd\x8a\x025\x07~\x0bN\x0f\x8e\x12-\
\x15\x1d\x17V\x18\xd3\x18\x94\x18\x9d\x17\xf9\x15\xb5\x13\xe1\
\x10\x94\x0d\xe4\x09\xeb\x05\xc5\x01\x90\xfdf\xf9e\xf5\xa9\
\xf1K\xeec\xeb\x04\xe9A\xe7&\xe6\xbd\xe5\x0a\xe6\x0d\
\xe7\xc2\xe8!\xeb\x1c\xee\xa3\xf1\xa1\xf5\xff\xf9\xa4\xfeq\
\x03L\x08\x16\x0d\xb1\x11\x01\x16\xea\x19S\x1d% M\
\x22\xbc#e$C$R#\x96!\x15\x1f\xdb\x1b\xf8\
\x17\x80\x13\x8a\x0e1\x09\x93\x03\xcf\xfd\x04\xf8S\xf2\xdd\
\xec\xc0\xe7\x1b\xe3\x0a\xdf\xa3\xdb\xfc\xd8&\xd7,\xd6\x16\
\xd6\xe7\xd6\x9c\xd8-\xdb\x8e\xde\xad\xe2v\xe7\xce\xec\x9a\
\xf2\xba\xf8\x0c\xffm\x05\xbb\x0b\xd3\x11\x93\x17\xda\x1c\x89\
!\x87%\xbb(\x14+\x82,\xfc,~,\x09+\xa4\
(Z%<!_\x1c\xdc\x16\xd1\x10^\x0a\xa6\x03\xcc\
\xfc\xf6\xf5G\xef\xe6\xe8\xf5\xe2\x94\xdd\xe2\xd8\xf7\xd4\xec\
\xd1\xcf\xcf\xaf\xce\x92\xcey\xcfa\xd1@\xd4\x09\xd8\xa7\
\xdc\x03\xe2\x00\xe8\x80\xeea\xf5~\xfc\xb1\x03\xd6\x0a\xc7\
\x11`\x18}\x1e\x00$\xcb(\xc6,\xdc/\xfe1!\
3A3]2|0\xa8-\xf1)k%1 ]\
\x1a\x0f\x14j\x0d\x90\x06\xa6\xff\xd0\xf81\xf2\xec\xeb \
\xe6\xec\xe0h\xdc\xab\xd8\xc5\xd5\xc4\xd3\xaf\xd2\x89\xd2P\
\xd3\xfc\xd4\x80\xd7\xcc\xda\xcc\xdef\xe3\x80\xe8\xfb\xed\xb8\
\xf3\x97\xf9v\xff4\x05\xb3\x0a\xd6\x0f\x81\x14\x9d\x18\x14\
\x1c\xd7\x1e\xd9 \x12\x22\x7f\x22#\x22\x02!(\x1f\xa3\
\x1c\x85\x19\xe4\x15\xd9\x11}\x0d\xed\x08E\x04\xa4\xff$\
\xfb\xe1\xf6\xf4\xf2v\xefz\xec\x11\xeaH\xe8(\xe7\xb7\
\xe6\xf4\xe6\xdd\xe7i\xe9\x8d\xeb9\xeeZ\xf1\xda\xf4\xa3\
\xf8\x99\xfc\xa2\x00\xa4\x04\x83\x08%\x0cr\x0fR\x12\xb2\
\x14\x82\x16\xb3\x17>\x18\x1b\x18K\x17\xd0\x15\xb3\x13\xff\
\x10\xc3\x0d\x12\x0a\x03\x06\xaf\x010\xfd\xa2\xf8!\xf4\xcb\
\xef\xbd\xeb\x10\xe8\xdf\xe4@\xe2F\xe0\x02\xdf\x7f\xde\xc4\
\xde\xd6\xdf\xb3\xe1T\xe4\xaf\xe7\xb4\xebQ\xf0m\xf5\xf0\
\xfa\xba\x00\xaf\x06\xad\x0c\x93\x12@\x18\x92\x1dl\x22\xaf\
&B*\x0e-\x00/\x090\x1f0>/g-\x9d\
*\xed&f\x22\x1b\x1d%\x17\xa1\x10\xae\x09n\x02\x05\
\xfb\x98\xf3L\xecF\xe5\xab\xde\x9c\xd89\xd3\x9e\xce\xe4\
\xca\x1d\xc8Y\xc6\xa3\xc5\xfe\xc5k\xc7\xe2\xc9X\xcd\xbc\
\xd1\xfa\xd6\xf7\xdc\x95\xe3\xb5\xea3\xf2\xeb\xf9\xb5\x01l\
\x09\xec\x10\x0f\x18\xb3\x1e\xb8$\x03*|.\x0d2\xa9\
4E6\xdd6q6\x075\xaa2h/W+\x8e\
&)!E\x1b\x03\x15\x85\x0e\xed\x07^\x01\xfa\xfa\xe0\
\xf4/\xef\x03\xear\xe5\x92\xe1s\xde!\xdc\xa2\xda\xf9\
\xd9#\xda\x1a\xdb\xd2\xdc<\xdfD\xe2\xd5\xe5\xd5\xe9*\
\xee\xb7\xf2`\xf7\x06\xfc\x8d\x00\xdb\x04\xd7\x08i\x0c|\
\x0f\x02\x12\xec\x132\x15\xcf\x15\xc3\x15\x11\x15\xc1\x13\xdf\
\x11z\x0f\xa4\x0cr\x09\xfb\x05Y\x02\xa5\xfe\xf7\xfal\
\xf7\x1a\xf4\x1b\xf1\x82\xeec\xec\xcd\xea\xce\xe9l\xe9\xad\
\xe9\x91\xea\x15\xec1\xee\xda\xf0\x01\xf4\x93\xf7|\xfb\xa4\
\xff\xf0\x03J\x08\x93\x0c\xb3\x10\x8d\x14\x0a\x18\x13\x1b\x92\
\x1dw\x1f\xb2 :!\x08!\x1a r\x1e\x15\x1c\x10\
\x19p\x15G\x11\xab\x0c\xb5\x07\x7f\x02&\xfd\xc7\xf7\x7f\
\xf2m\xed\xaf\xe8^\xe4\x95\xe0j\xdd\xf1\xda8\xd9L\
\xd84\xd8\xf1\xd8\x83\xda\xe3\xdc\x05\xe0\xda\xe3N\xe8K\
\xed\xb6\xf2r\xf8a\xfeb\x04U\x0a\x1b\x10\x92\x15\x9d\
\x1a\x1f\x1f\xff\x22'&\x86(\x0c*\xb0*o*G\
)?'_$\xb7 Z\x1c^\x17\xdd\x11\xf4\x0b\xc4\
\x05n\xff\x11\xf9\xd2\xf2\xd1\xec0\xe7\x0c\xe2\x82\xdd\xaa\
\xd9\x99\xd6`\xd4\x0c\xd3\xa3\xd2)\xd3\x9b\xd4\xf2\xd6!\
\xda\x18\xde\xc1\xe2\x05\xe8\xc7\xed\xe9\xf3J\xfa\xc8\x00B\
\x07\x96\x0d\xa2\x13E\x19d\x1e\xe3\x22\xab&\xaa)\xcf\
+\x11-j-\xd9,c+\x11)\xf0%\x12\x22\x8d\
\x1dz\x18\xf5\x12\x1b\x0d\x0d\x07\xeb\x00\xd7\xfa\xee\xf4R\
\xef\x1e\xean\xe5Y\xe1\xf3\xddM\xdbr\xd9j\xd87\
\xd8\xd8\xd8G\xday\xdc^\xdf\xe6\xe2\xfa\xe6\x81\xeba\
\xf0}\xf5\xb8\xfa\xf4\xff\x13\x05\xfb\x09\x90\x0e\xb9\x12a\
\x16t\x19\xe5\x1b\xa6\x1d\xb2\x1e\x06\x1f\xa2\x1e\x8c\x1d\xce\
\x1bt\x19\x90\x165\x13y\x0fs\x0b?\x07\xf5\x02\xb2\
\xfe\x8d\xfa\xa1\xf6\x05\xf3\xcf\xef\x10\xed\xda\xea7\xe92\
\xe8\xcd\xe7\x0b\xe8\xe8\xe8]\xea_\xec\xe0\xee\xd0\xf1\x1a\
\xf5\xa9\xf8d\xfc3\x00\xfe\x03\xab\x07\x22\x0bM\x0e\x15\
\x11h\x137\x15u\x16\x18\x17\x1b\x17}\x16@\x15k\
\x13\x07\x11#\x0e\xd0\x0a!\x07-\x03\x0e\xff\xda\xfa\xad\
\xf6\xa2\xf2\xd3\xeeY\xebL\xe8\xc0\xe5\xc8\xe3s\xe2\xcd\
\xe1\xdd\xe1\xa8\xe2+\xe4d\xe6H\xe9\xca\xec\xd9\xf0a\
\xf5K\xfa|\xff\xd6\x04@\x0a\x99\x0f\xc3\x14\xa0\x19\x14\
\x1e\x04\x22X%\xfa'\xd9)\xe6*\x19+l*\xdf\
(v&;#:\x1f\x85\x1a3\x15\x5c\x0f\x1d\x09\x94\
\x02\xe3\xfb*\xf5\x8b\xee)\xe8#\xe2\x9b\xdc\xab\xd7o\
\xd3\xfc\xcff\xcd\xbb\xcb\x04\xcbE\xcb\x80\xcc\xae\xce\xc6\
\xd1\xb8\xd5s\xda\xde\xdf\xe0\xe5Z\xec.\xf39\xfaX\
\x01j\x08L\x0f\xdd\x15\xfc\x1b\x8d!v&\xa0*\xf8\
-q0\x002\xa12T2\x1c1\x04/\x1a,n\
(\x17$-\x1f\xcb\x19\x0f\x14\x18\x0e\x05\x08\xf5\x01\x0a\
\xfc]\xf6\x0d\xf13\xec\xe5\xe77\xe47\xe1\xf1\xdem\
\xdd\xac\xdc\xae\xdcm\xdd\xde\xde\xf5\xe0\xa1\xe3\xce\xe6d\
\xeaM\xeeo\xf2\xae\xf6\xf1\xfa\x1e\xff\x1a\x03\xd0\x06*\
\x0a\x16\x0d\x83\x0fe\x11\xb4\x12k\x13\x89\x13\x10\x13\x08\
\x12y\x10q\x0e\x01\x0c:\x092\x06\xff\x02\xb8\xfft\
\xfcJ\xf9R\xf6\xa0\xf3H\xf1\x5c\xef\xe8\xed\xfa\xec\x99\
\xec\xc9\xec\x8c\xed\xde\xee\xb9\xf0\x13\xf3\xde\xf5\x0b\xf9\x86\
\xfc:\x00\x11\x04\xf3\x07\xc8\x0bw\x0f\xe8\x12\x05\x16\xb8\
\x18\xef\x1a\x9a\x1c\xab\x1d\x19\x1e\xde\x1d\xf8\x1ch\x1b5\
\x19f\x16\x0b\x133\x0f\xf2\x0a]\x06\x8f\x01\xa0\xfc\xab\
\xf7\xcd\xf2\x1f\xee\xbe\xe9\xc2\xe5B\xe2U\xdf\x0a\xddr\
\xdb\x97\xda\x7f\xda/\xdb\xa3\xdc\xd6\xde\xbe\xe1N\xe5s\
\xe9\x18\xee&\xf3\x83\xf8\x11\xfe\xb2\x03K\x09\xbc\x0e\xe8\
\x13\xb2\x18\x01\x1d\xbc \xcf#'&\xb9'z(f\
({'\xbe%8#\xf5\x1f\x05\x1c}\x17v\x12\x08\
\x0dR\x07q\x01\x85\xfb\xab\xf5\x05\xf0\xaf\xea\xc7\xe5g\
\xe1\xa5\xdd\x96\xdaK\xd8\xcf\xd6*\xd6_\xd6n\xd7Q\
\xd9\xfd\xdbc\xdfs\xe3\x15\xe82\xed\xad\xf2j\xf8J\
\xfe-\x04\xf6\x09\x86\x0f\xbe\x14\x85\x19\xc1\x1d\x5c!E\
$n&\xcb'W(\x11(\xfb&\x1d%\x82\x22:\
\x1fX\x1b\xf1\x16\x1e\x12\xfb\x0c\xa3\x074\x02\xcb\xfc\x86\
\xf7\x7f\xf2\xd2\xed\x97\xe9\xe3\xe5\xca\xe2Z\xe0\x9e\xde\x9d\
\xdd[\xdd\xd7\xdd\x0a\xdf\xed\xe0r\xe3\x89\xe6\x1e\xea\x1d\
\xeel\xf2\xf2\xf6\x95\xfb9\x00\xc7\x04\x22\x093\x0d\xe4\
\x10 \x14\xd8\x16\xfc\x18\x83\x1af\x1b\xa3\x1b9\x1b/\
\x1a\x8d\x18^\x16\xb1\x13\x99\x10*\x0dx\x09\x9c\x05\xae\
\x01\xc7\xfd\xfc\xf9f\xf6\x1a\xf3+\xf0\xac\xed\xab\xeb2\
\xeaJ\xe9\xf7\xe8:\xe9\x11\xeau\xeb]\xed\xbb\xef\x80\
\xf2\x9a\xf5\xf5\xf8{\xfc\x15\x00\xad\x03+\x07x\x0a\x80\
\x0d.\x10q\x12:\x14}\x152\x16Q\x16\xdb\x15\xcf\
\x145\x13\x15\x11{\x0ev\x0b\x19\x08w\x04\xa7\x00\xc2\
\xfc\xdd\xf8\x12\xf5y\xf1*\xee:\xeb\xbd\xe8\xc5\xe6_\
\xe5\x98\xe4w\xe4\x00\xe54\xe6\x0e\xe8\x86\xea\x92\xed#\
\xf1%\xf5\x85\xf9,\xfe\xfd\x02\xe2\x07\xbe\x0ct\x11\xe9\
\x15\x04\x1a\xab\x1d\xc9 I#\x1a%0&\x80&\x07\
&\xc2$\xb5\x22\xe8\x1ff\x1c?\x18\x86\x13R\x0e\xbc\
\x08\xdf\x02\xd9\xfc\xc8\xf6\xcc\xf0\x02\xeb\x89\xe5}\xe0\xf9\
\xdb\x16\xd8\xe7\xd4~\xd2\xe9\xd01\xd0[\xd0f\xd1P\
\xd3\x0e\xd6\x96\xd9\xd4\xdd\xb6\xe2\x22\xe8\x00\xee1\xf4\x97\
\xfa\x13\x01\x85\x07\xcf\x0d\xd1\x13n\x19\x8c\x1e\x13#\xed\
&\x09*Z,\xd6-x.A.3-V+\xb7\
(f%u!\xfc\x1c\x12\x18\xd3\x12Z\x0d\xc4\x07/\
\x02\xb7\xfcv\xf7\x86\xf2\x00\xee\xf8\xe9\x80\xe6\xa6\xe3w\
\xe1\xf7\xdf,\xdf\x13\xdf\xa8\xdf\xe3\xe0\xb8\xe2\x18\xe5\xf0\
\xe7.\xeb\xbb\xee\x80\xf2d\xf6P\xfa+\xfe\xdf\x01V\
\x05}\x08B\x0b\x96\x0dn\x0f\xc2\x10\x8b\x11\xca\x11\x7f\
\x11\xb0\x10f\x0f\xac\x0d\x90\x0b$\x09x\x06\xa3\x03\xb7\
\x00\xcb\xfd\xf4\xfaE\xf8\xd3\xf5\xaf\xf3\xea\xf1\x90\xf0\xac\
\xefF\xefc\xef\x03\xf0$\xf1\xc0\xf2\xd0\xf4F\xf7\x15\
\xfa,\xfdv\x00\xe2\x03Y\x07\xc5\x0a\x0f\x0e#\x11\xeb\
\x13T\x16M\x18\xc8\x19\xb7\x1a\x14\x1b\xd6\x1a\xfe\x19\x8b\
\x18\x83\x16\xee\x13\xd9\x10R\x0dj\x097\x05\xce\x00H\
\xfc\xbc\xf7C\xf3\xf8\xee\xf2\xeaI\xe7\x12\xe4a\xe1F\
\xdf\xce\xdd\x05\xdd\xf0\xdc\x93\xdd\xec\xde\xf6\xe0\xa8\xe3\xf5\
\xe6\xce\xea \xef\xd4\xf3\xd2\xf8\x01\xfeD\x03\x82\x08\x9e\
\x0d|\x12\x02\x17\x17\x1b\xa7\x1e\x9b!\xe6#x%J\
&V&\x9b%\x1c$\xe0!\xf2\x1eb\x1bA\x17\xa5\
\x12\xa6\x0d^\x08\xe8\x02c\xfd\xe9\xf7\x98\xf2\x8c\xed\xe0\
\xe8\xab\xe4\x05\xe1\xff\xdd\xaa\xdb\x12\xda?\xd94\xd9\xf2\
\xd9s\xdb\xb1\xdd\x9d\xe0(\xe4@\xe8\xcd\xec\xb7\xf1\xe5\
\xf6:\xfc\x99\x01\xe7\x06\x08\x0c\xe2\x10Z\x15Y\x19\xcd\
\x1c\xa2\x1f\xcc!A#\xfa#\xf4#3#\xbb!\x96\
\x1f\xd2\x1c\x7f\x19\xb1\x15|\x11\xfa\x0cC\x08r\x03\xa2\
\xfe\xec\xf9i\xf52\xf1^\xed\xff\xe9'\xe7\xe4\xe4A\
\xe3D\xe2\xf1\xe1G\xe2B\xe3\xdb\xe4\x05\xe7\xb3\xe9\xd3\
\xecS\xf0\x1c\xf4\x18\xf80\xfcJ\x00P\x04*\x08\xc3\
\x0b\x06\x0f\xe1\x11E\x14%\x16x\x178\x18a\x18\xf6\
\x17\xf9\x16s\x15o\x13\xf9\x10#\x0e\xfe\x0a\x9e\x07\x18\
\x04\x82\x00\xf4\xfc\x81\xf9?\xf6A\xf3\x9b\xf0Z\xee\x8e\
\xec@\xebw\xea9\xea\x85\xeaZ\xeb\xb1\xec\x82\xee\xc2\
\xf0a\xf3P\xf6{\xf9\xcf\xfc6\x00\x9d\x03\xec\x06\x10\
\x0a\xf4\x0c\x85\x0f\xb5\x11s\x13\xb5\x14s\x15\xa6\x15M\
\x15i\x14\xff\x12\x16\x11\xb9\x0e\xf6\x0b\xde\x08\x82\x05\xf8\
\x01U\xfe\xae\xfa\x1a\xf7\xb0\xf3\x86\xf0\xb0\xed@\xebG\
\xe9\xd3\xe7\xef\xe6\xa2\xe6\xf1\xe6\xdd\xe7c\xe9|\xeb\x1f\
\xee?\xf1\xcb\xf4\xb1\xf8\xdc\xfc5\x01\xa4\x05\x10\x0a`\
\x0e{\x12G\x16\xb0\x19\xa0\x1c\x03\x1f\xcc \xec![\
\x22\x13\x22\x14!^\x1f\xf9\x1c\xee\x19K\x16 \x12\x83\
\x0d\x89\x08K\x03\xe5\xfdo\xf8\x08\xf3\xcb\xed\xd4\xe8;\
\xe4\x1b\xe0\x89\xdc\x98\xd9Y\xd7\xd7\xd5\x1d\xd5/\xd5\x0e\
\xd6\xb6\xd7 \xdaB\xdd\x0b\xe1j\xe5J\xea\x92\xef)\
\xf5\xf2\xfa\xd2\x00\xac\x06d\x0c\xdd\x11\xfd\x16\xaa\x1b\xd0\
\x1f[#:&a(\xc6)f*>*S)\xaa\
'O%P\x22\xbe\x1e\xac\x1a2\x16h\x11f\x0cH\
\x07'\x02\x1f\xfdF\xf8\xb7\xf3\x85\xef\xc5\xeb\x88\xe8\xdb\
\xe5\xc8\xe3V\xe2\x8a\xe1a\xe1\xd9\xe1\xea\xe2\x8a\xe4\xab\
\xe6=\xe9/\xecl\xef\xe0\xf2s\xf6\x12\xfa\xa4\xfd\x15\
\x01R\x04H\x07\xe7\x09\x22\x0c\xec\x0d>\x0f\x13\x10j\
\x10B\x10\xa1\x0f\x8e\x0e\x14\x0d>\x0b\x1b\x09\xbd\x065\
\x04\x95\x01\xf3\xfe_\xfc\xed\xf9\xaf\xf7\xb5\xf5\x0e\xf4\xc6\
\xf2\xe8\xf1z\xf1\x82\xf1\xff\xf1\xf2\xf2T\xf4\x1e\xf6G\
\xf8\xc1\xfa}\xfdi\x00t\x03\x8c\x06\x9a\x09\x8c\x0cN\
\x0f\xcd\x11\xf7\x13\xbc\x15\x10\x17\xe7\x178\x18\xff\x178\
\x17\xe6\x15\x0d\x14\xb3\x11\xe4\x0e\xad\x0b\x1e\x08J\x04D\
\x00#\xfc\xfc\xf7\xe6\xf3\xf9\xefK\xec\xf2\xe8\x01\xe6\x8a\
\xe3\x9c\xe1D\xe0\x8d\xdf{\xdf\x11\xe0P\xe12\xe3\xb0\
\xe5\xbd\xe8M\xecM\xf0\xa9\xf4K\xf9\x1c\xfe\x01\x03\xe4\
\x07\xa9\x0c7\x11v\x15O\x19\xad\x1c~\x1f\xb2!=\
#\x17$9$\xa2#U\x22X \xb4\x1dw\x1a\xb1\
\x16v\x12\xdb\x0d\xf8\x08\xe6\x03\xc1\xfe\xa2\xf9\xa3\xf4\xe0\
\xefp\xebj\xe7\xe3\xe3\xee\xe0\x99\xde\xf0\xdc\xfb\xdb\xbf\
\xdb;\xdcn\xddO\xdf\xd3\xe1\xee\xe4\x8e\xe8\x9f\xec\x0c\
\xf1\xbc\xf5\x97\xfa\x82\xffc\x04\x22\x09\xa6\x0d\xd7\x11\xa0\
\x15\xee\x18\xb0\x1b\xd9\x1d`\x1f> o \xf6\x1f\xd7\
\x1e\x19\x1d\xc8\x1a\xf2\x17\xa9\x14\xff\x10\x0a\x0d\xe1\x08\x9a\
\x04O\x00\x17\xfc\x08\xf88\xf4\xbc\xf0\xa7\xed\x07\xeb\xea\
\xe8Z\xe7^\xe6\xf9\xe5+\xe6\xf1\xe6D\xe8\x1a\xeag\
\xec\x1c\xef(\xf2w\xf5\xf5\xf8\x8d\xfc)\x00\xb5\x03\x1b\
\x07G\x0a(\x0d\xac\x0f\xc6\x11k\x13\x91\x142\x15N\
\x15\xe3\x14\xf7\x13\x8f\x12\xb5\x10v\x0e\xe0\x0b\x03\x09\xf2\
\x05\xbf\x02\x81\xffG\xfc)\xf98\xf6\x87\xf3%\xf1\x22\
\xef\x8a\xedg\xec\xbe\xeb\x95\xeb\xeb\xeb\xbf\xec\x0c\xee\xc9\
\xef\xec\xf1h\xf4.\xf7,\xfaP\xfd\x85\x00\xbb\x03\xdc\
\x06\xd5\x09\x93\x0c\x06\x0f\x1d\x11\xcc\x12\x07\x14\xc7\x14\x06\
\x15\xc3\x14\xfc\x13\xb8\x12\xfc\x10\xd2\x0eG\x0ci\x09J\
\x06\xfc\x02\x93\xff\x22\xfc\xc0\xf8\x80\xf5w\xf2\xb8\xefU\
\xed]\xeb\xdd\xe9\xe0\xe8n\xe8\x8b\xe89\xe9u\xea;\
\xec\x82\xee?\xf1c\xf4\xdf\xf7\x9e\xfb\x8c\xff\x93\x03\x9e\
\x07\x94\x0b_\x0f\xe8\x12\x1a\x16\xe3\x180\x1b\xf2\x1c\x1f\
\x1e\xab\x1e\x93\x1e\xd4\x1dp\x1ck\x1a\xcd\x17\xa4\x14\xfd\
\x10\xea\x0c\x7f\x08\xd3\x03\xff\xfe\x18\xfa:\xf5}\xf0\xfc\
\xeb\xcd\xe7\x07\xe4\xbe\xe0\x05\xde\xea\xdby\xda\xbc\xd9\xb6\
\xd9i\xda\xd3\xdb\xed\xdd\xae\xe0\x09\xe4\xed\xe7G\xec\x03\
\xf1\x08\xf6>\xfb\x8a\x00\xd4\x05\x01\x0b\xf8\x0f\xa0\x14\xe2\
\x18\xab\x1c\xe9\x1f\x8c\x22\x88$\xd6%p&U&\x88\
%\x0e$\xf1!=\x1f\x02\x1cR\x18@\x14\xe4\x0fT\
\x0b\xa7\x06\xf6\x01Z\xfd\xe8\xf8\xb7\xf4\xda\xf0d\xedd\
\xea\xe6\xe7\xf6\xe5\x99\xe4\xd2\xe3\xa3\xe3\x06\xe4\xf7\xe4l\
\xe6Y\xe8\xb0\xea`\xedW\xf0\x83\xf3\xce\xf6&\xfau\
\xfd\xa8\x00\xae\x03u\x06\xee\x08\x0c\x0b\xc5\x0c\x10\x0e\xea\
\x0eO\x0fA\x0f\xc3\x0e\xdc\x0d\x94\x0c\xf6\x0a\x11\x09\xf2\
\x06\xa9\x04I\x02\xe3\xff\x87\xfdG\xfb3\xf9[\xf7\xcc\
\xf5\x92\xf4\xb6\xf3?\xf31\xf3\x8e\xf3V\xf4\x83\xf5\x0f\
\xf7\xf2\xf8\x1f\xfb\x8a\xfd#\x00\xda\x02\x9d\x05Z\x08\xff\
\x0a{\x0d\xbb\x0f\xb0\x11L\x13\x81\x14F\x15\x93\x15b\
\x15\xb2\x14\x84\x13\xda\x11\xbb\x0f2\x0dJ\x0a\x11\x07\x98\
\x03\xf2\xff1\xfcj\xf8\xb3\xf4\x1f\xf1\xc5\xed\xb7\xea\x07\
\xe8\xc7\xe5\x04\xe4\xc9\xe2!\xe2\x11\xe2\x9b\xe2\xbf\xe3z\
\xe5\xc4\xe7\x94\xea\xdb\xed\x8b\xf1\x90\xf5\xd8\xf9M\xfe\xd5\
\x02]\x07\xcb\x0b\x08\x10\xfe\x13\x98\x17\xc1\x1aj\x1d\x83\
\x1f\x00!\xda!\x0b\x22\x90!l \xa4\x1eA\x1cN\
\x19\xda\x15\xf7\x11\xb8\x0d3\x09\x7f\x04\xb5\xff\xed\xfa?\
\xf6\xc3\xf1\x90\xed\xbc\xe9[\xe6|\xe30\xe1\x80\xdfu\
\xde\x14\xde^\xdeP\xdf\xe4\xe0\x13\xe3\xce\xe5\x08\xe9\xae\
\xec\xac\xf0\xef\xf4]\xf9\xe1\xfdb\x02\xc9\x06\xff\x0a\xef\
\x0e\x84\x12\xae\x15[\x18\x81\x1a\x14\x1c\x0f\x1dn\x1d2\
\x1d]\x1c\xf7\x1a\x08\x19\x9f\x16\xc9\x13\x97\x10\x1d\x0dn\
\x09\xa1\x05\xc9\x01\xff\xfdT\xfa\xde\xf6\xaf\xf3\xd9\xf0i\
\xeel\xec\xec\xea\xee\xe9w\xe9\x87\xe9\x1b\xea.\xeb\xb7\
\xec\xad\xee\x00\xf1\xa3\xf3\x84\xf6\x91\xf9\xb7\xfc\xe3\xff\x00\
\x03\xfe\x05\xca\x08S\x0b\x8b\x0de\x0f\xd6\x10\xd6\x11`\
\x12s\x12\x0d\x123\x11\xea\x0f;\x0e1\x0c\xda\x09C\
\x07~\x04\x9c\x01\xaf\xfe\xc8\xfb\xfa\xf8W\xf6\xee\xf3\xcf\
\xf1\x07\xf0\xa1\xee\xa6\xed\x1c\xed\x06\xedg\xed:\xee}\
\xef'\xf1/\xf3\x89\xf5&\xf8\xf7\xfa\xec\xfd\xf1\x00\xf6\
\x03\xe8\x06\xb5\x09K\x0c\x9c\x0e\x98\x103\x12b\x13\x1f\
\x14c\x14-\x14}\x13W\x12\xbf\x10\xc0\x0ed\x0c\xb9\
\x09\xce\x06\xb5\x03\x7f\x00@\xfd\x0a\xfa\xf1\xf6\x07\xf4`\
\xf1\x0a\xef\x15\xed\x8d\xeb}\xea\xed\xe9\xe0\xe9Y\xeaW\
\xeb\xd5\xec\xcd\xee4\xf1\xfe\xf3\x1c\xf7}\xfa\x0e\xfe\xba\
\x01p\x05\x17\x09\x9c\x0c\xeb\x0f\xee\x12\x95\x15\xcf\x17\x8e\
\x19\xc6\x1ao\x1b\x83\x1b\x00\x1b\xe5\x198\x18\xff\x15D\
\x13\x14\x10\x7f\x0c\x97\x08o\x04\x1e\x00\xb9\xfbW\xf7\x0f\
\xf3\xf8\xee'\xeb\xb2\xe7\xac\xe4$\xe2(\xe0\xc5\xde\x02\
\xde\xe5\xddn\xde\x9d\xdfk\xe1\xd2\xe3\xc4\xe65\xea\x13\
\xeeJ\xf2\xc7\xf6r\xfb4\x00\xf6\x04\xa1\x09\x1d\x0eU\
\x122\x16\xa3\x19\x98\x1c\x01\x1f\xd5 \x0c\x22\x9f\x22\x8f\
\x22\xdd!\x8e \xaa\x1e<\x1cS\x19\xfe\x15P\x12\x5c\
\x0e7\x0a\xf7\x05\xb2\x01~\xfdo\xf9\x9a\xf5\x11\xf2\xe4\
\xee\x22\xec\xd8\xe9\x0d\xe8\xc8\xe6\x0e\xe6\xdd\xe53\xe6\x0b\
\xe7]\xe8\x1e\xeaA\xec\xb7\xeep\xf1Z\xf4d\xf7z\
\xfa\x8b\xfd\x83\x00S\x03\xeb\x05=\x08=\x0a\xe1\x0b!\
\x0d\xf9\x0df\x0ei\x0e\x04\x0e>\x0d\x1d\x0c\xad\x0a\xf8\
\x08\x0c\x07\xf9\x04\xcc\x02\x97\x00k\xfeT\xfcd\xfa\xa8\
\xf8,\xf7\xfc\xf5!\xf5\xa0\xf4\x7f\xf4\xbf\xf4`\xf5]\
\xf6\xb3\xf7X\xf9B\xfbf\xfd\xb7\xff#\x02\x9d\x04\x14\
\x07x\x09\xb7\x0b\xc3\x0d\x8d\x0f\x07\x11%\x12\xdf\x12-\
\x13\x09\x13r\x12h\x11\xef\x0f\x0b\x0e\xc5\x0b)\x09B\
\x06 \x03\xd5\xffo\xfc\x03\xf9\xa4\xf5d\xf2X\xef\x90\
\xec\x1d\xea\x0e\xe8q\xe6Q\xe5\xb6\xe4\xa5\xe4!\xe5+\
\xe6\xbf\xe7\xd6\xe9h\xech\xef\xc9\xf2{\xf6j\xfa\x83\
\xfe\xb1\x02\xdf\x06\xf7\x0a\xe3\x0e\x90\x12\xe8\x15\xdc\x18Y\
\x1bS\x1d\xbf\x1e\x93\x1f\xcd\x1fh\x1fg\x1e\xcd\x1c\xa3\
\x1a\xf3\x17\xca\x148\x11N\x0d\x22\x09\xc7\x04T\x00\xe0\
\xfb\x81\xf7M\xf3Y\xef\xba\xeb\x82\xe8\xc0\xe5\x83\xe3\xd5\
\xe1\xbe\xe0D\xe0g\xe0&\xe1|\xe2b\xe4\xcc\xe6\xae\
\xe9\xf7\xec\x96\xf0w\xf4\x86\xf8\xae\xfc\xd7\x00\xee\x04\xdd\
\x08\x8f\x0c\xf4\x0f\xf9\x12\x90\x15\xae\x17H\x19X\x1a\xdb\
\x1a\xd0\x1a9\x1a\x1d\x19\x82\x17u\x15\x01\x137\x10&\
\x0d\xe2\x09}\x06\x0a\x03\x9e\xffK\xfc#\xf97\xf6\x97\
\xf3P\xf1n\xef\xfa\xed\xfa\xecr\xecb\xec\xc9\xec\xa3\
\xed\xe8\xee\x8e\xf0\x8a\xf2\xcf\xf4N\xf7\xf6\xf9\xb7\xfc~\
\xff;\x02\xde\x04U\x07\x92\x09\x88\x0b*\x0dp\x0eQ\
\x0f\xca\x0f\xd8\x0fz\x0f\xb4\x0e\x8c\x0d\x08\x0c3\x0a\x18\
\x08\xc5\x05H\x03\xb2\x00\x13\xfez\xfb\xf8\xf8\x9d\xf6y\
\xf4\x98\xf2\x07\xf1\xcf\xef\xfa\xee\x8c\xee\x88\xee\xf1\xee\xc3\
\xef\xfb\xf0\x91\xf2~\xf4\xb5\xf6+\xf9\xd0\xfb\x95\xfei\
\x01=\x04\xff\x06\x9f\x09\x0c\x0c8\x0e\x16\x10\x99\x11\xb9\
\x12n\x13\xb2\x13\x85\x13\xe5\x12\xd5\x11\x5c\x10\x81\x0eN\
\x0c\xcf\x09\x13\x07)\x04\x22\x01\x10\xfe\x04\xfb\x0f\xf8E\
\xf5\xb5\xf2n\xf0\x7f\xee\xf5\xec\xd7\xeb/\xeb\x01\xebO\
\xeb\x19\xecZ\xed\x0f\xef,\xf1\xa8\xf3u\xf6\x84\xf9\xc3\
\xfc!\x00\x8b\x03\xee\x066\x0aQ\x0d+\x10\xb4\x12\xde\
\x14\x9a\x16\xde\x17\xa0\x18\xdc\x18\x8e\x18\xb7\x17X\x16y\
\x14!\x12]\x0f9\x0c\xc6\x08\x15\x05:\x01J\xfdW\
\xf9w\xf5\xbf\xf1C\xee\x17\xebJ\xe8\xed\xe5\x0d\xe4\xb4\
\xe2\xea\xe1\xb5\xe1\x16\xe2\x0d\xe3\x94\xe4\xa6\xe68\xe9=\
\xec\xa6\xefc\xf3a\xf7\x8b\xfb\xce\xff\x12\x04D\x08N\
\x0c\x1c\x10\x9b\x13\xbb\x16k\x19\x9f\x1bM\x1dn\x1e\xfc\
\x1e\xf6\x1e]\x1e6\x1d\x88\x1b\x5c\x19\xc0\x16\xc1\x13p\
\x10\xde\x0c \x09G\x05i\x01\x99\xfd\xea\xf9n\xf66\
\xf3R\xf0\xcf\xed\xb7\xeb\x14\xea\xea\xe8?\xe8\x11\xe8_\
\xe8#\xe9X\xea\xf2\xeb\xe7\xed)\xf0\xa9\xf2X\xf5$\
\xf8\xfd\xfa\xd2\xfd\x91\x00-\x03\x97\x05\xc1\x07\xa0\x09,\
\x0b\x5c\x0c,\x0d\x9b\x0d\xa7\x0dS\x0d\xa5\x0c\xa3\x0bV\
\x0a\xc9\x08\x08\x07\x1f\x05\x1f\x03\x13\x01\x0e\xff\x1b\xfdH\
\xfb\xa3\xf98\xf8\x11\xf76\xf6\xad\xf5{\xf5\xa1\xf5 \
\xf6\xf5\xf6\x1b\xf8\x8a\xf9;\xfb\x22\xfd3\xff_\x01\x9b\
\x03\xd7\x05\x03\x08\x10\x0a\xf1\x0b\x97\x0d\xf6\x0e\x04\x10\xb8\
\x10\x0a\x11\xf7\x10{\x10\x96\x0fL\x0e\xa1\x0c\x9c\x0aH\
\x08\xaf\x05\xdf\x02\xe7\xff\xd7\xfc\xbf\xf9\xb2\xf6\xc0\xf3\xfa\
\xf0r\xee6\xecT\xea\xd9\xe8\xcf\xe7=\xe7*\xe7\x97\
\xe7\x85\xe8\xf1\xe9\xd6\xeb+\xee\xe6\xf0\xfb\xf3Z\xf7\xf3\
\xfa\xb3\xfe\x88\x02^\x06\x22\x0a\xbf\x0d#\x11;\x14\xf7\
\x16H\x19!\x1bx\x1cE\x1d\x83\x1d0\x1dL\x1c\xdc\
\x1a\xe6\x18s\x16\x8f\x13I\x10\xb0\x0c\xd7\x08\xd1\x04\xb3\
\x00\x91\xfc\x7f\xf8\x92\xf4\xdf\xf0w\xedk\xea\xcb\xe7\xa4\
\xe5\xff\xe3\xe5\xe2[\xe2a\xe2\xf8\xe2\x1c\xe4\xc5\xe5\xeb\
\xe7\x81\xeay\xed\xc4\xf0O\xf4\x08\xf8\xdc\xfb\xb6\xff\x81\
\x03.\x07\xa7\x0a\xdb\x0d\xbc\x10;\x13L\x15\xe7\x16\x05\
\x18\xa3\x18\xbe\x18Z\x18z\x17%\x16e\x14E\x12\xd3\
\x0f\x1d\x0d4\x0a)\x07\x0e\x04\xf3\x00\xec\xfd\x08\xfbV\
\xf8\xe5\xf5\xc2\xf3\xf8\xf1\x8e\xf0\x8c\xef\xf4\xee\xc9\xee\x08\
\xef\xaf\xef\xb7\xf0\x17\xf2\xc7\xf3\xb9\xf5\xe1\xf71\xfa\x98\
\xfc\x08\xffp\x01\xc3\x03\xf1\x05\xed\x07\xaa\x09\x1e\x0b@\
\x0c\x0a\x0dv\x0d\x83\x0d0\x0d\x80\x0cx\x0b\x1f\x0a|\
\x08\x9c\x06\x89\x04Q\x02\x02\x00\xac\xfd[\xfb!\xf9\x0a\
\xf7$\xf5|\xf3\x1d\xf2\x10\xf1\x5c\xf0\x06\xf0\x12\xf0\x81\
\xf0O\xf1{\xf2\xfd\xf3\xcd\xf5\xe2\xf7/\xfa\xa8\xfc>\
\xff\xe1\x01\x83\x04\x15\x07\x86\x09\xc9\x0b\xcf\x0d\x8d\x0f\xf6\
\x10\x03\x12\xac\x12\xed\x12\xc3\x12/\x122\x11\xd2\x0f\x16\
\x0e\x07\x0c\xb0\x09\x1f\x07`\x04\x85\x01\x9e\xfe\xb9\xfb\xe9\
\xf8>\xf6\xc6\xf3\x92\xf1\xad\xef#\xee\xfe\xecF\xec\xfe\
\xeb)\xec\xc8\xec\xd8\xedS\xef2\xf1k\xf3\xf2\xf5\xba\
\xf8\xb2\xfb\xcc\xfe\xf3\x01\x19\x05+\x08\x18\x0b\xcd\x0d<\
\x10W\x12\x10\x14]\x156\x16\x95\x16v\x16\xd9\x15\xc1\
\x141\x132\x11\xcc\x0e\x0d\x0c\x03\x09\xbc\x05J\x02\xc1\
\xfe1\xfb\xae\xf7K\xf4\x1a\xf1-\xee\x93\xeb\x5c\xe9\x92\
\xe7A\xe6p\xe5$\xe5_\xe5!\xe6g\xe7*\xe9a\
\xeb\x03\xee\x02\xf1N\xf4\xd7\xf7\x8b\xfbW\xff'\x03\xea\
\x06\x8b\x0a\xf9\x0d\x22\x11\xf6\x13h\x16l\x18\xf8\x19\x04\
\x1b\x8d\x1b\x91\x1b\x11\x1b\x10\x1a\x95\x18\xa8\x16T\x14\xa6\
\x11\xae\x0ez\x0b\x1b\x08\xa5\x04(\x01\xb8\xfdd\xfa>\
\xf7T\xf4\xb6\xf1o\xef\x8a\xed\x0e\xec\x01\xebe\xea=\
\xea\x85\xea:\xebU\xec\xcd\xed\x99\xef\xab\xf1\xf6\xf3m\
\xf6\xff\xf8\x9e\xfb9\xfe\xc2\x00+\x03f\x05g\x07$\
\x09\x94\x0a\xb0\x0bu\x0c\xdf\x0c\xef\x0c\xa6\x0c\x09\x0c\x1e\
\x0b\xed\x09\x80\x08\xe1\x06\x1d\x05A\x03Y\x01u\xff\xa0\
\xfd\xe8\xfbX\xfa\xfc\xf8\xdd\xf7\x03\xf7t\xf64\xf6E\
\xf6\xa8\xf6Z\xf7W\xf8\x99\xf9\x19\xfb\xcb\xfc\xa7\xfe\x9d\
\x00\xa4\x02\xad\x04\xaa\x06\x8e\x08K\x0a\xd5\x0b \x0d\x22\
\x0e\xd4\x0e.\x0f,\x0f\xcb\x0e\x0b\x0e\xef\x0cy\x0b\xb2\
\x09\xa1\x07P\x05\xcc\x02\x22\x00`\xfd\x96\xfa\xd3\xf7'\
\xf5\xa2\xf2S\xf0H\xee\x8e\xec0\xeb8\xea\xad\xe9\x94\
\xe9\xf0\xe9\xc2\xea\x06\xec\xb9\xed\xd3\xefK\xf2\x15\xf5%\
\xf8j\xfb\xd5\xfeS\x02\xd4\x05F\x09\x96\x0c\xb3\x0f\x8c\
\x12\x12\x157\x17\xef\x181\x1a\xf4\x1a5\x1b\xf0\x1a'\
\x1a\xdc\x18\x15\x17\xdb\x148\x12:\x0f\xee\x0be\x08\xb0\
\x04\xe3\x00\x12\xfdL\xf9\xa7\xf54\xf2\x04\xef(\xec\xae\
\xe9\xa1\xe7\x0b\xe6\xf4\xe4a\xe4T\xe4\xcc\xe4\xc7\xe5>\
\xe7(\xe9|\xeb-\xee-\xf1k\xf4\xd6\xf7]\xfb\xed\
\xfet\x02\xe1\x05\x22\x09'\x0c\xe2\x0eF\x11G\x13\xdd\
\x14\x02\x16\xb2\x16\xeb\x16\xae\x16\xff\x15\xe3\x14d\x13\x8a\
\x11c\x0f\xfa\x0c`\x0a\xa2\x07\xd2\x04\xff\x01:\xff\x91\
\xfc\x12\xfa\xcb\xf7\xc8\xf5\x13\xf4\xb3\xf2\xaf\xf1\x0b\xf1\xc8\
\xf0\xe5\xf0_\xf12\xf2V\xf3\xc3\xf4n\xf6K\xf8M\
\xfag\xfc\x8b\xfe\xab\x00\xb9\x02\xa8\x04l\x06\xfa\x07G\
\x09M\x0a\x04\x0bh\x0bw\x0b2\x0b\x99\x0a\xb1\x09\x81\
\x08\x0f\x07e\x05\x8e\x03\x96\x01\x8b\xffw\xfdj\xfbp\
\xf9\x97\xf7\xea\xf5v\xf4D\xf3\x5c\xf2\xc5\xf1\x84\xf1\x9c\
\xf1\x0d\xf2\xd6\xf2\xf3\xf3_\xf5\x12\xf7\x03\xf9(\xfbt\
\xfd\xda\xffL\x02\xbd\x04\x1e\x07b\x09y\x0bY\x0d\xf4\
\x0eB\x10:\x11\xd6\x11\x11\x12\xe8\x11\x5c\x11o\x10%\
\x0f\x84\x0d\x96\x0bd\x09\xf9\x06e\x04\xb3\x01\xf5\xfe8\
\xfc\x8c\xf9\x01\xf7\xa4\xf4\x84\xf2\xac\xf0)\xef\x02\xee>\
\xed\xe4\xec\xf5\xecr\xedX\xee\xa3\xefN\xf1M\xf3\x98\
\xf5\x22\xf8\xdd\xfa\xb9\xfd\xa7\x00\x97\x03x\x06;\x09\xcf\
\x0b&\x0e1\x10\xe6\x11:\x13%\x14\xa2\x14\xab\x14A\
\x14f\x13\x1c\x12i\x10X\x0e\xf1\x0bB\x09Y\x06E\
\x03\x16\x00\xde\xfc\xad\xf9\x95\xf6\xa6\xf3\xf1\xf0\x85\xeem\
\xec\xb7\xeal\xe9\x93\xe81\xe8I\xe8\xdb\xe8\xe3\xe9^\
\xebD\xed\x8b\xef'\xf2\x0c\xf5+\xf8s\xfb\xd3\xfe:\
\x02\x98\x05\xda\x08\xf0\x0b\xcb\x0e[\x11\x95\x13m\x15\xda\
\x16\xd6\x17\x5c\x18j\x18\x02\x18%\x17\xda\x15(\x14\x19\
\x12\xb8\x0f\x12\x0d5\x0a2\x07\x18\x04\xf7\x00\xe1\xfd\xe3\
\xfa\x0e\xf8o\xf5\x14\xf3\x07\xf1R\xef\xfc\xed\x0a\xed\x80\
\xec^\xec\xa2\xecI\xedL\xee\xa5\xefJ\xf10\xf3J\
\xf5\x8b\xf7\xe6\xf9M\xfc\xb1\xfe\x04\x01;\x03G\x05\x1f\
\x07\xb8\x08\x0b\x0a\x11\x0b\xc7\x0b)\x0c7\x0c\xf4\x0bc\
\x0b\x8a\x0ao\x09\x1c\x08\x9a\x06\xf5\x048\x03o\x01\xa9\
\xff\xef\xfdO\xfc\xd2\xfa\x84\xf9n\xf8\x96\xf7\x04\xf7\xb9\
\xf6\xba\xf6\x06\xf7\x9c\xf7x\xf8\x94\xf9\xea\xfaq\xfc\x1f\
\xfe\xe9\xff\xc2\x01\xa1\x03w\x058\x07\xd7\x08J\x0a\x86\
\x0b\x80\x0c3\x0d\x96\x0d\xa6\x0d`\x0d\xc3\x0c\xd2\x0b\x8f\
\x0a\x00\x09-\x07\x1f\x05\xe0\x02|\x00\x02\xfe~\xfb\xfe\
\xf8\x91\xf6F\xf4)\xf2I\xf0\xb1\xeel\xed\x82\xec\xfa\
\xeb\xda\xeb#\xec\xd8\xec\xf5\xedw\xefW\xf1\x8e\xf3\x11\
\xf6\xd4\xf8\xc9\xfb\xe2\xfe\x0e\x02>\x05b\x08h\x0bA\
\x0e\xdd\x10/\x13)\x15\xc1\x16\xed\x17\xa6\x18\xe9\x18\xb1\
\x18\x00\x18\xd8\x16>\x159\x13\xd4\x10\x19\x0e\x16\x0b\xda\
\x07t\x04\xf6\x00r\xfd\xf8\xf9\x99\xf6g\xf3q\xf0\xc6\
\xeds\xeb\x84\xe9\x02\xe8\xf3\xe6^\xe6C\xe6\xa4\xe6|\
\xe7\xc8\xe8\x80\xea\x9b\xec\x0c\xef\xc8\xf1\xc0\xf4\xe4\xf7$\
\xfbo\xfe\xb4\x01\xe4\x04\xef\x07\xc5\x0aY\x0d\x9f\x0f\x8c\
\x11\x19\x13>\x14\xf9\x14F\x15'\x15\x9f\x14\xb2\x13h\
\x12\xc9\x10\xe1\x0e\xba\x0cc\x0a\xe9\x07Z\x05\xc5\x029\
\x00\xc5\xfdt\xfbS\xf9l\xf7\xcb\xf5u\xf4q\xf3\xc3\
\xf2l\xf2m\xf2\xc2\xf2i\xf3Y\xf4\x8d\xf5\xfa\xf6\x96\
\xf8W\xfa/\xfc\x12\xfe\xf3\xff\xc6\x01\x80\x03\x16\x05{\
\x06\xa9\x07\x98\x08A\x09\xa1\x09\xb5\x09~\x09\xfd\x084\
\x08+\x07\xe7\x05p\x04\xd1\x02\x14\x01E\xffo\xfd\x9e\
\xfb\xdf\xf9>\xf8\xc4\xf6~\xf5s\xf4\xab\xf3,\xf3\xfc\
\xf2\x1c\xf3\x8c\xf3M\xf4Z\xf5\xae\xf6C\xf8\x10\xfa\x0c\
\xfc,\xfeb\x00\xa4\x02\xe4\x04\x15\x07*\x09\x16\x0b\xcf\
\x0cI\x0e{\x0f^\x10\xea\x10\x1d\x11\xf4\x10o\x10\x8f\
\x0fX\x0e\xd2\x0c\x02\x0b\xf2\x08\xae\x06A\x04\xb8\x01#\
\xff\x8d\xfc\x05\xfa\x9b\xf7[\xf5R\xf3\x8b\xf1\x12\xf0\xee\
\xee&\xee\xbf\xed\xbd\xed\x1e\xee\xe3\xee\x07\xf0\x85\xf1T\
\xf3j\xf5\xbe\xf7B\xfa\xe9\xfc\xa3\xffa\x02\x17\x05\xb3\
\x07'\x0af\x0cc\x0e\x12\x10j\x11b\x12\xf6\x12\x22\
\x13\xe3\x12;\x12-\x11\xbd\x0f\xf4\x0d\xdb\x0b|\x09\xe5\
\x06#\x04D\x01Y\xfeq\xfb\x9a\xf8\xe6\xf5b\xf3\x1d\
\xf1\x22\xef}\xed7\xecV\xeb\xe0\xea\xd7\xea=\xeb\x0e\
\xecH\xed\xe3\xee\xd8\xf0\x1c\xf3\xa4\xf5c\xf8I\xfbH\
\xfeP\x01R\x04?\x07\x06\x0a\x9a\x0c\xee\x0e\xf6\x10\xa7\
\x12\xfa\x13\xe7\x14l\x15\x86\x154\x15{\x14]\x13\xe3\
\x11\x14\x10\xfa\x0d\xa2\x0b\x18\x09j\x06\xa6\x03\xdb\x00\x19\
\xfek\xfb\xe2\xf8\x89\xf6l\xf4\x96\xf2\x0e\xf1\xdc\xef\x04\
\xef\x8a\xeen\xee\xae\xeeH\xef6\xf0r\xf1\xf2\xf2\xad\
\xf4\x98\xf6\xa7\xf8\xce\xfa\xff\xfc-\xffL\x01Q\x030\
\x05\xde\x06S\x08\x88\x09v\x0a\x19\x0bq\x0b{\x0b:\
\x0b\xb1\x0a\xe4\x09\xdb\x08\x9e\x075\x06\xaa\x04\x09\x03]\
\x01\xb2\xff\x11\xfe\x87\xfc\x1e\xfb\xde\xf9\xd2\xf8\xff\xf7k\
\xf7\x1a\xf7\x0f\xf7J\xf7\xc9\xf7\x89\xf8\x86\xf9\xba\xfa\x1c\
\xfc\xa4\xfdH\xff\xfd\x00\xb7\x02m\x04\x11\x06\x98\x07\xf9\
\x08(\x0a\x1d\x0b\xd2\x0b?\x0c`\x0c3\x0c\xb7\x0b\xee\
\x0a\xd9\x09~\x08\xe3\x06\x10\x05\x10\x03\xec\x00\xb2\xfel\
\xfc(\xfa\xf3\xf7\xdb\xf5\xeb\xf30\xf2\xb6\xf0\x84\xef\xa5\
\xee\x1e\xee\xf4\xed*\xee\xc1\xee\xb7\xef\x0a\xf1\xb3\xf2\xac\
\xf4\xea\xf6d\xf9\x0e\xfc\xd9\xfe\xb7\x01\x9b\x04t\x075\
\x0a\xce\x0c1\x0fQ\x11#\x13\x9c\x14\xb4\x15d\x16\xa7\
\x16|\x16\xe1\x15\xda\x14k\x13\x99\x11n\x0f\xf4\x0c7\
\x0aE\x07+\x04\xf9\x00\xc0\xfd\x8f\xfau\xf7\x82\xf4\xc6\
\xf1M\xef#\xedT\xeb\xe8\xe9\xe6\xe8R\xe8/\xe8}\
\xe8:\xe9a\xea\xed\xeb\xd4\xed\x0c\xf0\x8b\xf2B\xf5#\
\xf8!\xfb+\xfe2\x01'\x04\xfd\x06\xa4\x09\x10\x0c6\
\x0e\x0c\x10\x8a\x11\xaa\x12i\x13\xc3\x13\xba\x13P\x13\x89\
\x12j\x11\xfd\x0fI\x0e[\x0c>\x0a\xfe\x07\xa8\x05K\
\x03\xf2\x00\xad\xfe\x85\xfc\x86\xfa\xbb\xf8,\xf7\xe1\xf5\xdf\
\xf4+\xf4\xc5\xf3\xaf\xf3\xe6\xf3g\xf4-\xf50\xf6j\
\xf7\xcf\xf8X\xfa\xf7\xfb\xa3\xfdP\xff\xf2\x00\x7f\x02\xed\
\x032\x05F\x06#\x07\xc2\x07 \x08;\x08\x13\x08\xa8\
\x07\xfe\x06\x18\x06\xfe\x04\xb7\x03K\x02\xc3\x00,\xff\x8d\
\xfd\xf2\xfbg\xfa\xf7\xf8\xaa\xf7\x8b\xf6\xa2\xf5\xf5\xf4\x8a\
\xf4f\xf4\x8a\xf4\xf7\xf4\xad\xf5\xa8\xf6\xe3\xf7Y\xf9\x02\
\xfb\xd5\xfc\xc8\xfe\xd0\x00\xe2\x02\xf2\x04\xf4\x06\xdc\x08\x9e\
\x0a1\x0c\x8a\x0d\xa0\x0em\x0f\xeb\x0f\x16\x10\xec\x0fl\
\x0f\x98\x0eu\x0d\x06\x0cS\x0ae\x08E\x06\xff\x03\x9f\
\x012\xff\xc3\xfca\xfa\x19\xf8\xf8\xf5\x08\xf4V\xf2\xea\
\xf0\xcd\xef\x05\xef\x98\xee\x88\xee\xd5\xee\x7f\xef\x82\xf0\xd9\
\xf1~\xf3h\xf5\x8c\xf7\xdf\xf9U\xfc\xe0\xfer\x01\xfe\
\x03v\x06\xcc\x08\xf3\x0a\xdf\x0c\x86\x0e\xdf\x0f\xe1\x10\x87\
\x11\xcd\x11\xb2\x115\x11Y\x10#\x0f\x99\x0d\xc2\x0b\xa9\
\x09Y\x07\xde\x04F\x02\x9f\xff\xf6\xfcZ\xfa\xd9\xf7\x81\
\xf5_\xf3}\xf1\xe7\xef\xa5\xee\xbd\xed5\xed\x10\xedN\
\xed\xee\xed\xee\xeeG\xf0\xf2\xf1\xe8\xf3\x1c\xf6\x84\xf8\x13\
\xfb\xbc\xfdo\x00\x1f\x03\xbf\x05A\x08\x96\x0a\xb4\x0c\x90\
\x0e\x1f\x10[\x11=\x12\xc2\x12\xe7\x12\xac\x12\x14\x12!\
\x11\xdb\x0fH\x0eq\x0ca\x0a#\x08\xc3\x05O\x03\xd4\
\x00_\xfe\xfd\xfb\xb9\xf9\xa1\xf7\xbe\xf5\x19\xf4\xbb\xf2\xaa\
\xf1\xeb\xf0\x7f\xf0g\xf0\xa4\xf01\xf1\x0a\xf2)\xf3\x87\
\xf4\x19\xf6\xd7\xf7\xb6\xf9\xaa\xfb\xa7\xfd\xa2\xff\x8f\x01d\
\x03\x15\x05\x9b\x06\xec\x07\x02\x09\xd7\x09h\x0a\xb3\x0a\xb6\
\x0au\x0a\xf1\x09/\x095\x08\x0a\x07\xb7\x05E\x04\xbe\
\x02+\x01\x9a\xff\x11\xfe\x9d\xfcF\xfb\x17\xfa\x15\xf9I\
\xf8\xb7\xf7d\xf7P\xf7~\xf7\xeb\xf7\x96\xf8z\xf9\x92\
\xfa\xd6\xfb?\xfd\xc3\xfeW\x00\xf4\x01\x8e\x03\x1a\x05\x8d\
\x06\xde\x07\x03\x09\xf5\x09\xac\x0a#\x0bT\x0b?\x0b\xe0\
\x0a:\x0aN\x09\x22\x08\xb9\x06\x1c\x05S\x03i\x01g\
\xffX\xfdI\xfbE\xf9Y\xf7\x90\xf5\xf6\xf3\x93\xf2r\
\xf1\x9a\xf0\x12\xf0\xdd\xef\xff\xefz\xf0K\xf1p\xf2\xe4\
\xf3\xa2\xf5\xa0\xf7\xd6\xf98\xfc\xba\xfeO\x01\xec\x03\x80\
\x06\x00\x09]\x0b\x8b\x0d~\x0f*\x11\x87\x12\x8c\x133\
\x14x\x14Y\x14\xd4\x13\xed\x12\xa6\x11\x05\x10\x12\x0e\xd6\
\x0b[\x09\xaf\x06\xde\x03\xf5\x00\x05\xfe\x1a\xfbC\xf8\x8f\
\xf5\x0b\xf3\xc4\xf0\xc4\xee\x16\xed\xc2\xeb\xce\xea?\xea\x17\
\xeaV\xea\xfc\xea\x03\xecg\xed\x1f\xef$\xf1i\xf3\xe5\
\xf5\x88\xf8G\xfb\x14\xfe\xde\x00\x9b\x03;\x06\xb3\x08\xf7\
\x0a\xfb\x0c\xb7\x0e#\x10:\x11\xf7\x11Y\x12_\x12\x0b\
\x12b\x11g\x10\x22\x0f\x9c\x0d\xde\x0b\xf3\x09\xe6\x07\xc4\
\x05\x97\x03m\x01R\xffO\xfdq\xfb\xc0\xf9D\xf8\x05\
\xf7\x08\xf6Q\xf5\xe1\xf4\xba\xf4\xd9\xf4<\xf5\xde\xf5\xba\
\xf6\xc8\xf7\x00\xf9Y\xfa\xc9\xfbG\xfd\xc7\xfe?\x00\xa7\
\x01\xf4\x02\x1e\x04\x1d\x05\xec\x05\x84\x06\xe2\x06\x05\x07\xeb\
\x06\x95\x06\x07\x06C\x05O\x042\x03\xf4\x01\x9c\x005\
\xff\xc7\xfd]\xfc\x00\xfb\xba\xf9\x94\xf8\x97\xf7\xca\xf63\
\xf6\xd7\xf5\xbb\xf5\xe0\xf5G\xf6\xf0\xf6\xd7\xf7\xf8\xf8O\
\xfa\xd3\xfb~\xfdF\xff \x01\x04\x03\xe5\x04\xba\x06v\
\x08\x10\x0a~\x0b\xb7\x0c\xb4\x0dl\x0e\xdc\x0e\xff\x0e\xd4\
\x0eZ\x0e\x92\x0d\x81\x0c*\x0b\x94\x09\xc7\x07\xcb\x05\xab\
\x03s\x01.\xff\xe7\xfc\xab\xfa\x87\xf8\x85\xf6\xb1\xf4\x15\
\xf3\xba\xf1\xa7\xf0\xe4\xeft\xef[\xef\x99\xef-\xf0\x15\
\xf1L\xf2\xcc\xf3\x8e\xf5\x88\xf7\xaf\xf9\xf9\xfbX\xfe\xc0\
\x00&\x03{\x05\xb2\x07\xc1\x09\x9c\x0b8\x0d\x8d\x0e\x94\
\x0fG\x10\xa2\x10\xa3\x10J\x10\x98\x0f\x92\x0e=\x0d\x9f\
\x0b\xc3\x09\xb0\x07t\x05\x19\x03\xac\x00=\xfe\xd4\xfb\x81\
\xf9P\xf7M\xf5\x83\xf3\xfa\xf1\xbc\xf0\xcf\xef8\xef\xfa\
\xee\x16\xef\x8b\xefW\xf0v\xf1\xe1\xf2\x90\xf4{\xf6\x97\
\xf8\xd9\xfa4\xfd\x9d\xff\x04\x02a\x04\xa4\x06\xc2\x08\xb1\
\x0af\x0c\xd8\x0d\x01\x0f\xda\x0f`\x10\x90\x10k\x10\xf2\
\x0f(\x0f\x11\x0e\xb5\x0c\x1c\x0bN\x09V\x07?\x05\x14\
\x03\xe1\x00\xb4\xfe\x95\xfc\x92\xfa\xb4\xf8\x05\xf7\x8f\xf5W\
\xf4c\xf3\xb8\xf2Y\xf2E\xf2|\xf2\xfd\xf2\xc1\xf3\xc5\
\xf4\x01\xf6m\xf7\x00\xf9\xb0\xfat\xfc@\xfe\x08\x00\xc5\
\x01l\x03\xf2\x04P\x06~\x07u\x082\x09\xb0\x09\xed\
\x09\xea\x09\xa6\x09&\x09m\x08\x80\x07g\x06(\x05\xcc\
\x03]\x02\xe3\x00j\xff\xf9\xfd\x9b\xfcX\xfb8\xfaD\
\xf9\x81\xf8\xf3\xf7\xa0\xf7\x88\xf7\xad\xf7\x0d\xf8\xa8\xf8x\
\xf9x\xfa\xa3\xfb\xf2\xfc[\xfe\xd6\xffX\x01\xda\x02Q\
\x04\xb3\x05\xf7\x06\x14\x08\x02\x09\xbc\x09:\x0az\x0ay\
\x0a4\x0a\xae\x09\xe6\x08\xe2\x07\xa6\x068\x05\xa1\x03\xe8\
\x01\x17\x00:\xfeY\xfc\x80\xfa\xbb\xf8\x13\xf7\x94\xf5F\
\xf42\xf3_\xf2\xd3\xf1\x93\xf1\xa2\xf1\x00\xf2\xad\xf2\xa7\
\xf3\xea\xf4q\xf63\xf8)\xfaI\xfc\x89\xfe\xda\x005\
\x03\x8a\x05\xce\x07\xf4\x09\xf1\x0b\xba\x0dD\x0f\x88\x10|\
\x11\x1c\x12d\x12P\x12\xe1\x11\x18\x11\xf8\x0f\x85\x0e\xc7\
\x0c\xc6\x0a\x8b\x08\x22\x06\x96\x03\xf3\x00I\xfe\xa1\xfb\x0b\
\xf9\x93\xf6F\xf4/\xf2X\xf0\xcb\xee\x90\xed\xab\xec\x22\
\xec\xf8\xeb+\xec\xbc\xec\xa7\xed\xe7\xeeu\xf0I\xf2Z\
\xf4\x9d\xf6\x06\xf9\x8a\xfb\x1b\xfe\xac\x001\x03\x9e\x05\xe7\
\x07\x01\x0a\xe2\x0b\x82\x0d\xd9\x0e\xe3\x0f\x9b\x10\xff\x10\x0f\
\x11\xcc\x10:\x10\x5c\x0f:\x0e\xdb\x0cF\x0b\x87\x09\xa8\
\x07\xb2\x05\xb2\x03\xb2\x01\xbf\xff\xe0\xfd \xfc\x88\xfa!\
\xf9\xef\xf7\xf9\xf6B\xf6\xcc\xf5\x99\xf5\xa6\xf5\xf1\xf5w\
\xf62\xf7\x1d\xf8/\xf9a\xfa\xaa\xfb\x00\xfd[\xfe\xb2\
\xff\xf9\x00*\x02>\x03,\x04\xef\x04\x82\x05\xe2\x05\x0c\
\x06\x00\x06\xbe\x05H\x05\xa2\x04\xd1\x03\xda\x02\xc3\x01\x96\
\x00Z\xff\x17\xfe\xd6\xfc\xa1\xfb\x7f\xfaz\xf9\x99\xf8\xe3\
\xf7]\xf7\x0d\xf7\xf5\xf6\x18\xf7w\xf7\x11\xf8\xe3\xf8\xea\
\xf9!\xfb\x82\xfc\x05\xfe\xa3\xffR\x01\x09\x03\xbe\x04g\
\x06\xfb\x07o\x09\xbb\x0a\xd6\x0b\xb9\x0c_\x0d\xc2\x0d\xde\
\x0d\xb3\x0d?\x0d\x84\x0c\x85\x0bF\x0a\xcc\x08\x1f\x07H\
\x05N\x03=\x01!\xff\x02\xfd\xec\xfa\xec\xf8\x0b\xf7S\
\xf5\xd0\xf3\x88\xf2\x83\xf1\xc7\xf0X\xf09\xf0k\xf0\xee\
\xf0\xbf\xf1\xdb\xf2;\xf4\xd8\xf5\xac\xf7\xab\xf9\xcb\xfb\x02\
\xfeB\x00\x83\x02\xb5\x04\xcf\x06\xc5\x08\x8c\x0a\x1b\x0cj\
\x0dr\x0e,\x0f\x96\x0f\xac\x0fp\x0f\xe1\x0e\x03\x0e\xda\
\x0cn\x0b\xc5\x09\xe8\x07\xe2\x05\xbd\x03\x85\x01G\xff\x0c\
\xfd\xe3\xfa\xd5\xf8\xef\xf6:\xf5\xbf\xf3\x86\xf2\x95\xf1\xf2\
\xf0\x9f\xf0\x9d\xf0\xee\xf0\x8d\xf1y\xf2\xac\xf3\x1e\xf5\xc8\
\xf6\xa1\xf8\x9f\xfa\xb7\xfc\xdd\xfe\x05\x01&\x033\x05!\
\x07\xe6\x08y\x0a\xd2\x0b\xea\x0c\xbc\x0dE\x0e\x80\x0ep\
\x0e\x13\x0en\x0d\x83\x0cZ\x0b\xf9\x09g\x08\xaf\x06\xd9\
\x04\xf1\x02\x00\x01\x13\xff2\xfdi\xfb\xc0\xf9@\xf8\xf2\
\xf6\xdb\xf5\x02\xf5i\xf4\x13\xf4\x01\xf43\xf4\xa6\xf4W\
\xf5@\xf6[\xf7\xa2\xf8\x0c\xfa\x90\xfb%\xfd\xc2\xfe\x5c\
\x00\xeb\x01e\x03\xc2\x04\xfa\x05\x06\x07\xe0\x07\x85\x08\xf0\
\x08!\x09\x16\x09\xd1\x08T\x08\xa3\x07\xc2\x06\xb9\x05\x8d\
\x04G\x03\xef\x01\x8d\x00,\xff\xd3\xfd\x8b\xfc\x5c\xfbN\
\xfah\xf9\xaf\xf8)\xf8\xd8\xf7\xbf\xf7\xdf\xf76\xf8\xc3\
\xf8\x83\xf9q\xfa\x88\xfb\xc0\xfc\x12\xfev\xff\xe2\x00O\
\x02\xb3\x03\x06\x05=\x06R\x07>\x08\xf9\x08~\x09\xca\
\x09\xd9\x09\xab\x09?\x09\x98\x08\xb7\x07\xa1\x06\x5c\x05\xef\
\x03b\x02\xbd\x00\x0a\xffQ\xfd\x9e\xfb\xfa\xf9o\xf8\x07\
\xf7\xca\xf5\xc0\xf4\xf1\xf3a\xf3\x15\xf3\x11\xf3U\xf3\xe1\
\xf3\xb3\xf4\xc8\xf5\x1c\xf7\xa7\xf8c\xfaG\xfcH\xfe\x5c\
\x00z\x02\x96\x04\xa3\x06\x98\x08i\x0a\x0b\x0cw\x0d\xa4\
\x0e\x8a\x0f%\x10p\x10i\x10\x0e\x10b\x0fg\x0e \
\x0d\x95\x0b\xcc\x09\xcd\x07\xa3\x05X\x03\xf8\x00\x8f\xfe(\
\xfc\xcf\xf9\x91\xf7x\xf5\x8f\xf3\xe0\xf1s\xf0P\xef{\
\xee\xf9\xed\xcd\xed\xf6\xedu\xeeF\xefd\xf0\xcb\xf1s\
\xf3R\xf5`\xf7\x92\xf9\xdd\xfb6\xfe\x8f\x00\xdf\x02\x19\
\x054\x07$\x09\xe2\x0ad\x0c\xa5\x0d\x9f\x0eN\x0f\xb1\
\x0f\xc6\x0f\x8f\x0f\x10\x0fJ\x0eE\x0d\x07\x0c\x98\x0a\x00\
\x09I\x07}\x05\xa5\x03\xcc\x01\xfe\xffA\xfe\x9f\xfc!\
\xfb\xcd\xf9\xab\xf8\xbe\xf7\x0b\xf7\x93\xf6X\xf6X\xf6\x91\
\xf6\x01\xf7\xa3\xf7p\xf8d\xf9u\xfa\x9d\xfb\xd3\xfc\x0f\
\xfeG\xfft\x00\x8e\x01\x8f\x02o\x03)\x04\xb8\x04\x19\
\x05I\x05I\x05\x19\x05\xb9\x04.\x04z\x03\xa4\x02\xb1\
\x01\xa8\x00\x91\xffs\xfeV\xfdB\xfc@\xfbV\xfa\x8c\
\xf9\xe8\xf8o\xf8&\xf8\x10\xf8/\xf8\x84\xf8\x0e\xf9\xca\
\xf9\xb7\xfa\xcf\xfb\x0e\xfdk\xfe\xe1\xfff\x01\xf3\x02~\
\x04\xff\x05l\x07\xbd\x08\xe9\x09\xe9\x0a\xb6\x0bK\x0c\xa3\
\x0c\xba\x0c\x90\x0c#\x0cv\x0b\x89\x0aa\x09\x04\x08w\
\x06\xc3\x04\xf0\x02\x06\x01\x12\xff\x1a\xfd+\xfbO\xf9\x8f\
\xf7\xf6\xf5\x8c\xf4X\xf3b\xf2\xb0\xf1D\xf1#\xf1L\
\xf1\xc1\xf1~\xf2\x81\xf3\xc4\xf4A\xf6\xf1\xf7\xcb\xf9\xc5\
\xfb\xd5\xfd\xf0\xff\x0b\x02\x1c\x04\x18\x06\xf4\x07\xa6\x09%\
\x0bj\x0cn\x0d,\x0e\x9f\x0e\xc6\x0e\x9f\x0e,\x0ep\
\x0dm\x0c*\x0b\xae\x09\xff\x07)\x064\x04*\x02\x17\
\x00\x07\xfe\x03\xfc\x16\xfaJ\xf8\xa9\xf6<\xf5\x09\xf4\x17\
\xf3k\xf2\x07\xf2\xee\xf1\x1f\xf2\x99\xf2Y\xf3[\xf4\x99\
\xf5\x0b\xf7\xaa\xf8m\xfaI\xfc6\xfe&\x00\x13\x02\xf0\
\x03\xb3\x05T\x07\xca\x08\x0d\x0a\x18\x0b\xe4\x0bn\x0c\xb5\
\x0c\xb7\x0cu\x0c\xf1\x0b.\x0b3\x0a\x04\x09\xa9\x07*\
\x06\x8f\x04\xe2\x02-\x01y\xff\xcf\xfd9\xfc\xbf\xfai\
\xf9?\xf8E\xf7\x82\xf6\xf8\xf5\xaa\xf5\x99\xf5\xc4\xf5)\
\xf6\xc5\xf6\x95\xf7\x91\xf8\xb4\xf9\xf7\xfaR\xfc\xbc\xfd,\
\xff\x99\x00\xfd\x01N\x03\x84\x04\x98\x05\x84\x06D\x07\xd2\
\x07,\x08P\x08?\x08\xf8\x07~\x07\xd5\x06\x01\x06\x07\
\x05\xee\x03\xbd\x02{\x012\x00\xe9\xfe\xa7\xfdu\xfc[\
\xfb_\xfa\x89\xf9\xdd\xf8_\xf8\x13\xf8\xfb\xf7\x18\xf8i\
\xf8\xed\xf8\xa0\xf9\x7f\xfa\x84\xfb\xa9\xfc\xe7\xfd6\xff\x8f\
\x00\xe9\x01<\x03\x80\x04\xac\x05\xb9\x06\xa0\x07[\x08\xe5\
\x08:\x09W\x09;\x09\xe6\x08Y\x08\x96\x07\xa2\x06\x81\
\x059\x04\xd1\x02Q\x01\xc3\xff-\xfe\x9a\xfc\x13\xfb\xa1\
\xf9M\xf8\x1f\xf7\x1e\xf6P\xf5\xbc\xf4f\xf4O\xf4{\
\xf4\xe8\xf4\x96\xf5\x82\xf6\xa7\xf7\x00\xf9\x87\xfa4\xfc\xfd\
\xfd\xdb\xff\xc1\x01\xa8\x03\x85\x05M\x07\xf6\x08w\x0a\xc8\
\x0b\xe1\x0c\xbb\x0dR\x0e\xa1\x0e\xa6\x0e`\x0e\xd0\x0d\xf8\
\x0c\xdb\x0b\x7f\x0a\xea\x08$\x076\x05)\x03\x07\x01\xdc\
\xfe\xb1\xfc\x91\xfa\x89\xf8\xa1\xf6\xe4\xf4[\xf3\x0c\xf2\x00\
\xf1:\xf0\xbf\xef\x92\xef\xb3\xef!\xf0\xd9\xf0\xd9\xf1\x1b\
\xf3\x98\xf4I\xf6%\xf8#\xfa8\xfcZ\xfe~\x00\x9a\
\x02\xa4\x04\x91\x06Y\x08\xf2\x09W\x0b\x7f\x0ch\x0d\x0c\
\x0ek\x0e\x83\x0eU\x0e\xe4\x0d3\x0dH\x0c'\x0b\xd8\
\x09d\x08\xd2\x06+\x05y\x03\xc5\x01\x19\x00}\xfe\xf9\
\xfc\x94\xfbV\xfaD\xf9c\xf8\xb6\xf7@\xf7\x01\xf7\xf8\
\xf6%\xf7\x84\xf7\x11\xf8\xc7\xf8\xa1\xf9\x98\xfa\xa4\xfb\xbf\
\xfc\xe0\xfd\x00\xff\x15\x00\x1c\x01\x0d\x02\xe0\x02\x91\x03\x1d\
\x04\x7f\x04\xb6\x04\xc0\x04\x9e\x04Q\x04\xdc\x03B\x03\x88\
\x02\xb3\x01\xca\x00\xd3\xff\xd4\xfe\xd5\xfd\xde\xfc\xf5\xfb\x22\
\xfbj\xfa\xd5\xf9e\xf9!\xf9\x0a\xf9#\xf9l\xf9\xe5\
\xf9\x8d\xfa`\xfbZ\xfcw\xfd\xb1\xfe\x00\x00_\x01\xc5\
\x02*\x04\x85\x05\xcf\x06\x00\x08\x0f\x09\xf6\x09\xb0\x0a6\
\x0b\x85\x0b\x99\x0bq\x0b\x0d\x0bm\x0a\x93\x09\x83\x08B\
\x07\xd6\x05E\x04\x97\x02\xd4\x00\x07\xff6\xfdm\xfb\xb5\
\xf9\x17\xf8\x9c\xf6K\xf5-\xf4G\xf3\x9f\xf29\xf2\x16\
\xf2:\xf2\xa2\xf2N\xf3:\xf4c\xf5\xc2\xf6Q\xf8\x07\
\xfa\xdc\xfb\xc7\xfd\xbe\xff\xb5\x01\xa5\x03\x82\x05C\x07\xde\
\x08L\x0a\x85\x0b\x82\x0c?\x0d\xb7\x0d\xe9\x0d\xd3\x0dw\
\x0d\xd5\x0c\xf2\x0b\xd3\x0a}\x09\xf7\x07J\x06\x7f\x04\xa0\
\x02\xb5\x00\xcb\xfe\xe9\xfc\x1a\xfbh\xf9\xdb\xf7|\xf6Q\
\xf5`\xf4\xad\xf3=\xf3\x10\xf3(\xf3\x83\xf3\x1f\xf4\xf7\
\xf4\x08\xf6J\xf7\xb7\xf8F\xfa\xef\xfb\xa9\xfdj\xff(\
\x01\xdb\x02z\x04\xfb\x05W\x07\x87\x08\x85\x09L\x0a\xd9\
\x0a)\x0b<\x0b\x11\x0b\xab\x0a\x0d\x0a:\x098\x08\x0d\
\x07\xc1\x05[\x04\xe3\x02b\x01\xe2\xffh\xfe\xff\xfc\xaf\
\xfb}\xfar\xf9\x91\xf8\xe1\xf7c\xf7\x1b\xf7\x08\xf7,\
\xf7\x83\xf7\x0c\xf8\xc2\xf8\xa1\xf9\xa3\xfa\xc1\xfb\xf4\xfc5\
\xfe|\xff\xc0\x00\xfb\x01&\x038\x04+\x05\xfa\x05\xa1\
\x06\x1a\x07e\x07\x7f\x07g\x07 \x07\xaa\x06\x09\x06A\
\x05W\x04P\x034\x02\x0a\x01\xd8\xff\xa7\xfe|\xfda\
\xfc\x5c\xfbt\xfa\xad\xf9\x0e\xf9\x9b\xf8V\xf8A\xf8]\
\xf8\xaa\xf8&\xf9\xcf\xf9\xa1\xfa\x96\xfb\xaa\xfc\xd6\xfd\x14\
\xffZ\x00\xa2\x01\xe5\x02\x1b\x04;\x05?\x06!\x07\xdb\
\x07g\x08\xc2\x08\xea\x08\xdd\x08\x9b\x08$\x08z\x07\xa2\
\x06\x9f\x05v\x04/\x03\xd0\x01a\x00\xeb\xfet\xfd\x06\
\xfc\xaa\xfag\xf9E\xf8K\xf7\x80\xf6\xe8\xf5\x87\xf5`\
\xf5v\xf5\xc8\xf5U\xf6\x1b\xf7\x17\xf8C\xf9\x9b\xfa\x16\
\xfc\xae\xfdY\xff\x0f\x01\xc7\x02x\x04\x18\x06\x9e\x07\x01\
\x09;\x0aB\x0b\x13\x0c\xa7\x0c\xfb\x0c\x0c\x0d\xd9\x0cd\
\x0c\xad\x0b\xb7\x0a\x88\x09$\x08\x93\x06\xdc\x04\x08\x03 \
\x01.\xff;\xfdQ\xfb{\xf9\xc1\xf7-\xf6\xc6\xf4\x94\
\xf3\x9d\xf2\xe5\xf1q\xf1C\xf1[\xf1\xb9\xf1\x5c\xf2>\
\xf3^\xf4\xb3\xf58\xf7\xe5\xf8\xb1\xfa\x93\xfc\x81\xfer\
\x00]\x027\x04\xf9\x05\x98\x07\x0f\x09U\x0af\x0b<\
\x0c\xd4\x0c-\x0dF\x0d\x1f\x0d\xba\x0c\x1a\x0cE\x0b>\
\x0a\x0d\x09\xb9\x07I\x06\xc6\x047\x03\xa7\x01\x1c\x00\x9f\
\xfe8\xfd\xed\xfb\xc5\xfa\xc5\xf9\xf1\xf8M\xf8\xda\xf7\x9b\
\xf7\x8e\xf7\xb1\xf7\x04\xf8\x81\xf8%\xf9\xea\xf9\xca\xfa\xc0\
\xfb\xc3\xfc\xcd\xfd\xd8\xfe\xdb\xff\xcf\x00\xb1\x01y\x02#\
\x03\xab\x03\x0d\x04H\x04Z\x04E\x04\x08\x04\xa5\x03!\
\x03\x7f\x02\xc3\x01\xf4\x00\x17\x003\xffM\xfen\xfd\x9a\
\xfc\xd9\xfb0\xfb\xa6\xfa=\xfa\xfb\xf9\xe2\xf9\xf3\xf90\
\xfa\x99\xfa+\xfb\xe5\xfb\xc4\xfc\xc2\xfd\xda\xfe\x06\x00A\
\x01\x83\x02\xc5\x03\xfe\x04(\x06<\x071\x08\x03\x09\xac\
\x09&\x0am\x0a\x80\x0a\x5c\x0a\x01\x0ap\x09\xa9\x08\xb2\
\x07\x8d\x06@\x05\xd1\x03H\x02\xab\x00\x04\xffZ\xfd\xb6\
\xfb\x22\xfa\xa4\xf8F\xf7\x10\xf6\x07\xf51\xf4\x94\xf33\
\xf3\x11\xf3/\xf3\x8d\xf3*\xf4\x02\xf5\x12\xf6T\xf7\xc3\
\xf8X\xfa\x0a\xfc\xd1\xfd\xa3\xffx\x01F\x03\x05\x05\xaa\
\x06-\x08\x88\x09\xb2\x0a\xa6\x0b^\x0c\xd8\x0c\x11\x0d\x08\
\x0d\xbd\x0c2\x0ci\x0bh\x0a3\x09\xd2\x07J\x06\xa5\
\x04\xeb\x02%\x01]\xff\x9c\xfd\xea\xfbP\xfa\xd7\xf8\x87\
\xf7e\xf6w\xf5\xc2\xf4I\xf4\x0e\xf4\x12\xf4S\xf4\xd0\
\xf4\x86\xf5q\xf6\x8a\xf7\xcb\xf8/\xfa\xab\xfb9\xfd\xd0\
\xfef\x00\xf5\x01r\x03\xd8\x04\x1d\x06<\x07/\x08\xf1\
\x08\x80\x09\xd9\x09\xfa\x09\xe4\x09\x98\x09\x18\x09i\x08\x8f\
\x07\x8f\x06o\x057\x04\xee\x02\x9b\x01F\x00\xf9\xfe\xb7\
\xfd\x8a\xfcy\xfb\x88\xfa\xbd\xf9\x1b\xf9\xa8\xf8c\xf8N\
\xf8i\xf8\xb3\xf8)\xf9\xc7\xf9\x8a\xfal\xfbh\xfcw\
\xfd\x93\xfe\xb3\xff\xd1\x00\xe8\x01\xef\x02\xe0\x03\xb5\x04j\
\x05\xfa\x05b\x06\x9f\x06\xb0\x06\x94\x06M\x06\xdc\x05D\
\x05\x89\x04\xae\x03\xbb\x02\xb3\x01\x9f\x00\x86\xffk\xfeY\
\xfdT\xfcd\xfb\x8f\xfa\xd9\xf9H\xf9\xe0\xf8\xa2\xf8\x91\
\xf8\xae\xf8\xf9\xf8o\xf9\x0f\xfa\xd5\xfa\xbd\xfb\xc2\xfc\xdd\
\xfd\x09\xff>\x00v\x01\xa9\x02\xd0\x03\xe4\x04\xdf\x05\xba\
\x06p\x07\xfd\x07\x5c\x08\x8c\x08\x8a\x08V\x08\xf1\x07]\
\x07\x9c\x06\xb2\x05\xa5\x04z\x037\x02\xe3\x00\x88\xff*\
\xfe\xd3\xfc\x89\xfbV\xfa@\xf9M\xf8\x83\xf7\xe7\xf6~\
\xf6I\xf6K\xf6\x85\xf6\xf5\xf6\x9a\xf7q\xf8v\xf9\xa3\
\xfa\xf3\xfb^\xfd\xdd\xfeh\x00\xf7\x01\x81\x03\xfd\x04d\
\x06\xad\x07\xd2\x08\xcb\x09\x93\x0a&\x0b\x7f\x0b\x9c\x0b|\
\x0b\x1f\x0b\x87\x0a\xb6\x09\xaf\x08y\x07\x18\x06\x94\x04\xf5\
\x02B\x01\x85\xff\xc6\xfd\x0e\xfce\xfa\xd6\xf8g\xf7 \
\xf6\x08\xf5$\xf4y\xf3\x0b\xf3\xdb\xf2\xeb\xf2:\xf3\xc7\
\xf3\x8f\xf4\x8d\xf5\xbd\xf6\x19\xf8\x99\xf96\xfb\xe8\xfc\xa5\
\xfee\x00!\x02\xcf\x03f\x05\xdf\x064\x08]\x09V\
\x0a\x19\x0b\xa5\x0b\xf8\x0b\x0f\x0c\xed\x0b\x93\x0b\x03\x0bA\
\x0aR\x09=\x08\x07\x07\xb7\x05T\x04\xe8\x02x\x01\x0e\
\x00\xb0\xfee\xfd4\xfc\x22\xfb4\xfao\xf9\xd6\xf8j\
\xf8-\xf8\x1e\xf8<\xf8\x85\xf8\xf6\xf8\x8b\xf9?\xfa\x0d\
\xfb\xee\xfb\xde\xfc\xd4\xfd\xcb\xfe\xbd\xff\xa2\x00v\x013\
\x02\xd6\x02Y\x03\xbb\x03\xf8\x03\x11\x04\x05\x04\xd4\x03\x81\
\x03\x0f\x03\x80\x02\xda\x01 \x01Y\x00\x8b\xff\xbb\xfe\xee\
\xfd,\xfdy\xfc\xdd\xfbZ\xfb\xf6\xfa\xb4\xfa\x97\xfa\xa1\
\xfa\xd2\xfa*\xfb\xa9\xfbL\xfc\x10\xfd\xf1\xfd\xeb\xfe\xf8\
\xff\x11\x013\x02T\x03o\x04}\x05w\x06V\x07\x15\
\x08\xaf\x08\x1f\x09b\x09u\x09V\x09\x05\x09\x83\x08\xd0\
\x07\xf1\x06\xe8\x05\xb9\x04l\x03\x06\x02\x8e\x00\x0d\xff\x87\
\xfd\x08\xfc\x95\xfa7\xf9\xf6\xf7\xd8\xf6\xe4\xf5\x1e\xf5\x8d\
\xf42\xf4\x10\xf4*\xf4~\xf4\x0c\xf5\xd1\xf5\xc9\xf6\xf1\
\xf7B\xf9\xb6\xfaF\xfc\xea\xfd\x9a\xffK\x01\xf9\x02\x98\
\x04!\x06\x8c\x07\xd2\x08\xec\x09\xd4\x0a\x86\x0b\xff\x0b;\
\x0c;\x0c\xfd\x0b\x85\x0b\xd3\x0a\xec\x09\xd4\x08\x92\x07,\
\x06\xa9\x04\x12\x03n\x01\xc7\xff#\xfe\x8d\xfc\x0c\xfb\xa7\
\xf9f\xf8O\xf7g\xf6\xb3\xf55\xf5\xef\xf4\xe3\xf4\x10\
\xf5u\xf5\x0e\xf6\xd8\xf6\xce\xf7\xeb\xf8)\xfa\x7f\xfb\xe7\
\xfcY\xfe\xcc\xff:\x01\x9a\x02\xe7\x03\x17\x05'\x06\x10\
\x07\xce\x07]\x08\xbc\x08\xe9\x08\xe5\x08\xaf\x08K\x08\xba\
\x07\x02\x07'\x06/\x05\x1f\x04\xfe\x02\xd3\x01\xa5\x00}\
\xff^\xfeP\xfdY\xfc\x7f\xfb\xc5\xfa1\xfa\xc5\xf9\x82\
\xf9j\xf9}\xf9\xb9\xf9\x1d\xfa\xa5\xfaN\xfb\x13\xfc\xf0\
\xfc\xdd\xfd\xd6\xfe\xd4\xff\xd0\x00\xc5\x01\xac\x02\x7f\x03:\
\x04\xd8\x04T\x05\xad\x05\xde\x05\xe8\x05\xca\x05\x84\x05\x19\
\x05\x8b\x04\xdc\x03\x12\x031\x02?\x01A\x00>\xff;\
\xfe@\xfdR\xfcw\xfb\xb4\xfa\x10\xfa\x8d\xf9/\xf9\xfa\
\xf8\xee\xf8\x0c\xf9T\xf9\xc6\xf9^\xfa\x1a\xfb\xf5\xfb\xeb\
\xfc\xf7\xfd\x12\xff6\x00]\x01\x80\x02\x99\x03\xa0\x04\x90\
\x05c\x06\x14\x07\x9f\x07\x00\x084\x08;\x08\x12\x08\xbc\
\x079\x07\x8c\x06\xb8\x05\xc2\x04\xaf\x03\x85\x02J\x01\x05\
\x00\xbe\xfez\xfdC\xfc\x1e\xfb\x12\xfa%\xf9^\xf8\xc0\
\xf7O\xf7\x0f\xf7\x01\xf7%\xf7}\xf7\x05\xf8\xbc\xf8\x9e\
\xf9\xa6\xfa\xcf\xfb\x13\xfdl\xfe\xd1\xff:\x01\xa2\x02\xff\
\x03K\x05}\x06\x90\x07|\x08>\x09\xcf\x09-\x0aU\
\x0aG\x0a\x01\x0a\x85\x09\xd5\x08\xf4\x07\xe7\x06\xb3\x05^\
\x04\xef\x02l\x01\xe0\xffO\xfe\xc4\xfcF\xfb\xdc\xf9\x8f\
\xf8e\xf7d\xf6\x92\xf5\xf2\xf4\x89\xf4W\xf4_\xf4\xa0\
\xf4\x18\xf5\xc6\xf5\xa6\xf6\xb3\xf7\xe7\xf8=\xfa\xae\xfb2\
\xfd\xc2\xfeU\x00\xe4\x01g\x03\xd7\x04,\x06`\x07m\
\x08O\x09\x01\x0a\x80\x0a\xcc\x0a\xe2\x0a\xc4\x0as\x0a\xf1\
\x09A\x09i\x08m\x07S\x06!\x05\xde\x03\x91\x02B\
\x01\xf7\xff\xb7\xfe\x88\xfdp\xfct\xfb\x9a\xfa\xe5\xf9W\
\xf9\xf3\xf8\xba\xf8\xab\xf8\xc6\xf8\x09\xf9p\xf9\xf9\xf9\x9f\
\xfa]\xfb-\xfc\x0b\xfd\xf0\xfd\xd6\xfe\xb7\xff\x8e\x00U\
\x01\x08\x02\xa3\x02!\x03\x81\x03\xc0\x03\xdc\x03\xd7\x03\xb0\
\x03i\x03\x05\x03\x86\x02\xf1\x01I\x01\x94\x00\xd8\xff\x19\
\xff\x5c\xfe\xa8\xfd\x02\xfdn\xfc\xf2\xfb\x90\xfbN\xfb,\
\xfb.\xfbS\xfb\x9d\xfb\x09\xfc\x96\xfcB\xfd\x0a\xfe\xe8\
\xfe\xd8\xff\xd4\x00\xd8\x01\xde\x02\xde\x03\xd2\x04\xb5\x05\x81\
\x061\x07\xbf\x07(\x08g\x08|\x08c\x08\x1d\x08\xaa\
\x07\x0b\x07C\x06U\x05E\x04\x18\x03\xd4\x01\x7f\x00!\
\xff\xbf\xfda\xfc\x0f\xfb\xd0\xf9\xaa\xf8\xa3\xf7\xc3\xf6\x0d\
\xf6\x85\xf50\xf5\x10\xf5%\xf5o\xf5\xef\xf5\xa2\xf6\x84\
\xf7\x92\xf8\xc6\xf9\x1b\xfb\x8a\xfc\x0c\xfe\x99\xff)\x01\xb6\
\x027\x04\xa3\x05\xf5\x06%\x08-\x09\x09\x0a\xb2\x0a'\
\x0be\x0bk\x0b8\x0b\xcf\x0a0\x0a`\x09c\x08=\
\x07\xf5\x05\x92\x04\x1a\x03\x96\x01\x0d\x00\x88\xfe\x0c\xfd\xa3\
\xfbS\xfa#\xf9\x18\xf88\xf7\x86\xf6\x06\xf6\xba\xf5\xa3\
\xf5\xc0\xf5\x11\xf6\x93\xf6B\xf7\x1b\xf8\x19\xf95\xfaj\
\xfb\xb0\xfc\x02\xfeW\xff\xa7\x00\xee\x01#\x03A\x04B\
\x05!\x06\xda\x06j\x07\xce\x07\x04\x08\x0e\x08\xeb\x07\x9d\
\x07'\x07\x8d\x06\xd1\x05\xfa\x04\x0d\x04\x0f\x03\x06\x02\xfa\
\x00\xf1\xff\xf0\xfe\xfc\xfd\x1d\xfdV\xfc\xab\xfb\x22\xfb\xbb\
\xfay\xfa^\xfah\xfa\x97\xfa\xea\xfa^\xfb\xef\xfb\x9a\
\xfcY\xfd)\xfe\x03\xff\xe1\xff\xbe\x00\x95\x01`\x02\x19\
\x03\xbd\x03G\x04\xb2\x04\xfd\x04&\x05+\x05\x0c\x05\xc9\
\x04d\x04\xe0\x03?\x03\x85\x02\xb7\x01\xd9\x00\xf2\xff\x05\
\xff\x19\xfe4\xfd\x5c\xfc\x95\xfb\xe5\xfaQ\xfa\xdc\xf9\x89\
\xf9\x5c\xf9U\xf9u\xf9\xbb\xf9(\xfa\xb9\xfak\xfb:\
\xfc\x22\xfd\x1e\xfe)\xff<\x00S\x01f\x02p\x03i\
\x04N\x05\x18\x06\xc2\x06I\x07\xa9\x07\xe0\x07\xeb\x07\xcc\
\x07\x81\x07\x0c\x07o\x06\xae\x05\xcc\x04\xce\x03\xba\x02\x94\
\x01d\x002\xff\x01\xfe\xd9\xfc\xc1\xfb\xc0\xfa\xda\xf9\x16\
\xf9w\xf8\x01\xf8\xb7\xf7\x9c\xf7\xaf\xf7\xf1\xf7a\xf8\xfc\
\xf8\xc0\xf9\xa8\xfa\xaf\xfb\xd1\xfc\x07\xfeK\xff\x94\x00\xdd\
\x01 \x03S\x04q\x05t\x06V\x07\x11\x08\xa2\x08\x05\
\x097\x099\x09\x08\x09\xa5\x08\x14\x08U\x07m\x06a\
\x056\x04\xf2\x02\x9c\x01:\x00\xd5\xfer\xfd\x19\xfc\xd2\
\xfa\xa3\xf9\x93\xf8\xa7\xf7\xe4\xf6N\xf6\xe8\xf5\xb5\xf5\xb4\
\xf5\xe7\xf5M\xf6\xe2\xf6\xa5\xf7\x91\xf8\xa1\xf9\xd0\xfa\x17\
\xfcq\xfd\xd6\xfe>\x00\xa4\x01\xff\x02J\x04}\x05\x92\
\x06\x85\x07Q\x08\xf3\x08g\x09\xac\x09\xc1\x09\xa6\x09]\
\x09\xe8\x08J\x08\x86\x07\xa2\x06\xa3\x05\x8d\x04h\x03:\
\x02\x09\x01\xdd\xff\xb9\xfe\xa5\xfd\xa6\xfc\xc1\xfb\xfa\xfaU\
\xfa\xd4\xf9y\xf9E\xf99\xf9R\xf9\x90\xf9\xf0\xf9o\
\xfa\x08\xfb\xb8\xfby\xfcG\xfd\x1c\xfe\xf2\xfe\xc5\xff\x8d\
\x00H\x01\xf1\x01\x83\x02\xfc\x02X\x03\x96\x03\xb5\x03\xb4\
\x03\x94\x03V\x03\xfd\x02\x8b\x02\x04\x02k\x01\xc5\x00\x17\
\x00g\xff\xb7\xfe\x0f\xfer\xfd\xe6\xfcn\xfc\x0e\xfc\xcb\
\xfb\xa5\xfb\x9f\xfb\xb9\xfb\xf5\xfbP\xfc\xca\xfca\xfd\x11\
\xfe\xd6\xfe\xad\xff\x8f\x00y\x01e\x02N\x03-\x04\xfc\
\x04\xb8\x05Z\x06\xdf\x06B\x07\x80\x07\x97\x07\x86\x07K\
\x07\xe8\x06\x5c\x06\xaa\x05\xd6\x04\xe3\x03\xd4\x02\xb0\x01}\
\x00@\xff\x00\xfe\xc2\xfc\x8f\xfbk\xfa_\xf9o\xf8\xa0\
\xf7\xf8\xf6{\xf6+\xf6\x0b\xf6\x1b\xf6]\xf6\xcf\xf6p\
\xf7<\xf81\xf9I\xfa\x80\xfb\xcf\xfc0\xfe\x9d\xff\x0c\
\x01y\x02\xdb\x03,\x05d\x06\x7f\x07u\x08B\x09\xe2\
\x09R\x0a\x8f\x0a\x99\x0ao\x0a\x12\x0a\x84\x09\xc9\x08\xe2\
\x07\xd7\x06\xab\x05e\x04\x0b\x03\xa5\x019\x00\xd0\xfeo\
\xfd\x1e\xfc\xe3\xfa\xc4\xf9\xc7\xf8\xf0\xf7D\xf7\xc5\xf6v\
\xf6W\xf6h\xf6\xa9\xf6\x17\xf7\xb0\xf7q\xf8S\xf9S\
\xfak\xfb\x95\xfc\xc9\xfd\x03\xff9\x00h\x01\x89\x02\x95\
\x03\x89\x04^\x05\x11\x06\x9f\x06\x05\x07D\x07Y\x07E\
\x07\x0a\x07\xaa\x06(\x06\x87\x05\xcc\x04\xfc\x03\x1c\x032\
\x02B\x01S\x00l\xff\x8f\xfe\xc3\xfd\x0d\xfdo\xfc\xee\
\xfb\x8c\xfbJ\xfb*\xfb-\xfbP\xfb\x94\xfb\xf5\xfbp\
\xfc\x03\xfd\xa9\xfd]\xfe\x1c\xff\xde\xff\xa0\x00]\x01\x0f\
\x02\xb2\x02A\x03\xba\x03\x17\x04X\x04z\x04{\x04]\
\x04\x1e\x04\xc1\x03G\x03\xb4\x02\x0b\x02O\x01\x85\x00\xb3\
\xff\xdc\xfe\x06\xfe7\xfds\xfc\xc0\xfb\x22\xfb\x9d\xfa5\
\xfa\xed\xf9\xc7\xf9\xc4\xf9\xe6\xf9+\xfa\x93\xfa\x1d\xfb\xc4\
\xfb\x88\xfcb\xfdO\xfeJ\xffL\x00R\x01T\x02N\
\x03:\x04\x12\x05\xd1\x05t\x06\xf5\x06S\x07\x8a\x07\x99\
\x07\x7f\x07=\x07\xd4\x06E\x06\x94\x05\xc4\x04\xd9\x03\xd7\
\x02\xc6\x01\xa9\x00\x89\xffi\xfeP\xfdF\xfcO\xfbp\
\xfa\xb0\xf9\x11\xf9\x98\xf8H\xf8\x22\xf8'\xf8W\xf8\xb2\
\xf86\xf9\xe0\xf9\xac\xfa\x97\xfb\x9b\xfc\xb3\xfd\xd9\xfe\x06\
\x005\x01_\x02}\x03\x8a\x04~\x05V\x06\x0c\x07\x9c\
\x07\x04\x08@\x08O\x080\x08\xe5\x07n\x07\xce\x06\x08\
\x06\x1f\x05\x1a\x04\xfd\x02\xcd\x01\x92\x00S\xff\x14\xfe\xdd\
\xfc\xb5\xfb\xa1\xfa\xa8\xf9\xce\xf8\x18\xf8\x8b\xf7(\xf7\xf1\
\xf6\xe9\xf6\x0f\xf7b\xf7\xe1\xf7\x89\xf8V\xf9D\xfaO\
\xfbp\xfc\xa3\xfd\xe0\xfe!\x00`\x01\x97\x02\xbf\x03\xd3\
\x04\xcc\x05\xa7\x06`\x07\xf2\x07[\x08\x9a\x08\xae\x08\x97\
\x08V\x08\xed\x07_\x07\xaf\x06\xe2\x05\xfb\x04\x01\x04\xf8\
\x02\xe7\x01\xd4\x00\xc4\xff\xbc\xfe\xc2\xfd\xdc\xfc\x0c\xfcY\
\xfb\xc3\xfaO\xfa\xfe\xf9\xd0\xf9\xc6\xf9\xdf\xf9\x1a\xfas\
\xfa\xe9\xfax\xfb\x1c\xfc\xcf\xfc\x8e\xfdT\xfe\x1b\xff\xdf\
\xff\x9a\x00I\x01\xe7\x01q\x02\xe2\x02:\x03v\x03\x95\
\x03\x97\x03|\x03E\x03\xf4\x02\x8c\x02\x10\x02\x83\x01\xea\
\x00H\x00\xa3\xff\xff\xfe`\xfe\xcb\xfdE\xfd\xd1\xfcs\
\xfc-\xfc\x04\xfc\xf7\xfb\x07\xfc6\xfc\x83\xfc\xec\xfcp\
\xfd\x0b\xfe\xbb\xfe{\xffF\x00\x1a\x01\xf0\x01\xc4\x02\x90\
\x03P\x04\xfd\x04\x95\x05\x12\x06q\x06\xaf\x06\xca\x06\xc0\
\x06\x91\x06<\x06\xc3\x05'\x05k\x04\x93\x03\xa1\x02\x9c\
\x01\x87\x00j\xffH\xfe)\xfd\x11\xfc\x08\xfb\x13\xfa7\
\xf9z\xf8\xde\xf7j\xf7\x1e\xf7\xfd\xf6\x09\xf7B\xf7\xa7\
\xf77\xf8\xee\xf8\xcb\xf9\xc8\xfa\xe2\xfb\x13\xfdT\xfe\xa0\
\xff\xef\x00=\x02\x82\x03\xb7\x04\xd7\x05\xdc\x06\xc0\x07~\
\x08\x14\x09~\x09\xba\x09\xc6\x09\xa3\x09R\x09\xd3\x08)\
\x08X\x07e\x06S\x05(\x04\xeb\x02\xa2\x01R\x00\x04\
\xff\xbd\xfd\x83\xfc]\xfbP\xfab\xf9\x96\xf8\xf1\xf7v\
\xf7&\xf7\x02\xf7\x0a\xf7?\xf7\x9e\xf7%\xf8\xd0\xf8\x9b\
\xf9\x83\xfa\x81\xfb\x91\xfc\xac\xfd\xcc\xfe\xec\xff\x04\x01\x12\
\x02\x0d\x03\xf3\x03\xbe\x04j\x05\xf6\x05]\x06\xa0\x06\xbe\
\x06\xb6\x06\x8a\x06<\x06\xce\x05D\x05\xa1\x04\xea\x03#\
\x03R\x02{\x01\xa4\x00\xd2\xff\x09\xffN\xfe\xa5\xfd\x12\
\xfd\x98\xfc9\xfc\xf7\xfb\xd4\xfb\xcf\xfb\xe8\xfb\x1d\xfcn\
\xfc\xd6\xfcT\xfd\xe3\xfd\x80\xfe&\xff\xd0\xffz\x00 \
\x01\xbd\x01L\x02\xcb\x025\x03\x87\x03\xbf\x03\xdc\x03\xdc\
\x03\xbf\x03\x86\x031\x03\xc2\x02=\x02\xa3\x01\xf9\x00C\
\x00\x85\xff\xc3\xfe\x02\xfeG\xfd\x97\xfc\xf7\xfbi\xfb\xf3\
\xfa\x97\xfaY\xfa9\xfa:\xfa\x5c\xfa\xa0\xfa\x03\xfb\x85\
\xfb#\xfc\xda\xfc\xa6\xfd\x84\xfeo\xff`\x00U\x01G\
\x021\x03\x0e\x04\xd8\x04\x8d\x05&\x06\xa1\x06\xfa\x060\
\x07A\x07,\x07\xf1\x06\x91\x06\x0f\x06k\x05\xaa\x04\xd0\
\x03\xe0\x02\xe0\x01\xd6\x00\xc7\xff\xb7\xfe\xae\xfd\xb0\xfc\xc4\
\xfb\xed\xfa2\xfa\x96\xf9\x1c\xf9\xc6\xf8\x98\xf8\x92\xf8\xb4\
\xf8\xfe\xf8n\xf9\x02\xfa\xb7\xfa\x88\xfbs\xfcq\xfd}\
\xfe\x92\xff\xa9\x00\xbd\x01\xc8\x02\xc5\x03\xad\x04|\x05-\
\x06\xbc\x06'\x07j\x07\x85\x07w\x07@\x07\xe0\x06[\
\x06\xb2\x05\xea\x04\x06\x04\x0b\x03\xfe\x01\xe6\x00\xc8\xff\xa9\
\xfe\x90\xfd\x83\xfc\x87\xfb\xa2\xfa\xd8\xf9.\xf9\xa7\xf8F\
\xf8\x0d\xf8\xfd\xf7\x16\xf8Y\xf8\xc2\xf8Q\xf9\x02\xfa\xd2\
\xfa\xbb\xfb\xba\xfc\xc8\xfd\xe1\xfe\xff\xff\x1a\x010\x028\
\x03/\x04\x0f\x05\xd4\x05z\x06\xff\x06^\x07\x98\x07\xac\
\x07\x98\x07`\x07\x03\x07\x84\x06\xe7\x05/\x05`\x04\x7f\
\x03\x92\x02\x9c\x01\xa4\x00\xb0\xff\xc3\xfe\xe2\xfd\x12\xfdX\
\xfc\xb7\xfb1\xfb\xca\xfa\x82\xfa[\xfaT\xfam\xfa\xa5\
\xfa\xf9\xfag\xfb\xec\xfb\x84\xfc+\xfd\xdc\xfd\x93\xfeL\
\xff\x01\x00\xaf\x00R\x01\xe5\x01e\x02\xd0\x02\x22\x03[\
\x03y\x03{\x03c\x031\x03\xe7\x02\x87\x02\x13\x02\x90\
\x01\x01\x01i\x00\xcf\xff3\xff\x9d\xfe\x0f\xfe\x8e\xfd\x1d\
\xfd\xc1\xfcz\xfcM\xfc:\xfcB\xfcg\xfc\xa7\xfc\x01\
\xfdt\xfd\xfd\xfd\x9a\xfeF\xff\xff\xff\xbe\x00\x82\x01D\
\x02\x00\x03\xb2\x03T\x04\xe2\x04Y\x05\xb5\x05\xf4\x05\x13\
\x06\x11\x06\xed\x05\xa7\x05@\x05\xb8\x04\x14\x04T\x03~\
\x02\x94\x01\x9c\x00\x9c\xff\x96\xfe\x92\xfd\x95\xfc\xa3\xfb\xc4\
\xfa\xfa\xf9K\xf9\xbc\xf8N\xf8\x06\xf8\xe5\xf7\xec\xf7\x1b\
\xf8s\xf8\xf2\xf8\x96\xf9[\xfa?\xfb=\xfcP\xfds\
\xfe\xa0\xff\xd1\x00\x01\x02*\x03E\x04M\x05<\x06\x0e\
\x07\xbe\x07J\x08\xad\x08\xe7\x08\xf5\x08\xd8\x08\x90\x08\x1e\
\x08\x86\x07\xc9\x06\xeb\x05\xf2\x04\xe1\x03\xbf\x02\x91\x01\x5c\
\x00)\xff\xfb\xfd\xd9\xfc\xc8\xfb\xcd\xfa\xef\xf9/\xf9\x93\
\xf8\x1c\xf8\xcd\xf7\xa7\xf7\xaa\xf7\xd5\xf7'\xf8\x9f\xf88\
\xf9\xef\xf9\xc1\xfa\xa9\xfb\xa1\xfc\xa5\xfd\xaf\xfe\xb9\xff\xbd\
\x00\xb8\x01\xa3\x02{\x03<\x04\xe1\x04h\x05\xcf\x05\x14\
\x068\x069\x06\x19\x06\xd9\x05|\x05\x05\x05v\x04\xd4\
\x03\x22\x03f\x02\xa4\x01\xe1\x00!\x00i\xff\xbc\xfe\x1f\
\xfe\x96\xfd\x22\xfd\xc6\xfc\x84\xfc^\xfcR\xfcb\xfc\x8b\
\xfc\xcd\xfc%\xfd\x90\xfd\x0c\xfe\x94\xfe%\xff\xba\xffO\
\x00\xe2\x00l\x01\xec\x01\x5c\x02\xba\x02\x03\x035\x03O\
\x03N\x034\x03\x01\x03\xb5\x02Q\x02\xd9\x01O\x01\xb7\
\x00\x12\x00h\xff\xba\xfe\x0d\xfee\xfd\xc7\xfc7\xfc\xb9\
\xfbP\xfb\xff\xfa\xc9\xfa\xaf\xfa\xb3\xfa\xd6\xfa\x16\xfbt\
\xfb\xee\xfb\x82\xfc-\xfd\xeb\xfd\xba\xfe\x94\xfft\x00X\
\x019\x02\x13\x03\xe1\x03\x9e\x04G\x05\xd6\x05J\x06\x9e\
\x06\xd2\x06\xe3\x06\xd1\x06\x9c\x06D\x06\xcc\x054\x05\x82\
\x04\xb6\x03\xd7\x02\xe8\x01\xef\x00\xf0\xff\xf1\xfe\xf6\xfd\x05\
\xfd$\xfcW\xfb\xa1\xfa\x08\xfa\x8f\xf97\xf9\x04\xf9\xf5\
\xf8\x0c\xf9H\xf9\xa8\xf9)\xfa\xc9\xfa\x86\xfbZ\xfcA\
\xfd6\xfe5\xff7\x008\x012\x02 \x03\xfd\x03\xc3\
\x04o\x05\xfd\x05j\x06\xb4\x06\xd9\x06\xd8\x06\xb2\x06g\
\x06\xf9\x05j\x05\xbd\x04\xf6\x03\x19\x03+\x021\x010\
\x00.\xff0\xfe:\xfdS\xfc\x80\xfb\xc4\xfa$\xfa\xa3\
\xf9C\xf9\x08\xf9\xf0\xf8\xfe\xf81\xf9\x88\xf9\x00\xfa\x97\
\xfaJ\xfb\x15\xfc\xf4\xfc\xe2\xfd\xda\xfe\xd7\xff\xd3\x00\xca\
\x01\xb6\x02\x93\x03]\x04\x0e\x05\xa4\x05\x1c\x06t\x06\xa9\
\x06\xbd\x06\xad\x06|\x06+\x06\xbb\x05/\x05\x8c\x04\xd4\
\x03\x0b\x037\x02[\x01}\x00\xa3\xff\xce\xfe\x05\xfeL\
\xfd\xa5\xfc\x16\xfc\x9f\xfbD\xfb\x05\xfb\xe4\xfa\xe0\xfa\xfa\
\xfa/\xfb~\xfb\xe5\xfba\xfc\xee\xfc\x88\xfd,\xfe\xd6\
\xfe\x81\xff(\x00\xc9\x00_\x01\xe7\x01^\x02\xc0\x02\x0c\
\x03@\x03\x5c\x03^\x03G\x03\x18\x03\xd3\x02y\x02\x0d\
\x02\x92\x01\x0b\x01|\x00\xeb\xffW\xff\xc8\xfeA\xfe\xc4\
\xfdW\xfd\xfc\xfc\xb5\xfc\x85\xfcm\xfco\xfc\x8a\xfc\xbf\
\xfc\x0d\xfdr\xfd\xec\xfdx\xfe\x14\xff\xbc\xffj\x00\x1e\
\x01\xd1\x01\x7f\x02$\x03\xbd\x03D\x04\xb6\x04\x11\x05Q\
\x05t\x05z\x05`\x05(\x05\xd1\x04]\x04\xcd\x03%\
\x03g\x02\x97\x01\xb9\x00\xd3\xff\xe7\xfe\xfc\xfd\x16\xfd:\
\xfcn\xfb\xb4\xfa\x13\xfa\x8d\xf9&\xf9\xe0\xf8\xbe\xf8\xbf\
\xf8\xe6\xf81\xf9\xa0\xf90\xfa\xe0\xfa\xab\xfb\x8e\xfc\x86\
\xfd\x8c\xfe\x9c\xff\xb0\x00\xc4\x01\xd1\x02\xd3\x03\xc4\x04\x9f\
\x05`\x06\x02\x07\x83\x07\xe0\x07\x17\x08'\x08\x0f\x08\xd0\
\x07k\x07\xe2\x068\x06o\x05\x8d\x04\x95\x03\x8c\x02x\
\x01^\x00D\xff/\xfe#\xfd(\xfc@\xfbq\xfa\xbf\
\xf9,\xf9\xbc\xf8p\xf8I\xf8G\xf8k\xf8\xb3\xf8\x1e\
\xf9\xa7\xf9M\xfa\x0c\xfb\xdf\xfb\xc3\xfc\xb1\xfd\xa5\xfe\x9b\
\xff\x8c\x00u\x01Q\x02\x1c\x03\xd1\x03n\x04\xf0\x04T\
\x05\x9a\x05\xc1\x05\xc9\x05\xb2\x05~\x05.\x05\xc6\x04G\
\x04\xb7\x03\x17\x03n\x02\xbe\x01\x0b\x01[\x00\xb2\xff\x12\
\xff\x80\xfe\xfe\xfd\x90\xfd7\xfd\xf5\xfc\xcc\xfc\xbb\xfc\xc3\
\xfc\xe2\xfc\x17\xfda\xfd\xbc\xfd'\xfe\x9e\xfe\x1c\xff\xa0\
\xff$\x00\xa6\x00!\x01\x93\x01\xf7\x01L\x02\x8e\x02\xbb\
\x02\xd3\x02\xd4\x02\xbe\x02\x90\x02M\x02\xf5\x01\x8a\x01\x0f\
\x01\x86\x00\xf4\xff[\xff\xbf\xfe$\xfe\x8e\xfd\x01\xfd\x80\
\xfc\x10\xfc\xb2\xfbk\xfb<\xfb'\xfb-\xfbN\xfb\x8c\
\xfb\xe4\xfbU\xfc\xdf\xfc}\xfd.\xfe\xed\xfe\xb7\xff\x86\
\x00Y\x01)\x02\xf3\x02\xb2\x03a\x04\xfe\x04\x83\x05\xef\
\x05>\x06n\x06\x7f\x06o\x06>\x06\xee\x05~\x05\xf2\
\x04L\x04\x90\x03\xc0\x02\xe1\x01\xf7\x00\x08\x00\x19\xff-\
\xfeJ\xfdt\xfc\xb0\xfb\x03\xfbo\xfa\xf7\xf9\x9f\xf9h\
\xf9T\xf9b\xf9\x92\xf9\xe5\xf9V\xfa\xe6\xfa\x8f\xfbP\
\xfc#\xfd\x05\xfe\xf0\xfe\xe0\xff\xcf\x00\xb9\x01\x99\x02j\
\x03(\x04\xcf\x04[\x05\xc9\x05\x18\x06E\x06O\x067\
\x06\xfe\x05\xa4\x05+\x05\x96\x04\xe8\x03&\x03R\x02s\
\x01\x8b\x00\xa2\xff\xbb\xfe\xdb\xfd\x06\xfdB\xfc\x93\xfb\xfb\
\xfa\x7f\xfa!\xfa\xe2\xf9\xc5\xf9\xc8\xf9\xed\xf92\xfa\x96\
\xfa\x16\xfb\xb0\xfb`\xfc\x22\xfd\xf3\xfd\xcd\xfe\xad\xff\x8c\
\x00h\x01;\x02\x01\x03\xb6\x03V\x04\xde\x04K\x05\x9c\
\x05\xcf\x05\xe2\x05\xd7\x05\xae\x05g\x05\x05\x05\x8b\x04\xfa\
\x03W\x03\xa5\x02\xe9\x01&\x01`\x00\x9e\xff\xe0\xfe-\
\xfe\x88\xfd\xf5\xfcu\xfc\x0c\xfc\xbc\xfb\x86\xfbk\xfbj\
\xfb\x84\xfb\xb6\xfb\x01\xfca\xfc\xd3\xfcU\xfd\xe4\xfd{\
\xfe\x17\xff\xb4\xffN\x00\xe2\x00l\x01\xe9\x01U\x02\xaf\
\x02\xf5\x02$\x03<\x03=\x03'\x03\xfa\x02\xb8\x02c\
\x02\xfd\x01\x89\x01\x0a\x01\x83\x00\xf9\xffm\xff\xe5\xfec\
\xfe\xec\xfd\x82\xfd(\xfd\xe1\xfc\xb0\xfc\x94\xfc\x91\xfc\xa5\
\xfc\xd1\xfc\x14\xfdm\xfd\xda\xfdY\xfe\xe6\xfe\x7f\xff\x1f\
\x00\xc5\x00k\x01\x0e\x02\xa9\x029\x03\xba\x03)\x04\x82\
\x04\xc4\x04\xec\x04\xf8\x04\xe9\x04\xbd\x04u\x04\x12\x04\x95\
\x03\x02\x03Z\x02\xa2\x01\xdb\x00\x0c\x009\xffd\xfe\x92\
\xfd\xca\xfc\x0e\xfcd\xfb\xce\xfaQ\xfa\xef\xf9\xaa\xf9\x86\
\xf9\x82\xf9\xa0\xf9\xdf\xf9>\xfa\xbc\xfaV\xfb\x0b\xfc\xd5\
\xfc\xb2\xfd\x9d\xfe\x92\xff\x8b\x00\x84\x01x\x02b\x03=\
\x04\x05\x05\xb6\x05L\x06\xc3\x06\x1a\x07N\x07_\x07L\
\x07\x16\x07\xbc\x06B\x06\xa9\x05\xf5\x04(\x04G\x03W\
\x02\x5c\x01[\x00Z\xff\x5c\xfeg\xfd\x80\xfc\xab\xfb\xec\
\xfaG\xfa\xbf\xf9V\xf9\x0d\xf9\xe7\xf8\xe3\xf8\x02\xf9A\
\xf9\xa0\xf9\x1c\xfa\xb3\xfa`\xfb!\xfc\xf1\xfc\xcb\xfd\xac\
\xfe\x8f\xffm\x00E\x01\x11\x02\xce\x02x\x03\x0c\x04\x88\
\x04\xe9\x04.\x05V\x05b\x05Q\x05&\x05\xe1\x04\x85\
\x04\x15\x04\x93\x03\x03\x03i\x02\xc8\x01%\x01\x82\x00\xe6\
\xffQ\xff\xc8\xfeN\xfe\xe5\xfd\x8f\xfdN\xfd#\xfd\x0e\
\xfd\x0f\xfd&\xfdQ\xfd\x8f\xfd\xdd\xfd9\xfe\xa1\xfe\x11\
\xff\x85\xff\xfb\xffn\x00\xdd\x00D\x01\x9f\x01\xec\x01(\
\x02S\x02j\x02l\x02Z\x023\x02\xf8\x01\xab\x01L\
\x01\xdf\x00f\x00\xe4\xff[\xff\xd0\xfeE\xfe\xbf\xfdA\
\xfd\xce\xfcj\xfc\x17\xfc\xd7\xfb\xae\xfb\x9c\xfb\xa3\xfb\xc3\
\xfb\xfd\xfbN\xfc\xb8\xfc6\xfd\xc8\xfdj\xfe\x1a\xff\xd4\
\xff\x93\x00U\x01\x15\x02\xcf\x02\x7f\x03 \x04\xb1\x04,\
\x05\x8f\x05\xd9\x05\x06\x06\x16\x06\x07\x06\xda\x05\x90\x05)\
\x05\xa8\x04\x0e\x04_\x03\x9e\x02\xce\x01\xf4\x00\x15\x005\
\xffX\xfe\x82\xfd\xb8\xfc\xff\xfbZ\xfb\xcc\xfaX\xfa\x01\
\xfa\xc9\xf9\xb0\xf9\xb8\xf9\xdf\xf9&\xfa\x8b\xfa\x0c\xfb\xa5\
\xfbT\xfc\x16\xfd\xe6\xfd\xbf\xfe\x9e\xff}\x00Y\x01,\
\x02\xf2\x02\xa8\x03I\x04\xd2\x04@\x05\x92\x05\xc5\x05\xd8\
\x05\xcc\x05\xa1\x05X\x05\xf2\x04q\x04\xd9\x03.\x03q\
\x02\xa9\x01\xd8\x00\x04\x002\xffd\xfe\xa0\xfd\xe9\xfcE\
\xfc\xb5\xfb>\xfb\xe0\xfa\x9f\xfa|\xfav\xfa\x8e\xfa\xc4\
\xfa\x16\xfb\x81\xfb\x04\xfc\x9c\xfcE\xfd\xfc\xfd\xbc\xfe\x82\
\xffH\x00\x0c\x01\xc9\x01z\x02\x1d\x03\xae\x03*\x04\x8e\
\x04\xd9\x04\x09\x05\x1e\x05\x17\x05\xf5\x04\xb9\x04e\x04\xfa\
\x03{\x03\xec\x02O\x02\xa8\x01\xfc\x00M\x00\xa0\xff\xf9\
\xfeZ\xfe\xc8\xfdE\xfd\xd4\xfcx\xfc2\xfc\x04\xfc\xed\
\xfb\xef\xfb\x08\xfc8\xfc~\xfc\xd7\xfc@\xfd\xb8\xfd;\
\xfe\xc6\xfeU\xff\xe5\xffq\x00\xf8\x00v\x01\xe8\x01J\
\x02\x9c\x02\xda\x02\x04\x03\x18\x03\x17\x03\x01\x03\xd5\x02\x96\
\x02E\x02\xe4\x01v\x01\xfe\x00~\x00\xfb\xffw\xff\xf5\
\xfey\xfe\x07\xfe\xa0\xfdI\xfd\x04\xfd\xd1\xfc\xb3\xfc\xac\
\xfc\xba\xfc\xdf\xfc\x1a\xfdi\xfd\xcb\xfd>\xfe\xbf\xfeL\
\xff\xe1\xffz\x00\x15\x01\xad\x01@\x02\xc8\x02D\x03\xb0\
\x03\x08\x04K\x04w\x04\x8a\x04\x84\x04c\x04(\x04\xd5\
\x03j\x03\xe9\x02U\x02\xb1\x01\x00\x01F\x00\x87\xff\xc6\
\xfe\x08\xfeP\xfd\xa3\xfc\x05\xfcz\xfb\x04\xfb\xa6\xfac\
\xfa<\xfa3\xfaH\xfa{\xfa\xcc\xfa8\xfb\xbf\xfb^\
\xfc\x11\xfd\xd6\xfd\xa8\xfe\x83\xffb\x00C\x01\x1f\x02\xf3\
\x02\xbb\x03q\x04\x12\x05\x9c\x05\x0a\x06\x5c\x06\x8e\x06\xa0\
\x06\x92\x06c\x06\x15\x06\xa8\x05 \x05~\x04\xc6\x03\xfc\
\x02#\x02@\x01W\x00n\xff\x87\xfe\xa7\xfd\xd4\xfc\x11\
\xfcb\xfb\xca\xfaM\xfa\xeb\xf9\xa7\xf9\x82\xf9}\xf9\x97\
\xf9\xcf\xf9$\xfa\x94\xfa\x1d\xfb\xba\xfbj\xfc(\xfd\xf0\
\xfd\xbe\xfe\x8e\xff[\x00\x22\x01\xe0\x01\x8f\x02-\x03\xb8\
\x03,\x04\x88\x04\xca\x04\xf3\x04\x01\x05\xf5\x04\xd0\x04\x94\
\x04B\x04\xdd\x03g\x03\xe5\x02X\x02\xc5\x01.\x01\x99\
\x00\x07\x00}\xff\xfd\xfe\x8a\xfe&\xfe\xd3\xfd\x93\xfdg\
\xfdO\xfdK\xfd[\xfd~\xfd\xb2\xfd\xf6\xfdF\xfe\xa1\
\xfe\x05\xffm\xff\xd6\xff>\x00\xa2\x00\x00\x01S\x01\x9a\
\x01\xd3\x01\xfb\x01\x12\x02\x17\x02\x09\x02\xe8\x01\xb6\x01r\
\x01 \x01\xbf\x00T\x00\xe1\xffg\xff\xea\xfeo\xfe\xf7\
\xfd\x86\xfd\x1f\xfd\xc5\xfcz\xfcB\xfc\x1d\xfc\x0e\xfc\x15\
\xfc3\xfcg\xfc\xb2\xfc\x12\xfd\x86\xfd\x0b\xfe\xa0\xfeA\
\xff\xeb\xff\x99\x00K\x01\xfb\x01\xa5\x02G\x03\xdb\x03`\
\x04\xd1\x04-\x05p\x05\x9a\x05\xa8\x05\x9b\x05r\x05.\
\x05\xcf\x04W\x04\xc9\x03'\x03t\x02\xb3\x01\xe9\x00\x19\
\x00I\xffz\xfe\xb2\xfd\xf5\xfcF\xfc\xaa\xfb#\xfb\xb4\
\xfa_\xfa'\xfa\x0c\xfa\x0f\xfa0\xfan\xfa\xc7\xfa;\
\xfb\xc7\xfbg\xfc\x19\xfd\xd8\xfd\xa1\xfeq\xff@\x00\x0e\
\x01\xd5\x01\x91\x02>\x03\xd9\x03^\x04\xcb\x04\x1e\x05U\
\x05p\x05m\x05M\x05\x12\x05\xbc\x04M\x04\xc7\x03/\
\x03\x87\x02\xd2\x01\x16\x01T\x00\x94\xff\xd6\xfe!\xfew\
\xfd\xdc\xfcS\xfc\xe0\xfb\x84\xfbA\xfb\x18\xfb\x0b\xfb\x18\
\xfb@\xfb\x82\xfb\xdc\xfbK\xfc\xce\xfc`\xfd\x00\xfe\xa9\
\xfeX\xff\x08\x00\xb7\x00`\x01\x00\x02\x93\x02\x17\x03\x88\
\x03\xe4\x03+\x04Y\x04o\x04m\x04R\x04 \x04\xd8\
\x03|\x03\x0e\x03\x91\x02\x07\x02u\x01\xdd\x00B\x00\xaa\
\xff\x16\xff\x8a\xfe\x08\xfe\x95\xfd2\xfd\xe1\xfc\xa4\xfc|\
\xfcj\xfcm\xfc\x86\xfc\xb3\xfc\xf3\xfcE\xfd\xa6\xfd\x14\
\xfe\x8c\xfe\x0a\xff\x8c\xff\x0e\x00\x8f\x00\x09\x01{\x01\xe2\
\x01;\x02\x83\x02\xbb\x02\xdf\x02\xf0\x02\xec\x02\xd5\x02\xaa\
\x02n\x02 \x02\xc4\x01\x5c\x01\xea\x00q\x00\xf5\xffw\
\xff\xfc\xfe\x86\xfe\x19\xfe\xb7\xfdc\xfd\x1f\xfd\xed\xfc\xce\
\xfc\xc4\xfc\xce\xfc\xed\xfc!\xfdh\xfd\xc1\xfd*\xfe\xa1\
\xfe#\xff\xad\xff<\x00\xcd\x00]\x01\xe8\x01j\x02\xe1\
\x02J\x03\xa1\x03\xe6\x03\x15\x04.\x04/\x04\x18\x04\xe9\
\x03\xa3\x03H\x03\xd8\x02U\x02\xc4\x01%\x01~\x00\xd1\
\xff\x22\xfft\xfe\xcb\xfd+\xfd\x99\xfc\x16\xfc\xa6\xfbK\
\xfb\x09\xfb\xdf\xfa\xd1\xfa\xde\xfa\x06\xfbI\xfb\xa5\xfb\x1a\
\xfc\xa5\xfcB\xfd\xf0\xfd\xab\xfeo\xff7\x00\x01\x01\xc8\
\x01\x88\x02<\x03\xe2\x03v\x04\xf5\x04[\x05\xa8\x05\xd8\
\x05\xec\x05\xe2\x05\xbb\x05w\x05\x18\x05\x9f\x04\x0f\x04k\
\x03\xb5\x02\xf3\x01&\x01T\x00\x81\xff\xb0\xfe\xe5\xfd%\
\xfdt\xfc\xd4\xfbI\xfb\xd6\xfa|\xfa=\xfa\x1a\xfa\x14\
\xfa*\xfa\x5c\xfa\xa8\xfa\x0d\xfb\x89\xfb\x18\xfc\xb8\xfce\
\xfd\x1b\xfe\xd8\xfe\x96\xffR\x00\x09\x01\xb7\x01Y\x02\xec\
\x02l\x03\xd8\x03/\x04n\x04\x95\x04\xa4\x04\x9b\x04{\
\x04E\x04\xfc\x03\xa0\x035\x03\xbe\x02=\x02\xb6\x01+\
\x01\xa1\x00\x19\x00\x99\xff!\xff\xb5\xfeV\xfe\x07\xfe\xc9\
\xfd\x9c\xfd\x83\xfd{\xfd\x86\xfd\xa2\xfd\xcf\xfd\x09\xfeP\
\xfe\xa1\xfe\xfa\xfeX\xff\xb8\xff\x16\x00r\x00\xc7\x00\x14\
\x01W\x01\x8d\x01\xb4\x01\xcb\x01\xd3\x01\xc9\x01\xaf\x01\x84\
\x01I\x01\x01\x01\xac\x00M\x00\xe7\xff{\xff\x0c\xff\x9d\
\xfe2\xfe\xcc\xfdo\xfd\x1e\xfd\xdb\xfc\xa8\xfc\x87\xfcy\
\xfc\x7f\xfc\x9a\xfc\xc9\xfc\x0d\xfdd\xfd\xcd\xfdF\xfe\xcd\
\xfe_\xff\xfa\xff\x99\x00;\x01\xdb\x01w\x02\x0a\x03\x92\
\x03\x0c\x04s\x04\xc7\x04\x05\x05,\x059\x05-\x05\x08\
\x05\xc9\x04r\x04\x04\x04\x81\x03\xeb\x02F\x02\x94\x01\xd9\
\x00\x19\x00W\xff\x97\xfe\xdd\xfd,\xfd\x89\xfc\xf6\xfbw\
\xfb\x0d\xfb\xbc\xfa\x85\xfai\xfai\xfa\x84\xfa\xba\xfa\x0b\
\xfbs\xfb\xf2\xfb\x85\xfc(\xfd\xd9\xfd\x93\xfeT\xff\x15\
\x00\xd6\x00\x91\x01B\x02\xe6\x02z\x03\xfb\x03f\x04\xb9\
\x04\xf2\x04\x12\x05\x16\x05\x00\x05\xd0\x04\x86\x04&\x04\xb1\
\x03)\x03\x92\x02\xef\x01D\x01\x93\x00\xe3\xff4\xff\x8b\
\xfe\xec\xfdZ\xfd\xd8\xfci\xfc\x0e\xfc\xca\xfb\x9d\xfb\x89\
\xfb\x8e\xfb\xaa\xfb\xde\xfb(\xfc\x87\xfc\xf7\xfcv\xfd\x02\
\xfe\x97\xfe2\xff\xcf\xffk\x00\x03\x01\x93\x01\x19\x02\x91\
\x02\xf9\x02O\x03\x91\x03\xbf\x03\xd7\x03\xd9\x03\xc5\x03\x9c\
\x03_\x03\x11\x03\xb2\x02E\x02\xcd\x01M\x01\xc8\x00@\
\x00\xba\xff8\xff\xbc\xfeJ\xfe\xe4\xfd\x8d\xfdF\xfd\x10\
\xfd\xee\xfc\xdf\xfc\xe3\xfc\xfb\xfc%\xfd`\xfd\xab\xfd\x03\
\xfeg\xfe\xd3\xfeF\xff\xbc\xff2\x00\xa5\x00\x14\x01z\
\x01\xd6\x01&\x02f\x02\x97\x02\xb5\x02\xc2\x02\xbd\x02\xa5\
\x02{\x02@\x02\xf6\x01\x9f\x01<\x01\xd0\x00^\x00\xe9\
\xffr\xff\xfd\xfe\x8e\xfe&\xfe\xc9\xfdx\xfd7\xfd\x06\
\xfd\xe7\xfc\xdb\xfc\xe2\xfc\xfd\xfc+\xfdl\xfd\xbd\xfd\x1e\
\xfe\x8c\xfe\x05\xff\x86\xff\x0b\x00\x94\x00\x1c\x01\xa0\x01\x1c\
\x02\x8f\x02\xf5\x02K\x03\x91\x03\xc3\x03\xe0\x03\xe7\x03\xd9\
\x03\xb5\x03{\x03,\x03\xcb\x02X\x02\xd6\x01H\x01\xb1\
\x00\x13\x00t\xff\xd5\xfe9\xfe\xa5\xfd\x1c\xfd\xa1\xfc6\
\xfc\xde\xfb\x9c\xfbp\xfb\x5c\xfbb\xfb\x7f\xfb\xb6\xfb\x04\
\xfch\xfc\xe0\xfcj\xfd\x03\xfe\xa9\xfeW\xff\x0a\x00\xc0\
\x00s\x01 \x02\xc5\x02\x5c\x03\xe3\x03X\x04\xb7\x04\xff\
\x04.\x05C\x05>\x05\x1e\x05\xe4\x04\x92\x04(\x04\xa9\
\x03\x17\x03u\x02\xc7\x01\x10\x01S\x00\x95\xff\xd9\xfe\x22\
\xfet\xfd\xd3\xfcB\xfc\xc4\xfbZ\xfb\x08\xfb\xcd\xfa\xad\
\xfa\xa6\xfa\xb9\xfa\xe5\xfa*\xfb\x85\xfb\xf4\xfbv\xfc\x06\
\xfd\xa4\xfdJ\xfe\xf5\xfe\xa3\xffN\x00\xf6\x00\x95\x01*\
\x02\xb0\x02'\x03\x8b\x03\xdb\x03\x15\x04:\x04I\x04B\
\x04&\x04\xf5\x03\xb2\x03_\x03\xfd\x02\x90\x02\x1a\x02\x9d\
\x01\x1d\x01\x9d\x00\x1f\x00\xa8\xff8\xff\xd3\xfey\xfe.\
\xfe\xf2\xfd\xc7\xfd\xac\xfd\xa3\xfd\xaa\xfd\xc1\xfd\xe7\xfd\x1b\
\xfeZ\xfe\xa3\xfe\xf3\xfeI\xff\xa0\xff\xf7\xffK\x00\x9b\
\x00\xe3\x00\x22\x01U\x01{\x01\x94\x01\x9e\x01\x98\x01\x83\
\x01_\x01-\x01\xee\x00\xa4\x00P\x00\xf6\xff\x95\xff2\
\xff\xce\xfen\xfe\x12\xfe\xbe\xfdt\xfd7\xfd\x08\xfd\xe9\
\xfc\xdc\xfc\xe0\xfc\xf7\xfc!\xfd^\xfd\xac\xfd\x0a\xfew\
\xfe\xf1\xfeu\xff\x01\x00\x92\x00%\x01\xb6\x01D\x02\xca\
\x02F\x03\xb5\x03\x14\x04a\x04\x9a\x04\xbd\x04\xca\x04\xbf\
\x04\x9d\x04d\x04\x14\x04\xb0\x038\x03\xaf\x02\x17\x02s\
\x01\xc7\x00\x15\x00c\xff\xb1\xfe\x05\xfea\xfd\xc9\xfc@\
\xfc\xc8\xfbe\xfb\x19\xfb\xe3\xfa\xc7\xfa\xc5\xfa\xdc\xfa\x0c\
\xfbT\xfb\xb3\xfb'\xfc\xad\xfcC\xfd\xe6\xfd\x92\xfeE\
\xff\xfa\xff\xac\x00[\x01\x02\x02\x9d\x02*\x03\xa5\x03\x0c\
\x04^\x04\x99\x04\xbb\x04\xc5\x04\xb6\x04\x8f\x04Q\x04\xfd\
\x03\x95\x03\x1c\x03\x94\x02\x00\x02d\x01\xc2\x00\x1e\x00}\
\xff\xe0\xfeL\xfe\xc2\xfdF\xfd\xdb\xfc\x82\xfc=\xfc\x0e\
\xfc\xf5\xfb\xf2\xfb\x05\xfc-\xfcj\xfc\xba\xfc\x1a\xfd\x89\
\xfd\x03\xfe\x87\xfe\x10\xff\x9d\xff(\x00\xb1\x004\x01\xae\
\x01\x1c\x02}\x02\xce\x02\x0d\x03:\x03S\x03Y\x03L\
\x03+\x03\xf9\x02\xb7\x02f\x02\x08\x02\xa0\x010\x01\xbb\
\x00D\x00\xcf\xff\x5c\xff\xee\xfe\x8a\xfe0\xfe\xe3\xfd\xa4\
\xfdv\xfdX\xfd\
\x00\x00)\x84\
R\
IFF|)\x00\x00WAVEfmt \x10\
\x00\x00\x00\x01\x00\x01\x00D\xac\x00\x00\x88X\x01\x00\x02\
\x00\x10\x00dataX)\x00\x00\x00\x00\xd5\x0b\x8d\
\x17\x12#N.+9\x94CxM\xc3Vh_V\
g\x83n\xe4tqz%\x7f\xff\x7f\xff\x7f\xff\x7f\xff\
\x7f\xff\x7f\xff\x7f\xff\x7f\xff\x7f\xff\x7f\xff\x7f\xc1|v\
x\xb7s\x94n\x1eifc|]pWRQ0\
K\x17E\x15?59\x813\x01.\xbc(\xb8#\xf9\
\x1e\x82\x1aR\x16k\x12\xca\x0el\x0bM\x08h\x05\xb7\
\x023\x00\xd7\xfd\x97\xfbo\xf9U\xf7C\xf52\xf3\x1b\
\xf1\xf8\xee\xc3\xecy\xea\x17\xe8\x99\xe5\x00\xe3L\xe0}\
\xdd\x97\xda\x9e\xd7\x97\xd4\x87\xd1v\xcel\xcbq\xc8\x90\
\xc5\xd1\xc2?\xc0\xe5\xbd\xcc\xbb\xfe\xb9\x86\xb8k\xb7\xb7\
\xb6p\xb6\x9d\xb6D\xb7g\xb8\x09\xba+\xbc\xcd\xbe\xeb\
\xc1\x82\xc5\x8d\xc9\x04\xce\xde\xd2\x12\xd8\x94\xddW\xe3N\
\xe9i\xef\x99\xf5\xcf\xfb\xf8\x01\x07\x08\xe9\x0d\x8e\x13\xe7\
\x18\xe4\x1dw\x22\x92&**5-\xa8/|1\xad\
263\x163L2\xdb0\xc7.\x16,\xcf(\xfd\
$\xab \xe5\x1b\xb9\x168\x11p\x0bt\x05V\xff'\
\xf9\xf8\xf2\xdd\xec\xe8\xe6)\xe1\xb2\xdb\x92\xd6\xd8\xd1\x91\
\xcd\xca\xc9\x8c\xc6\xe1\xc3\xcf\xc1\x5c\xc0\x8a\xbf]\xbf\xd2\
\xbf\xe8\xc0\x9b\xc2\xe5\xc4\xbf\xc7\x1f\xcb\xfd\xceL\xd3\x00\
\xd8\x0b\xdda\xe2\xf3\xe7\xb1\xed\x8e\xf3{\xf9i\xffJ\
\x05\x12\x0b\xb5\x10&\x16\x5c\x1bL \xf0$@)8\
-\xd30\x0f4\xeb6g9\x85;F=\xb0>\xc7\
?\x8f@\x11ARAZA0A\xdd@g@\xd7\
?3?\x82>\xc9=\x0f=X<\xa6;\xfe:_\
:\xcb9A9\xbf8C8\xc87K7\xc561\
6\x875\xc14\xd63\xc02u1\xee/%.\x11\
,\xac)\xf0&\xd9#c \x8b\x1cO\x18\xaf\x13\xad\
\x0eJ\x09\x8b\x03w\xfd\x11\xf7d\xf0y\xe9[\xe2\x16\
\xdb\xb7\xd3L\xcc\xe3\xc4\x8c\xbdW\xb6S\xaf\x91\xa8!\
\xa2\x12\x9cr\x96Q\x91\xbc\x8c\xbf\x88e\x85\xb7\x82\xbf\
\x80\x01\x80\x01\x80\x01\x80]\x80.\x82\xc2\x84\x14\x88\x1d\
\x8c\xd6\x905\x960\x9c\xb9\xa2\xc4\xa9A\xb1 \xb9Q\
\xc1\xc3\xc9c\xd2!\xdb\xea\xe3\xad\xecY\xf5\xdc\xfd'\
\x06-\x0e\xdd\x15-\x1d\x10$}*k0\xd45\xb2\
:\x03?\xc3B\xf4E\x95H\xabJ8LBM\xd1\
M\xebM\x99M\xe4L\xd7K{J\xdcH\x03G\xfb\
D\xd0B\x89@3>\xd4;u9\x1e7\xd54\x9f\
2\x800|.\x94,\xcb*\x1f)\x8f'\x1b&\xbe\
$u#<\x22\x0f!\xe7\x1f\xbe\x1e\x90\x1dW\x1c\x0c\
\x1b\xaa\x19+\x18\x8c\x16\xc8\x14\xdb\x12\xc4\x10\x7f\x0e\x0d\
\x0cn\x09\xa3\x06\xad\x03\x91\x00T\xfd\xf9\xf9\x87\xf6\x05\
\xf3{\xef\xf2\xebr\xe8\x04\xe5\xb3\xe1\x87\xde\x8c\xdb\xca\
\xd8J\xd6\x16\xd45\xd2\xb0\xd0\x8c\xcf\xcf\xce~\xce\x9c\
\xce+\xcf+\xd0\x9d\xd1~\xd3\xca\xd5}\xd8\x90\xdb\xfd\
\xde\xbb\xe2\xbf\xe6\xff\xeap\xef\x04\xf4\xb0\xf8e\xfd\x15\
\x02\xb4\x062\x0b\x83\x0f\x9a\x13i\x17\xe4\x1a\x02\x1e\xb7\
 \xfb\x22\xc7$\x14&\xdd&\x1f'\xd9&\x0b&\xb6\
$\xdc\x22\x84 \xb2\x1do\x1a\xc3\x16\xb8\x12Y\x0e\xb2\
\x09\xd0\x04\xc2\xff\x93\xfaR\xf5\x0d\xf0\xd4\xea\xb4\xe5\xba\
\xe0\xf3\xdbl\xd71\xd3K\xcf\xc5\xcb\xa6\xc8\xf5\xc5\xb9\
\xc3\xf5\xc1\xac\xc0\xe0\xbf\x91\xbf\xbd\xbfb\xc0{\xc1\x05\
\xc3\xf8\xc4M\xc7\xfd\xc9\xff\xccJ\xd0\xd3\xd3\x91\xd7y\
\xdb\x82\xdf\xa2\xe3\xce\xe7\xfd\xeb&\xf0A\xf4G\xf80\
\xfc\xf7\xff\x96\x03\x0b\x07Q\x0ah\x0dM\x10\x01\x13\x84\
\x15\xd9\x17\x01\x1a\x00\x1c\xd9\x1d\x90\x1f+!\xad\x22\x1d\
$~%\xd6&*(})\xd3*1,\x98-\x0b\
/\x8b0\x192\xb33Y5\x097\xbf8w:.\
<\xdd=~?\x0aA{B\xc8C\xeaD\xd8E\x8b\
F\xfbF G\xf2FkF\x84E8D\x83Ba\
@\xcf=\xcb:W7r3\x1f/a*>%\xbb\
\x1f\xe1\x19\xb6\x13E\x0d\x99\x06\xbe\xff\xbe\xf8\xa7\xf1\x87\
\xeal\xe3c\xdc{\xd5\xc1\xceD\xc8\x11\xc24\xbc\xba\
\xb6\xad\xb1\x19\xad\x06\xa9{\xa5\x81\xa2\x1c\xa0O\x9e\x1e\
\x9d\x89\x9c\x90\x9c0\x9df\x9e.\xa0\x80\xa2W\xa5\xa8\
\xa8k\xac\x95\xb0\x1a\xb5\xf0\xb9\x09\xbfZ\xc4\xd4\xc9l\
\xcf\x14\xd5\xc1\xdae\xe0\xf6\xe5i\xeb\xb3\xf0\xcc\xf5\xab\
\xfaI\xff\xa0\x03\xab\x07g\x0b\xd1\x0e\xe7\x11\xa9\x14\x18\
\x175\x19\x04\x1b\x88\x1c\xc4\x1d\xbf\x1e~\x1f\x07 a\
 \x91 \x9f \x92 p ? \x05 \xc8\x1f\x8c\
\x1fW\x1f*\x1f\x0a\x1f\xf8\x1e\xf6\x1e\x04\x1f\x22\x1fN\
\x1f\x87\x1f\xcb\x1f\x15 c \xb0 \xf8 5!c\
!}!|!]!\x1a!\xb0 \x19 S\x1f[\
\x1e.\x1d\xcc\x1b3\x1ae\x18a\x16+\x14\xc5\x114\
\x0f{\x0c\xa0\x09\xaa\x06\xa0\x03\x88\x00l\xfdS\xfaE\
\xf7L\xf4p\xf1\xbb\xee4\xec\xe4\xe9\xd3\xe7\x08\xe6\x89\
\xe4\x5c\xe3\x87\xe2\x0c\xe2\xee\xe10\xe2\xd2\xe2\xd3\xe31\
\xe5\xeb\xe6\xfb\xe8]\xeb\x0b\xee\xfc\xf0)\xf4\x8a\xf7\x14\
\xfb\xbd\xfez\x02A\x06\x06\x0a\xbd\x0d[\x11\xd6\x14!\
\x183\x1b\x02\x1e\x86 \xb4\x22\x88$\xf9%\x04'\xa3\
'\xd5'\x98'\xeb&\xcf%G$V\x22\x01 L\
\x1d@\x1a\xe4\x16?\x13\x5c\x0fC\x0b\x00\x07\x9d\x02&\
\xfe\xa4\xf9\x22\xf5\xab\xf0J\xec\x0a\xe8\xf2\xe3\x0c\xe0`\
\xdc\xf6\xd8\xd4\xd5\xfe\xd2{\xd0L\xceu\xcc\xf7\xca\xd1\
\xc9\x04\xc9\x8e\xc8l\xc8\x9c\xc8\x18\xc9\xdc\xc9\xe3\xca'\
\xcc\xa2\xcdN\xcf#\xd1\x1b\xd30\xd5[\xd7\x96\xd9\xda\
\xdb$\xden\xe0\xb3\xe2\xef\xe4!\xe7D\xe9Y\xeb]\
\xedQ\xef5\xf1\x09\xf3\xd0\xf4\x8c\xf6@\xf8\xee\xf9\x9a\
\xfbG\xfd\xf9\xfe\xb4\x00|\x02U\x04A\x06D\x08`\
\x0a\x97\x0c\xeb\x0e]\x11\xec\x13\x99\x16b\x19E\x1c?\
\x1fL\x22i%\x90(\xbc+\xe5.\x062\x175\x10\
8\xea:\x9c=\x1d@gBqD3F\xa6G\xc3\
H\x84I\xe4I\xddImI\x8fHCG\x87E\x5c\
C\xc3@\xbe=R:\x826U2\xd1-\xfe(\xe4\
#\x8e\x1e\x03\x19P\x13\x80\x0d\x9d\x07\xb3\x01\xce\xfb\xf9\
\xf5@\xf0\xae\xeaM\xe5)\xe0I\xdb\xb7\xd6|\xd2\x9d\
\xce\x22\xcb\x0f\xc8g\xc5.\xc3e\xc1\x0d\xc0&\xbf\xac\
\xbe\x9e\xbe\xf8\xbe\xb5\xbf\xd0\xc0A\xc2\x03\xc4\x0d\xc6X\
\xc8\xdb\xca\x8d\xcde\xd0\x5c\xd3g\xd6\x7f\xd9\x9b\xdc\xb3\
\xdf\xc1\xe2\xbe\xe5\xa3\xe8k\xeb\x12\xee\x94\xf0\xed\xf2\x1c\
\xf5\x1f\xf7\xf5\xf8\xa0\xfa\x1f\xfcu\xfd\xa4\xfe\xad\xff\x95\
\x00`\x01\x12\x02\xaf\x02;\x03\xba\x032\x04\xa6\x04\x1a\
\x05\x92\x05\x12\x06\x9c\x063\x07\xd9\x07\x8f\x08V\x09.\
\x0a\x17\x0b\x0f\x0c\x14\x0d$\x0e=\x0f[\x10z\x11\x96\
\x12\xab\x13\xb4\x14\xac\x15\x8f\x16W\x17\x00\x18\x85\x18\xe4\
\x18\x17\x19\x1b\x19\xee\x18\x8e\x18\xfa\x17/\x170\x16\xfb\
\x14\x94\x13\xfb\x114\x10D\x0e-\x0c\xf7\x09\xa5\x07?\
\x05\xcb\x02Q\x00\xd9\xfdh\xfb\x07\xf9\xbe\xf6\x94\xf4\x92\
\xf2\xbd\xf0\x1c\xef\xb6\xed\x90\xec\xaf\xeb\x17\xeb\xcc\xea\xcf\
\xea\x22\xeb\xc5\xeb\xb9\xec\xfb\xed\x8a\xefb\xf1~\xf3\xda\
\xf5p\xf89\xfb.\xfeE\x01x\x04\xbe\x07\x0e\x0b]\
\x0e\xa4\x11\xd8\x14\xf0\x17\xe4\x1a\xab\x1d> \x94\x22\xa7\
$p&\xec'\x15)\xe8)b*\x82*H*\xb3\
)\xc6(\x82'\xeb%\x05$\xd5!`\x1f\xad\x1c\xc2\
\x19\xa6\x16b\x13\xfc\x0f~\x0c\xee\x08V\x05\xbc\x01*\
\xfe\xa5\xfa5\xf7\xe1\xf3\xad\xf0\xa1\xed\xbf\xea\x0d\xe8\x8e\
\xe5C\xe3/\xe1S\xdf\xb0\xddD\xdc\x0e\xdb\x0e\xdaA\
\xd9\xa5\xd85\xd8\xef\xd7\xd0\xd7\xd2\xd7\xf3\xd7-\xd8~\
\xd8\xe0\xd8Q\xd9\xcd\xd9Q\xda\xda\xdaf\xdb\xf3\xdb\x7f\
\xdc\x0a\xdd\x94\xdd\x1d\xde\xa5\xde-\xdf\xb9\xdfI\xe0\xe0\
\xe0\x81\xe1/\xe2\xef\xe2\xc2\xe3\xad\xe4\xb3\xe5\xd8\xe6\x1e\
\xe8\x8a\xe9\x1e\xeb\xdb\xec\xc4\xee\xdb\xf0\x1f\xf3\x91\xf51\
\xf8\xfd\xfa\xf4\xfd\x12\x01U\x04\xb9\x078\x0b\xcf\x0ew\
\x12)\x16\xe0\x19\x93\x1d;!\xd2$N(\xa9+\xda\
.\xda1\xa14)7k9a;\x05=T>H\
?\xde?\x15@\xeb?_?r>%=z;t\
9\x177i4n1..\xae*\xf7&\x11#\x04\
\x1f\xd8\x1a\x97\x16J\x12\xf9\x0d\xae\x09q\x05K\x01E\
\xfdc\xf9\xaf\xf5.\xf2\xe6\xee\xdc\xeb\x15\xe9\x93\xe6X\
\xe4h\xe2\xc2\xe0f\xdfT\xde\x8a\xdd\x05\xdd\xc3\xdc\xc0\
\xdc\xf8\xdcf\xdd\x05\xde\xd0\xde\xc1\xdf\xd2\xe0\xfe\xe1?\
\xe3\x8f\xe4\xe8\xe5E\xe7\xa2\xe8\xfa\xe9H\xeb\x8a\xec\xbb\
\xed\xda\xee\xe5\xef\xd9\xf0\xb7\xf1~\xf2/\xf3\xc9\xf3P\
\xf4\xc4\xf4'\xf5}\xf5\xc7\xf5\x0a\xf6H\xf6\x84\xf6\xc2\
\xf6\x04\xf7O\xf7\xa5\xf7\x07\xf8z\xf8\xfe\xf8\x95\xf9@\
\xfa\x00\xfb\xd5\xfb\xbf\xfc\xbb\xfd\xca\xfe\xe9\xff\x14\x01L\
\x02\x8b\x03\xce\x04\x11\x06O\x07\x86\x08\xb0\x09\xc9\x0a\xcc\
\x0b\xb5\x0c\x81\x0d*\x0e\xaf\x0e\x0b\x0f<\x0f?\x0f\x14\
\x0f\xb9\x0e.\x0er\x0d\x88\x0cp\x0b,\x0a\xc1\x080\
\x07~\x05\xb0\x03\xcb\x01\xd5\xff\xd3\xfd\xca\xfb\xc3\xf9\xc4\
\xf7\xd2\xf5\xf5\xf33\xf2\x92\xf0\x19\xef\xcd\xed\xb3\xec\xcf\
\xeb'\xeb\xbc\xea\x93\xea\xad\xea\x0b\xeb\xae\xeb\x96\xec\xc1\
\xed-\xef\xd8\xf0\xbf\xf2\xdd\xf4.\xf7\xac\xf9Q\xfc\x17\
\xff\xf6\x01\xe9\x04\xe8\x07\xec\x0a\xec\x0d\xe2\x10\xc5\x13\x8f\
\x16:\x19\xbe\x1b\x15\x1e; )\x22\xdc#Q%\x83\
&q'\x1a(|(\x98(n(\x00(O'`\
&4%\xcf#7\x22o ~\x1eg\x1c1\x1a\xe0\
\x17|\x15\x09\x13\x8c\x10\x0c\x0e\x8d\x0b\x14\x09\xa4\x06C\
\x04\xf4\x01\xbb\xff\x97\xfd\x8e\xfb\x9f\xf9\xcc\xf7\x15\xf6{\
\xf4\xfd\xf2\x9a\xf1Q\xf0 \xef\x05\xee\xff\xec\x0b\xec&\
\xebN\xea\x81\xe9\xbc\xe8\xfe\xe7B\xe7\x89\xe6\xd0\xe5\x16\
\xe5Z\xe4\x9c\xe3\xdb\xe2\x18\xe2T\xe1\x8f\xe0\xcb\xdf\x0a\
\xdfO\xde\x9c\xdd\xf4\xdcZ\xdc\xd3\xdba\xdb\x08\xdb\xcc\
\xda\xb1\xda\xba\xda\xeb\xdaG\xdb\xd1\xdb\x8b\xdcx\xdd\x9a\
\xde\xf1\xdf\x7f\xe1C\xe3>\xe5m\xe7\xcf\xe9b\xec#\
\xef\x0e\xf2 \xf5R\xf8\xa1\xfb\x06\xff{\x02\xfc\x05\x7f\
\x09\x00\x0dv\x10\xdc\x13)\x17X\x1ab\x1d@ \xec\
\x22a%\x9b'\x94)H+\xb5,\xd8-\xae.8\
/t/c/\x06/_.q->,\xcb*\x1c\
)5'\x1d%\xd9\x22o \xe6\x1dC\x1b\x8e\x18\xce\
\x15\x08\x13C\x10\x85\x0d\xd5\x0a7\x08\xb1\x05G\x03\xfe\
\x00\xdb\xfe\xdd\xfc\x0a\xfbb\xf9\xe7\xf7\x9a\xf6z\xf5\x87\
\xf4\xc1\xf3$\xf3\xb0\xf2b\xf27\xf2,\xf2=\xf2g\
\xf2\xa6\xf2\xf6\xf2T\xf3\xbb\xf3(\xf4\x98\xf4\x07\xf5s\
\xf5\xd9\xf56\xf6\x88\xf6\xcf\xf6\x08\xf74\xf7R\xf7b\
\xf7f\xf7]\xf7I\xf7,\xf7\x08\xf7\xdf\xf6\xb4\xf6\x88\
\xf6_\xf6;\xf6\x1f\xf6\x0d\xf6\x09\xf6\x13\xf6.\xf6\x5c\
\xf6\x9e\xf6\xf6\xf6d\xf7\xe8\xf7\x82\xf82\xf9\xf6\xf9\xce\
\xfa\xb7\xfb\xaf\xfc\xb4\xfd\xc3\xfe\xd8\xff\xef\x00\x06\x02\x19\
\x03#\x04!\x05\x0e\x06\xe7\x06\xa8\x07M\x08\xd4\x088\
\x09x\x09\x91\x09\x82\x09I\x09\xe6\x08X\x08\xa0\x07\xbf\
\x06\xb7\x05\x88\x047\x03\xc5\x017\x00\x92\xfe\xd8\xfc\x0f\
\xfb<\xf9e\xf7\x8e\xf5\xbe\xf3\xf9\xf1G\xf0\xab\xee,\
\xed\xcf\xeb\x97\xea\x8b\xe9\xad\xe8\x01\xe8\x8a\xe7J\xe7D\
\xe7x\xe7\xe8\xe7\x92\xe8v\xe9\x93\xea\xe7\xebo\xed)\
\xef\x10\xf1 \xf3U\xf5\xa9\xf7\x18\xfa\x9c\xfc0\xff\xcc\
\x01l\x04\x0b\x07\xa1\x09*\x0c\xa0\x0e\xfd\x10>\x13^\
\x15Y\x17+\x19\xd1\x1aI\x1c\x92\x1d\xa9\x1e\x8d\x1f?\
 \xbf \x0d!+!\x1b!\xde v \xe8\x1f5\
\x1fb\x1eq\x1dg\x1cF\x1b\x12\x1a\xd0\x18\x82\x17,\
\x16\xd1\x14t\x13\x17\x12\xbd\x10g\x0f\x18\x0e\xd0\x0c\x91\
\x0b[\x0a-\x09\x09\x08\xed\x06\xd9\x05\xcb\x04\xc3\x03\xbe\
\x02\xbc\x01\xbb\x00\xb9\xff\xb4\xfe\xaa\xfd\x99\xfc\x81\xfb`\
\xfa4\xf9\xfd\xf7\xbb\xf6m\xf5\x13\xf4\xad\xf2=\xf1\xc4\
\xefC\xee\xbc\xec2\xeb\xa6\xe9\x1d\xe8\x99\xe6\x1d\xe5\xad\
\xe3N\xe2\x02\xe1\xcd\xdf\xb5\xde\xbb\xdd\xe5\xdc5\xdc\xaf\
\xdbU\xdb+\xdb3\xdbn\xdb\xde\xdb\x84\xdc`\xddr\
\xde\xb9\xdf5\xe1\xe3\xe2\xc1\xe4\xcc\xe6\x01\xe9\x5c\xeb\xd9\
\xedt\xf0&\xf3\xec\xf5\xc0\xf8\x9b\xfby\xfeS\x01$\
\x04\xe7\x06\x95\x09*\x0c\xa0\x0e\xf3\x10\x1e\x13\x1d\x15\xee\
\x16\x8d\x18\xf7\x19+\x1b(\x1c\xec\x1cx\x1d\xcd\x1d\xea\
\x1d\xd2\x1d\x88\x1d\x0c\x1dc\x1c\x8f\x1b\x94\x1ax\x19<\
\x18\xe7\x16|\x15\x01\x14y\x12\xea\x10X\x0f\xc7\x0d;\
\x0c\xb9\x0aC\x09\xdd\x07\x8a\x06L\x05$\x04\x16\x03!\
\x02G\x01\x88\x00\xe4\xffY\xff\xe8\xfe\x8e\xfeJ\xfe\x1b\
\xfe\xff\xfd\xf2\xfd\xf3\xfd\xff\xfd\x14\xfe/\xfeM\xfel\
\xfe\x89\xfe\xa4\xfe\xb9\xfe\xc6\xfe\xcc\xfe\xc8\xfe\xb9\xfe\x9f\
\xfe{\xfeK\xfe\x11\xfe\xcd\xfd\x81\xfd.\xfd\xd4\xfcw\
\xfc\x18\xfc\xb9\xfb]\xfb\x05\xfb\xb4\xfam\xfa0\xfa\x02\
\xfa\xe2\xf9\xd4\xf9\xd8\xf9\xef\xf9\x1c\xfa]\xfa\xb4\xfa \
\xfb\xa1\xfb5\xfc\xdc\xfc\x94\xfd\x5c\xfe0\xff\x0e\x00\xf4\
\x00\xde\x01\xca\x02\xb4\x03\x98\x04s\x05A\x06\xff\x06\xaa\
\x07>\x08\xb8\x08\x15\x09T\x09q\x09k\x09A\x09\xf1\
\x08{\x08\xdf\x07\x1e\x078\x06.\x05\x02\x04\xb8\x02P\
\x01\xd0\xff9\xfe\x8f\xfc\xd8\xfa\x16\xf9O\xf7\x87\xf5\xc3\
\xf3\x07\xf2Y\xf0\xbd\xee7\xed\xcd\xeb\x80\xeaW\xe9S\
\xe8x\xe7\xc8\xe6G\xe6\xf4\xe5\xd2\xe5\xe1\xe5!\xe6\x93\
\xe64\xe7\x05\xe8\x02\xe9*\xeaz\xeb\xef\xec\x86\xee<\
\xf0\x0b\xf2\xf0\xf3\xe8\xf5\xed\xf7\xfb\xf9\x0e\xfc!\xfe0\
\x008\x024\x04\x22\x06\xfd\x07\xc3\x09q\x0b\x05\x0d|\
\x0e\xd6\x0f\x12\x11-\x12)\x13\x06\x14\xc2\x14`\x15\xe1\
\x15E\x16\x8e\x16\xbe\x16\xd7\x16\xdc\x16\xcd\x16\xad\x16\x7f\
\x16D\x16\xff\x15\xb1\x15]\x15\x04\x15\xa8\x14I\x14\xe9\
\x13\x88\x13'\x13\xc6\x12e\x12\x03\x12\xa0\x11<\x11\xd5\
\x10i\x10\xf9\x0f\x81\x0f\x01\x0fv\x0e\xe0\x0d=\x0d\x8a\
\x0c\xc7\x0b\xf3\x0a\x0c\x0a\x11\x09\x01\x08\xdd\x06\xa3\x05U\
\x04\xf2\x02|\x01\xf4\xff[\xfe\xb2\xfc\xfd\xfa=\xf9u\
\xf7\xa9\xf5\xdb\xf3\x0f\xf2I\xf0\x8c\xee\xdb\xec;\xeb\xb0\
\xe9<\xe8\xe4\xe6\xab\xe5\x94\xe4\xa2\xe3\xd8\xe28\xe2\xc3\
\xe1|\xe1d\xe1{\xe1\xc1\xe17\xe2\xdb\xe2\xad\xe3\xaa\
\xe4\xd1\xe5 \xe7\x94\xe8(\xea\xdb\xeb\xa8\xed\x8b\xef\x80\
\xf1\x83\xf3\x8f\xf5\x9f\xf7\xaf\xf9\xbb\xfb\xbf\xfd\xb5\xff\x9a\
\x01k\x03$\x05\xc2\x06B\x08\xa1\x09\xde\x0a\xf8\x0b\xec\
\x0c\xba\x0db\x0e\xe4\x0eA\x0fy\x0f\x8e\x0f\x82\x0fV\
\x0f\x0d\x0f\xa9\x0e.\x0e\x9e\x0d\xfb\x0cJ\x0c\x8e\x0b\xc9\
\x0a\xfe\x092\x09e\x08\x9d\x07\xda\x06\x1f\x06n\x05\xc9\
\x041\x04\xa8\x03.\x03\xc4\x02j\x02 \x02\xe5\x01\xba\
\x01\x9c\x01\x8b\x01\x85\x01\x8a\x01\x97\x01\xaa\x01\xc3\x01\xde\
\x01\xfa\x01\x16\x02/\x02D\x02T\x02]\x02^\x02V\
\x02E\x02*\x02\x05\x02\xd6\x01\x9e\x01]\x01\x13\x01\xc3\
\x00l\x00\x12\x00\xb5\xffW\xff\xfa\xfe\xa0\xfeK\xfe\xfd\
\xfd\xb7\xfd}\xfdO\xfd/\xfd \xfd!\xfd4\xfdZ\
\xfd\x94\xfd\xe1\xfdB\xfe\xb6\xfe=\xff\xd5\xff|\x003\
\x01\xf7\x01\xc5\x02\x9b\x03w\x04U\x054\x06\x0f\x07\xe4\
\x07\xb0\x08o\x09\x1e\x0a\xbb\x0aB\x0b\xb2\x0b\x07\x0c@\
\x0cZ\x0cT\x0c-\x0c\xe4\x0by\x0b\xeb\x0a:\x0ah\
\x09v\x08e\x076\x06\xed\x04\x8c\x03\x15\x02\x8b\x00\xf4\
\xfeP\xfd\xa4\xfb\xf5\xf9E\xf8\x99\xf6\xf5\xf4]\xf3\xd4\
\xf1]\xf0\xfd\xee\xb6\xed\x8c\xec\x80\xeb\x95\xea\xcd\xe9*\
\xe9\xac\xe8T\xe8$\xe8\x1a\xe86\xe8x\xe8\xde\xe8h\
\xe9\x12\xea\xdc\xea\xc3\xeb\xc4\xec\xdd\xed\x0a\xefI\xf0\x98\
\xf1\xf1\xf2T\xf4\xbc\xf5(\xf7\x93\xf8\xfb\xf9_\xfb\xbb\
\xfc\x0e\xfeU\xff\x8f\x00\xbc\x01\xda\x02\xe9\x03\xe7\x04\xd5\
\x05\xb3\x06\x81\x07?\x08\xef\x08\x91\x09&\x0a\xb0\x0a/\
\x0b\xa5\x0b\x13\x0c{\x0c\xdd\x0c;\x0d\x96\x0d\xef\x0dF\
\x0e\x9d\x0e\xf3\x0eI\x0f\xa0\x0f\xf6\x0fL\x10\xa0\x10\xf3\
\x10C\x11\x8f\x11\xd6\x11\x16\x12N\x12|\x12\x9e\x12\xb3\
\x12\xb9\x12\xad\x12\x90\x12^\x12\x17\x12\xb9\x11C\x11\xb5\
\x10\x0d\x10L\x0fq\x0e}\x0do\x0cI\x0b\x0c\x0a\xba\
\x08S\x07\xda\x05R\x04\xbc\x02\x1b\x01t\xff\xc7\xfd\x19\
\xfcl\xfa\xc5\xf8&\xf7\x93\xf5\x0f\xf4\x9e\xf2B\xf1\xff\
\xef\xd6\xee\xcb\xed\xdf\xec\x15\xecn\xeb\xeb\xea\x8d\xeaU\
\xeaB\xeaU\xea\x8d\xea\xe9\xeag\xeb\x05\xec\xc3\xec\x9d\
\xed\x92\xee\x9d\xef\xbd\xf0\xee\xf1.\xf3w\xf4\xc9\xf5\x1e\
\xf7t\xf8\xc7\xf9\x15\xfbY\xfc\x93\xfd\xbe\xfe\xd9\xff\xe1\
\x00\xd5\x01\xb3\x02z\x03*\x04\xc1\x04?\x05\xa5\x05\xf2\
\x05(\x06G\x06Q\x06G\x06*\x06\xfd\x05\xc1\x05x\
\x05%\x05\xc9\x04g\x04\x01\x04\x99\x031\x03\xca\x02h\
\x02\x0a\x02\xb3\x01c\x01\x1d\x01\xe0\x00\xac\x00\x83\x00e\
\x00Q\x00G\x00F\x00N\x00]\x00s\x00\x8f\x00\xaf\
\x00\xd1\x00\xf6\x00\x1a\x01=\x01^\x01{\x01\x92\x01\xa4\
\x01\xae\x01\xb1\x01\xac\x01\x9e\x01\x86\x01f\x01>\x01\x0d\
\x01\xd4\x00\x95\x00O\x00\x06\x00\xba\xffk\xff\x1c\xff\xcf\
\xfe\x85\xfe@\xfe\x01\xfe\xcc\xfd\xa0\xfd\x81\xfdn\xfdk\
\xfdw\xfd\x94\xfd\xc3\xfd\x04\xfeW\xfe\xbd\xfe5\xff\xbf\
\xffY\x00\x04\x01\xbe\x01\x85\x02W\x032\x04\x15\x05\xfc\
\x05\xe6\x06\xcf\x07\xb5\x08\x96\x09n\x0a;\x0b\xfa\x0b\xa8\
\x0cC\x0d\xca\x0d8\x0e\x8e\x0e\xc8\x0e\xe7\x0e\xe7\x0e\xca\
\x0e\x8d\x0e2\x0e\xb8\x0d \x0dj\x0c\x97\x0b\xaa\x0a\xa4\
\x09\x86\x08S\x07\x0d\x06\xb8\x04U\x03\xe8\x01t\x00\xfc\
\xfe\x83\xfd\x0b\xfc\x98\xfa.\xf9\xce\xf7|\xf6:\xf5\x0a\
\xf4\xef\xf2\xeb\xf1\xfe\xf0+\xf0r\xef\xd4\xeeR\xee\xec\
\xed\xa2\xeds\xed_\xede\xed\x83\xed\xb9\xed\x05\xeef\
\xee\xd9\xee]\xef\xf0\xef\x8f\xf0:\xf1\xed\xf1\xa8\xf2g\
\xf3+\xf4\xf0\xf4\xb5\xf5y\xf6;\xf7\xf9\xf7\xb4\xf8j\
\xf9\x1b\xfa\xc6\xfal\xfb\x0d\xfc\xa8\xfc?\xfd\xd2\xfda\
\xfe\xed\xfew\xff\x00\x00\x88\x00\x12\x01\x9d\x01*\x02\xbb\
\x02O\x03\xe7\x03\x83\x04$\x05\xca\x05u\x06$\x07\xd7\
\x07\x8d\x08F\x09\x00\x0a\xba\x0at\x0b+\x0c\xdf\x0c\x8c\
\x0d2\x0e\xcf\x0ea\x0f\xe6\x0f]\x10\xc3\x10\x17\x11W\
\x11\x82\x11\x97\x11\x94\x11y\x11E\x11\xf7\x10\x8f\x10\x0e\
\x10t\x0f\xc0\x0e\xf5\x0d\x13\x0d\x1b\x0c\x10\x0b\xf2\x09\xc5\
\x08\x8a\x07C\x06\xf4\x04\x9f\x03F\x02\xed\x00\x97\xffE\
\xfe\xfb\xfc\xbb\xfb\x88\xfae\xf9T\xf8W\xf7o\xf6\xa0\
\xf5\xe8\xf4K\xf4\xc9\xf3b\xf3\x17\xf3\xe8\xf2\xd4\xf2\xda\
\xf2\xfb\xf24\xf3\x85\xf3\xec\xf3g\xf4\xf4\xf4\x91\xf5<\
\xf6\xf2\xf6\xb2\xf7x\xf8B\xf9\x0f\xfa\xda\xfa\xa3\xfbh\
\xfc%\xfd\xda\xfd\x84\xfe#\xff\xb4\xff7\x00\xab\x00\x11\
\x01f\x01\xac\x01\xe1\x01\x08\x02\x1f\x02(\x02$\x02\x14\
\x02\xf9\x01\xd4\x01\xa7\x01s\x019\x01\xfb\x00\xbb\x00z\
\x00:\x00\xfc\xff\xbf\xff\x87\xffT\xff&\xff\xff\xfe\xde\
\xfe\xc5\xfe\xb3\xfe\xa8\xfe\xa4\xfe\xa7\xfe\xb0\xfe\xbf\xfe\xd2\
\xfe\xea\xfe\x04\xff \xff>\xff[\xffv\xff\x90\xff\xa6\
\xff\xb7\xff\xc3\xff\xca\xff\xc9\xff\xc1\xff\xb2\xff\x9a\xff{\
\xffS\xff$\xff\xee\xfe\xb2\xfep\xfe)\xfe\xde\xfd\x91\
\xfdC\xfd\xf5\xfc\xa9\xfc`\xfc\x1c\xfc\xdf\xfb\xaa\xfb\x7f\
\xfb_\xfbL\xfbF\xfbP\xfbi\xfb\x94\xfb\xcf\xfb\x1d\
\xfc|\xfc\xed\xfcp\xfd\x04\xfe\xa8\xfe[\xff\x1c\x00\xeb\
\x00\xc5\x01\xa8\x02\x93\x03\x83\x04w\x05k\x06_\x07N\
\x087\x09\x18\x0a\xee\x0a\xb7\x0bp\x0c\x18\x0d\xae\x0d.\
\x0e\x98\x0e\xea\x0e$\x0fD\x0fJ\x0f6\x0f\x08\x0f\xbf\
\x0e]\x0e\xe2\x0dO\x0d\xa5\x0c\xe6\x0b\x13\x0b.\x0a:\
\x097\x08)\x07\x12\x06\xf3\x04\xcf\x03\xa9\x02\x83\x01_\
\x00@\xff&\xfe\x15\xfd\x0d\xfc\x12\xfb#\xfaB\xf9q\
\xf8\xb0\xf7\x00\xf7b\xf6\xd4\xf5Y\xf5\xef\xf4\x96\xf4M\
\xf4\x15\xf4\xec\xf3\xd1\xf3\xc3\xf3\xc1\xf3\xcb\xf3\xde\xf3\xfa\
\xf3\x1d\xf4G\xf4v\xf4\xa9\xf4\xdf\xf4\x18\xf5R\xf5\x8d\
\xf5\xc9\xf5\x05\xf6A\xf6|\xf6\xb7\xf6\xf3\xf6.\xf7j\
\xf7\xa8\xf7\xe7\xf7(\xf8m\xf8\xb5\xf8\x02\xf9U\xf9\xae\
\xf9\x0e\xfau\xfa\xe4\xfa]\xfb\xde\xfbh\xfc\xfc\xfc\x9a\
\xfdA\xfe\xf1\xfe\xa9\xffh\x00/\x01\xfc\x01\xce\x02\xa4\
\x03|\x04U\x05-\x06\x02\x07\xd4\x07\x9f\x08c\x09\x1d\
\x0a\xcc\x0am\x0b\x01\x0c\x84\x0c\xf5\x0cT\x0d\x9e\x0d\xd4\
\x0d\xf5\x0d\xff\x0d\xf2\x0d\xcf\x0d\x96\x0dG\x0d\xe1\x0ch\
\x0c\xda\x0b:\x0b\x89\x0a\xc8\x09\xf9\x08\x1f\x08:\x07N\
\x06[\x05e\x04n\x03x\x02\x85\x01\x97\x00\xb2\xff\xd5\
\xfe\x02\xfe=\xfd\x86\xfc\xdf\xfbH\xfb\xc4\xfaR\xfa\xf2\
\xf9\xa7\xf9n\xf9I\xf97\xf97\xf9H\xf9j\xf9\x9c\
\xf9\xdc\xf9(\xfa\x80\xfa\xe2\xfaL\xfb\xbc\xfb1\xfc\xa9\
\xfc\x22\xfd\x9b\xfd\x12\xfe\x85\xfe\xf4\xfe]\xff\xbe\xff\x17\
\x00g\x00\xae\x00\xeb\x00\x1e\x01F\x01d\x01w\x01\x81\
\x01\x80\x01w\x01f\x01N\x01/\x01\x0b\x01\xe2\x00\xb5\
\x00\x87\x00V\x00&\x00\xf7\xff\xc9\xff\x9d\xfft\xffO\
\xff.\xff\x12\xff\xfb\xfe\xe9\xfe\xdb\xfe\xd3\xfe\xd0\xfe\xd1\
\xfe\xd6\xfe\xdf\xfe\xea\xfe\xf7\xfe\x05\xff\x13\xff!\xff.\
\xff8\xff>\xffA\xff?\xff7\xff)\xff\x14\xff\xf8\
\xfe\xd4\xfe\xa9\xfev\xfe<\xfe\xfb\xfd\xb3\xfdd\xfd\x11\
\xfd\xb9\xfc]\xfc\xff\xfb\xa0\xfb@\xfb\xe2\xfa\x88\xfa1\
\xfa\xe0\xf9\x96\xf9V\xf9\x1f\xf9\xf3\xf8\xd4\xf8\xc3\xf8\xc1\
\xf8\xce\xf8\xeb\xf8\x1a\xf9Y\xf9\xaa\xf9\x0c\xfa\x7f\xfa\x03\
\xfb\x96\xfb9\xfc\xea\xfc\xa8\xfdr\xfeF\xff\x22\x00\x05\
\x01\xed\x01\xd9\x02\xc5\x03\xb1\x04\x9a\x05}\x06Z\x07.\
\x08\xf8\x08\xb5\x09d\x0a\x04\x0b\x93\x0b\x10\x0cz\x0c\xd0\
\x0c\x12\x0d@\x0dX\x0d\x5c\x0dK\x0d&\x0d\xed\x0c\xa2\
\x0cE\x0c\xd7\x0bY\x0b\xcd\x0a4\x0a\x90\x09\xe3\x08-\
\x08q\x07\xb0\x06\xec\x05&\x05`\x04\x9b\x03\xda\x02\x1c\
\x02c\x01\xb0\x00\x05\x00b\xff\xc6\xfe3\xfe\xa9\xfd(\
\xfd\xb0\xfcA\xfc\xdb\xfb~\xfb)\xfb\xdb\xfa\x94\xfaT\
\xfa\x19\xfa\xe4\xf9\xb2\xf9\x85\xf9Z\xf92\xf9\x0b\xf9\xe6\
\xf8\xc1\xf8\x9e\xf8z\xf8W\xf84\xf8\x11\xf8\xee\xf7\xcc\
\xf7\xab\xf7\x8c\xf7o\xf7T\xf7=\xf7*\xf7\x1c\xf7\x14\
\xf7\x12\xf7\x18\xf7%\xf7<\xf7]\xf7\x88\xf7\xbd\xf7\xfe\
\xf7J\xf8\xa3\xf8\x07\xf9w\xf9\xf2\xf9y\xfa\x0b\xfb\xa6\
\xfbL\xfc\xf9\xfc\xaf\xfdj\xfe*\xff\xee\xff\xb4\x00z\
\x01@\x02\x04\x03\xc3\x03}\x04/\x05\xd8\x05w\x06\x0b\
\x07\x91\x07\x09\x08r\x08\xcb\x08\x13\x09J\x09o\x09\x82\
\x09\x83\x09r\x09P\x09\x1d\x09\xd9\x08\x86\x08%\x08\xb6\
\x07<\x07\xb7\x06)\x06\x93\x05\xf7\x04X\x04\xb6\x03\x13\
\x03p\x02\xd1\x015\x01\x9f\x00\x10\x00\x8b\xff\x0d\xff\x9b\
\xfe3\xfe\xd8\xfd\x89\xfdG\xfd\x12\xfd\xeb\xfc\xd1\xfc\xc4\
\xfc\xc3\xfc\xcf\xfc\xe6\xfc\x07\xfd2\xfdf\xfd\xa1\xfd\xe2\
\xfd)\xfet\xfe\xc1\xfe\x10\xff`\xff\xaf\xff\xfc\xffE\
\x00\x8c\x00\xce\x00\x0a\x01A\x01r\x01\x9c\x01\xbe\x01\xda\
\x01\xef\x01\xfc\x01\x03\x02\x04\x02\xfe\x01\xf3\x01\xe3\x01\xce\
\x01\xb6\x01\x9b\x01~\x01`\x01A\x01\x22\x01\x03\x01\xe6\
\x00\xcb\x00\xb3\x00\x9d\x00\x8a\x00{\x00o\x00g\x00b\
\x00a\x00b\x00f\x00m\x00u\x00~\x00\x87\x00\x90\
\x00\x98\x00\x9e\x00\xa2\x00\xa2\x00\x9d\x00\x94\x00\x86\x00q\
\x00U\x002\x00\x08\x00\xd7\xff\x9d\xff[\xff\x12\xff\xc1\
\xfeh\xfe\x0a\xfe\xa5\xfd;\xfd\xcc\xfc[\xfc\xe6\xfbq\
\xfb\xfc\xfa\x88\xfa\x17\xfa\xaa\xf9B\xf9\xe1\xf8\x88\xf88\
\xf8\xf2\xf7\xb8\xf7\x8b\xf7k\xf7Y\xf7V\xf7c\xf7\x7f\
\xf7\xab\xf7\xe8\xf74\xf8\x90\xf8\xfb\xf8t\xf9\xfc\xf9\x90\
\xfa0\xfb\xdb\xfb\x8f\xfcL\xfd\x0e\xfe\xd6\xfe\xa1\xffm\
\x00:\x01\x06\x02\xcf\x02\x93\x03R\x04\x08\x05\xb6\x05Z\
\x06\xf3\x06\x80\x07\x00\x08r\x08\xd6\x08,\x09r\x09\xaa\
\x09\xd2\x09\xec\x09\xf8\x09\xf5\x09\xe5\x09\xc8\x09\xa0\x09l\
\x09.\x09\xe7\x08\x98\x08B\x08\xe6\x07\x85\x07 \x07\xb8\
\x06O\x06\xe4\x05y\x05\x0f\x05\xa6\x04?\x04\xdb\x03y\
\x03\x1a\x03\xbf\x02g\x02\x12\x02\xc1\x01s\x01(\x01\xdf\
\x00\x99\x00U\x00\x12\x00\xd1\xff\x8f\xffN\xff\x0c\xff\xca\
\xfe\x86\xfeA\xfe\xfa\xfd\xb2\xfdg\xfd\x1b\xfd\xcc\xfc|\
\xfc*\xfc\xd7\xfb\x83\xfb.\xfb\xda\xfa\x87\xfa5\xfa\xe6\
\xf9\x99\xf9Q\xf9\x0d\xf9\xcf\xf8\x98\xf8h\xf8@\xf8!\
\xf8\x0c\xf8\x01\xf8\x00\xf8\x0b\xf8\x22\xf8D\xf8r\xf8\xad\
\xf8\xf2\xf8D\xf9\xa1\xf9\x08\xfay\xfa\xf3\xfav\xfb\x00\
\xfc\x90\xfc&\xfd\xbf\xfd[\xfe\xf8\xfe\x95\xff0\x00\xc9\
\x00^\x01\xed\x01v\x02\xf7\x02o\x03\xde\x03A\x04\x99\
\x04\xe4\x04#\x05U\x05y\x05\x90\x05\x99\x05\x95\x05\x84\
\x05g\x05=\x05\x09\x05\xcb\x04\x83\x043\x04\xdc\x03~\
\x03\x1c\x03\xb7\x02O\x02\xe6\x01}\x01\x16\x01\xb1\x00P\
\x00\xf4\xff\x9d\xffM\xff\x04\xff\xc3\xfe\x8a\xfeZ\xfe3\
\xfe\x15\xfe\x01\xfe\xf6\xfd\xf3\xfd\xfa\xfd\x08\xfe\x1f\xfe<\
\xfe`\xfe\x8a\xfe\xb8\xfe\xeb\xfe!\xffY\xff\x93\xff\xce\
\xff\x08\x00B\x00z\x00\xb0\x00\xe4\x00\x14\x01@\x01h\
\x01\x8b\x01\xaa\x01\xc5\x01\xda\x01\xec\x01\xf8\x01\x01\x02\x05\
\x02\x06\x02\x05\x02\x00\x02\xf9\x01\xf1\x01\xe8\x01\xde\x01\xd5\
\x01\xcc\x01\xc4\x01\xbd\x01\xb8\x01\xb6\x01\xb6\x01\xb8\x01\xbd\
\x01\xc5\x01\xd0\x01\xdd\x01\xec\x01\xfd\x01\x10\x02$\x029\
\x02N\x02b\x02u\x02\x86\x02\x94\x02\x9f\x02\xa6\x02\xa8\
\x02\xa5\x02\x9b\x02\x8b\x02t\x02U\x02.\x02\xff\x01\xc7\
\x01\x88\x01?\x01\xef\x00\x97\x007\x00\xd1\xffc\xff\xf0\
\xfex\xfe\xfd\xfd~\xfd\xfd\xfc{\xfc\xf9\xfby\xfb\xfc\
\xfa\x82\xfa\x0e\xfa\x9f\xf98\xf9\xda\xf8\x84\xf8:\xf8\xfa\
\xf7\xc6\xf7\x9f\xf7\x84\xf7x\xf7y\xf7\x87\xf7\xa4\xf7\xce\
\xf7\x06\xf8K\xf8\x9c\xf8\xf9\xf8a\xf9\xd3\xf9O\xfa\xd3\
\xfa^\xfb\xef\xfb\x85\xfc\x1f\xfd\xbb\xfdY\xfe\xf6\xfe\x92\
\xff+\x00\xc1\x00S\x01\xe0\x01f\x02\xe5\x02]\x03\xcc\
\x033\x04\x90\x04\xe4\x04/\x05p\x05\xa7\x05\xd6\x05\xfb\
\x05\x18\x06,\x068\x06>\x06<\x065\x06(\x06\x16\
\x06\x01\x06\xe7\x05\xcb\x05\xad\x05\x8d\x05k\x05I\x05'\
\x05\x04\x05\xe2\x04\xc0\x04\x9e\x04}\x04\x5c\x04<\x04\x1d\
\x04\xfd\x03\xdd\x03\xbc\x03\x9b\x03x\x03T\x03.\x03\x06\
\x03\xdb\x02\xad\x02{\x02F\x02\x0d\x02\xd0\x01\x8f\x01I\
\x01\xff\x00\xb2\x00`\x00\x0a\x00\xb3\xffW\xff\xf9\xfe\x99\
\xfe8\xfe\xd6\xfdu\xfd\x14\xfd\xb6\xfcY\xfc\x01\xfc\xac\
\xfb]\xfb\x13\xfb\xd1\xfa\x95\xfab\xfa7\xfa\x16\xfa\xfe\
\xf9\xf1\xf9\xed\xf9\xf4\xf9\x06\xfa!\xfaH\xfax\xfa\xb1\
\xfa\xf4\xfa?\xfb\x92\xfb\xed\xfbM\xfc\xb3\xfc\x1d\xfd\x8a\
\xfd\xf9\xfdj\xfe\xdb\xfeJ\xff\xb8\xff!\x00\x87\x00\xe9\
\x00D\x01\x98\x01\xe5\x01)\x02e\x02\x98\x02\xc1\x02\xe1\
\x02\xf7\x02\x03\x03\x05\x03\xfe\x02\xed\x02\xd4\x02\xb3\x02\x8a\
\x02[\x02%\x02\xea\x01\xab\x01h\x01#\x01\xdc\x00\x94\
\x00L\x00\x05\x00\xc2\xff\x7f\xffA\xff\x06\xff\xd0\xfe\x9f\
\xfet\xfeO\xfe0\xfe\x17\xfe\x06\xfe\xfa\xfd\xf5\xfd\xf7\
\xfd\xfe\xfd\x0c\xfe\x1e\xfe5\xfeQ\xfeq\xfe\x94\xfe\xba\
\xfe\xe1\xfe\x0b\xff5\xff`\xff\x8a\xff\xb4\xff\xdc\xff\x03\
\x00(\x00K\x00k\x00\x89\x00\xa4\x00\xbd\x00\xd2\x00\xe5\
\x00\xf6\x00\x04\x01\x10\x01\x1a\x01#\x01+\x013\x01:\
\x01A\x01I\x01Q\x01[\x01g\x01u\x01\x85\x01\x98\
\x01\xad\x01\xc5\x01\xdf\x01\xfd\x01\x1d\x02?\x02c\x02\x8a\
\x02\xb2\x02\xda\x02\x03\x03-\x03U\x03|\x03\xa1\x03\xc4\
\x03\xe3\x03\xfe\x03\x15\x04&\x041\x046\x044\x04*\
\x04\x18\x04\xfe\x03\xdc\x03\xb1\x03~\x03B\x03\xfd\x02\xb0\
\x02\x5c\x02\x00\x02\x9d\x013\x01\xc4\x00Q\x00\xda\xff_\
\xff\xe2\xfed\xfe\xe6\xfdh\xfd\xed\xfct\xfc\xff\xfb\x8f\
\xfb%\xfb\xc1\xfae\xfa\x12\xfa\xc7\xf9\x86\xf9N\xf9!\
\xf9\xff\xf8\xe8\xf8\xdc\xf8\xda\xf8\xe4\xf8\xf8\xf8\x16\xf9>\
\xf9p\xf9\xaa\xf9\xed\xf97\xfa\x88\xfa\xde\xfa:\xfb\x9a\
\xfb\xfd\xfbc\xfc\xcb\xfc3\xfd\x9b\xfd\x02\xfeh\xfe\xcb\
\xfe,\xff\x8a\xff\xe3\xff8\x00\x88\x00\xd4\x00\x1b\x01]\
\x01\x9a\x01\xd2\x01\x04\x022\x02\x5c\x02\x81\x02\xa2\x02\xbf\
\x02\xd9\x02\xf0\x02\x05\x03\x17\x03(\x037\x03E\x03S\
\x03_\x03l\x03x\x03\x85\x03\x91\x03\x9e\x03\xaa\x03\xb7\
\x03\xc3\x03\xcf\x03\xdb\x03\xe6\x03\xef\x03\xf7\x03\xfd\x03\x01\
\x04\x03\x04\x01\x04\xfc\x03\xf3\x03\xe7\x03\xd5\x03\xbf\x03\xa4\
\x03\x84\x03_\x034\x03\x04\x03\xce\x02\x94\x02T\x02\x10\
\x02\xc8\x01{\x01,\x01\xd9\x00\x84\x00-\x00\xd6\xff~\
\xff&\xff\xcf\xfe{\xfe)\xfe\xda\xfd\x90\xfdJ\xfd\x0a\
\xfd\xd0\xfc\x9d\xfcq\xfcL\xfc0\xfc\x1b\xfc\x0f\xfc\x0c\
\xfc\x11\xfc\x1e\xfc3\xfcP\xfcu\xfc\xa1\xfc\xd3\xfc\x0b\
\xfdI\xfd\x8b\xfd\xd1\xfd\x1b\xfef\xfe\xb3\xfe\x00\xffM\
\xff\x99\xff\xe3\xff)\x00m\x00\xad\x00\xe8\x00\x1d\x01M\
\x01v\x01\x99\x01\xb5\x01\xca\x01\xd7\x01\xde\x01\xdd\x01\xd6\
\x01\xc7\x01\xb3\x01\x98\x01x\x01T\x01*\x01\xfd\x00\xcd\
\x00\x9a\x00e\x00/\x00\xf9\xff\xc3\xff\x8d\xffY\xff'\
\xff\xf7\xfe\xca\xfe\xa1\xfe{\xfeY\xfe;\xfe\x22\xfe\x0e\
\xfe\xfd\xfd\xf2\xfd\xeb\xfd\xe8\xfd\xe9\xfd\xef\xfd\xf7\xfd\x03\
\xfe\x12\xfe$\xfe7\xfeM\xfec\xfez\xfe\x92\xfe\xab\
\xfe\xc2\xfe\xda\xfe\xf1\xfe\x06\xff\x1b\xff.\xff@\xffP\
\xff_\xffm\xffy\xff\x84\xff\x8f\xff\x99\xff\xa2\xff\xab\
\xff\xb5\xff\xbf\xff\xca\xff\xd7\xff\xe5\xff\xf5\xff\x06\x00\x1b\
\x002\x00M\x00k\x00\x8b\x00\xb0\x00\xd7\x00\x02\x010\
\x01a\x01\x94\x01\xca\x01\x02\x02;\x02v\x02\xb1\x02\xec\
\x02'\x03`\x03\x98\x03\xcd\x03\xff\x03.\x04X\x04}\
\x04\x9d\x04\xb6\x04\xc9\x04\xd5\x04\xd9\x04\xd6\x04\xcb\x04\xb7\
\x04\x9c\x04x\x04L\x04\x18\x04\xdd\x03\x9a\x03P\x03\x00\
\x03\xaa\x02N\x02\xee\x01\x8a\x01\x22\x01\xb8\x00M\x00\xe1\
\xffu\xff\x0a\xff\xa0\xfe9\xfe\xd5\xfdu\xfd\x1a\xfd\xc4\
\xfct\xfc*\xfc\xe8\xfb\xac\xfbx\xfbL\xfb'\xfb\x0b\
\xfb\xf6\xfa\xe9\xfa\xe3\xfa\xe5\xfa\xee\xfa\xfe\xfa\x14\xfb0\
\xfbQ\xfbv\xfb\xa1\xfb\xce\xfb\xff\xfb2\xfch\xfc\x9f\
\xfc\xd6\xfc\x0e\xfdF\xfd~\xfd\xb4\xfd\xe9\xfd\x1d\xfeO\
\xfe\x80\xfe\xae\xfe\xda\xfe\x04\xff,\xffQ\xffu\xff\x97\
\xff\xb8\xff\xd7\xff\xf5\xff\x11\x00-\x00I\x00d\x00\x80\
\x00\x9c\x00\xb8\x00\xd5\x00\xf3\x00\x12\x011\x01Q\x01s\
\x01\x95\x01\xb8\x01\xdc\x01\x00\x02$\x02H\x02k\x02\x8e\
\x02\xb0\x02\xd0\x02\xee\x02\x0a\x03#\x039\x03L\x03[\
\x03e\x03k\x03m\x03i\x03`\x03R\x03>\x03&\
\x03\x07\x03\xe4\x02\xbc\x02\x8e\x02]\x02'\x02\xed\x01\xb0\
\x01p\x01.\x01\xeb\x00\xa6\x00a\x00\x1c\x00\xd9\xff\x96\
\xffV\xff\x18\xff\xde\xfe\xa7\xfeu\xfeH\xfe \xfe\xfe\
\xfd\xe2\xfd\xcc\xfd\xbd\xfd\xb4\xfd\xb1\xfd\xb5\xfd\xc0\xfd\xd0\
\xfd\xe6\xfd\x02\xfe#\xfeI\xfes\xfe\xa0\xfe\xd1\xfe\x04\
\xff9\xffo\xff\xa6\xff\xdd\xff\x12\x00F\x00y\x00\xa9\
\x00\xd6\x00\x00\x01&\x01G\x01d\x01|\x01\x8e\x01\x9c\
\x01\xa4\x01\xa7\x01\xa4\x01\x9d\x01\x90\x01\x7f\x01j\x01P\
\x013\x01\x12\x01\xef\x00\xc9\x00\xa1\x00x\x00N\x00#\
\x00\xf9\xff\xcf\xff\xa6\xff}\xffW\xff2\xff\x10\xff\xf0\
\xfe\xd2\xfe\xb8\xfe\xa0\xfe\x8b\xfey\xfej\xfe^\xfeU\
\xfeN\xfeI\xfeF\xfeE\xfeF\xfeH\xfeK\xfeO\
\xfeT\xfeX\xfe]\xfeb\xfef\xfej\xfem\xfeo\
\xfep\xfeq\xfeq\xfep\xfen\xfel\xfej\xfeh\
\xfef\xfed\xfec\xfec\xfee\xfeh\xfem\xfet\
\xfe~\xfe\x8b\xfe\x9c\xfe\xaf\xfe\xc6\xfe\xe1\xfe\x00\xff#\
\xffI\xfft\xff\xa2\xff\xd4\xff\x08\x00A\x00|\x00\xba\
\x00\xfb\x00=\x01\x80\x01\xc3\x01\x07\x02K\x02\x8d\x02\xce\
\x02\x0c\x03H\x03\x81\x03\xb5\x03\xe5\x03\x10\x046\x04U\
\x04o\x04\x82\x04\x8e\x04\x93\x04\x91\x04\x88\x04x\x04a\
\x04C\x04\x1f\x04\xf4\x03\xc2\x03\x8c\x03O\x03\x0f\x03\xca\
\x02\x81\x025\x02\xe7\x01\x97\x01F\x01\xf4\x00\xa3\x00R\
\x00\x02\x00\xb6\xffj\xff\x22\xff\xdd\xfe\x9c\xfe_\xfe&\
\xfe\xf2\xfd\xc2\xfd\x98\xfds\xfdR\xfd7\xfd!\xfd\x0f\
\xfd\x03\xfd\xfa\xfc\xf6\xfc\xf5\xfc\xf8\xfc\xfe\xfc\x07\xfd\x13\
\xfd \xfd0\xfdA\xfdS\xfdf\xfdy\xfd\x8c\xfd\xa0\
\xfd\xb3\xfd\xc6\xfd\xd9\xfd\xeb\xfd\xfd\xfd\x0d\xfe\x1e\xfe-\
\xfe=\xfeL\xfeZ\xfei\xfex\xfe\x87\xfe\x97\xfe\xa7\
\xfe\xb8\xfe\xcb\xfe\xde\xfe\xf4\xfe\x0a\xff#\xff=\xffY\
\xffw\xff\x97\xff\xb9\xff\xdc\xff\x00\x00&\x00N\x00v\
\x00\xa0\x00\xc9\x00\xf3\x00\x1c\x01E\x01m\x01\x93\x01\xb8\
\x01\xda\x01\xfa\x01\x17\x021\x02G\x02Y\x02g\x02q\
\x02v\x02w\x02r\x02i\x02\x5c\x02J\x023\x02\x18\
\x02\xf9\x01\xd6\x01\xaf\x01\x86\x01Z\x01+\x01\xfb\x00\xca\
\x00\x98\x00e\x003\x00\x02\x00\xd3\xff\xa5\xffy\xffP\
\xff+\xff\x09\xff\xeb\xfe\xd1\xfe\xbb\xfe\xab\xfe\x9f\xfe\x98\
\xfe\x96\xfe\x99\xfe\xa1\xfe\xae\xfe\xbf\xfe\xd4\xfe\xee\xfe\x0b\
\xff+\xffN\xffs\xff\x9b\xff\xc4\xff\xee\xff\x17\x00A\
\x00k\x00\x94\x00\xbc\x00\xe1\x00\x05\x01&\x01D\x01^\
\x01v\x01\x89\x01\x99\x01\xa5\x01\xad\x01\xb1\x01\xb2\x01\xae\
\x01\xa7\x01\x9c\x01\x8e\x01}\x01i\x01S\x01;\x01 \
\x01\x04\x01\xe7\x00\xca\x00\xab\x00\x8d\x00n\x00P\x003\
\x00\x16\x00\xfc\xff\xe1\xff\xc8\xff\xb1\xff\x9b\xff\x87\xfft\
\xffc\xffS\xffE\xff7\xff+\xff \xff\x16\xff\x0c\
\xff\x03\xff\xfa\xfe\xf1\xfe\xe8\xfe\xde\xfe\xd4\xfe\xca\xfe\xbf\
\xfe\xb2\xfe\xa5\xfe\x98\xfe\x89\xfey\xfei\xfeX\xfeF\
\xfe4\xfe\x22\xfe\x10\xfe\xff\xfd\xed\xfd\xdd\xfd\xce\xfd\xc0\
\xfd\xb5\xfd\xab\xfd\xa4\xfd\x9f\xfd\x9e\xfd\xa0\xfd\xa5\xfd\xaf\
\xfd\xbc\xfd\xcd\xfd\xe2\xfd\xfc\xfd\x1a\xfe<\xfeb\xfe\x8d\
\xfe\xbb\xfe\xed\xfe\x22\xffZ\xff\x95\xff\xd2\xff\x10\x00P\
\x00\x92\x00\xd3\x00\x15\x01V\x01\x96\x01\xd5\x01\x11\x02K\
\x02\x82\x02\xb5\x02\xe4\x02\x0f\x035\x03W\x03s\x03\x8a\
\x03\x9b\x03\xa7\x03\xad\x03\xad\x03\xa8\x03\x9d\x03\x8d\x03x\
\x03^\x03@\x03\x1d\x03\xf7\x02\xcd\x02\xa0\x02q\x02@\
\x02\x0d\x02\xd8\x01\xa3\x01n\x019\x01\x04\x01\xd1\x00\x9e\
\x00m\x00>\x00\x11\x00\xe8\xff\xc0\xff\x9a\xffx\xffX\
\xff;\xff!\xff\x09\xff\xf4\xfe\xe2\xfe\xd2\xfe\xc4\xfe\xb9\
\xfe\xaf\xfe\xa7\xfe\xa0\xfe\x9a\xfe\x96\xfe\x92\xfe\x8f\xfe\x8c\
\xfe\x89\xfe\x87\xfe\x84\xfe\x81\xfe\x7f\xfe{\xfex\xfet\
\xfep\xfel\xfeh\xfed\xfe`\xfe]\xfeZ\xfeX\
\xfeV\xfeV\xfeW\xfeZ\xfe^\xfec\xfek\xfeu\
\xfe\x81\xfe\x8f\xfe\xa0\xfe\xb3\xfe\xc8\xfe\xe0\xfe\xfa\xfe\x16\
\xff3\xffS\xfft\xff\x97\xff\xbb\xff\xdf\xff\x03\x00(\
\x00M\x00r\x00\x95\x00\xb8\x00\xd9\x00\xf8\x00\x14\x01.\
\x01F\x01Z\x01k\x01x\x01\x82\x01\x88\x01\x8a\x01\x88\
\x01\x82\x01y\x01l\x01[\x01G\x01/\x01\x15\x01\xf8\
\x00\xd9\x00\xb8\x00\x95\x00r\x00M\x00(\x00\x03\x00\xe0\
\xff\xbd\xff\x9b\xff{\xff]\xffA\xff(\xff\x12\xff\x00\
\xff\xf0\xfe\xe5\xfe\xdd\xfe\xd9\xfe\xd9\xfe\xdc\xfe\xe4\xfe\xef\
\xfe\xfd\xfe\x0f\xff$\xff<\xffV\xffs\xff\x92\xff\xb2\
\xff\xd3\xff\xf5\xff\x17\x00:\x00]\x00\x7f\x00\xa0\x00\xc0\
\x00\xde\x00\xfa\x00\x15\x01-\x01C\x01V\x01g\x01u\
\x01\x80\x01\x88\x01\x8d\x01\x90\x01\x90\x01\x8e\x01\x8a\x01\x83\
\x01z\x01p\x01d\x01W\x01H\x019\x01)\x01\x18\
\x01\x08\x01\xf7\x00\xe6\x00\xd6\x00\xc6\x00\xb6\x00\xa7\x00\x98\
\x00\x8a\x00}\x00p\x00d\x00X\x00M\x00B\x007\
\x00,\x00!\x00\x16\x00\x0b\x00\xff\xff\xf3\xff\xe5\xff\xd6\
\xff\xc6\xff\xb5\xff\xa3\xff\x8f\xffz\xffd\xffL\xff3\
\xff\x19\xff\xfe\xfe\xe2\xfe\xc5\xfe\xa7\xfe\x8a\xfel\xfeN\
\xfe1\xfe\x14\xfe\xf9\xfd\xdf\xfd\xc7\xfd\xb0\xfd\x9c\xfd\x8b\
\xfd|\xfdq\xfdi\xfde\xfdd\xfdg\xfdo\xfdz\
\xfd\x89\xfd\x9d\xfd\xb5\xfd\xd0\xfd\xf0\xfd\x13\xfe:\xfed\
\xfe\x91\xfe\xc0\xfe\xf2\xfe&\xff[\xff\x92\xff\xc9\xff\x00\
\x007\x00n\x00\xa4\x00\xd9\x00\x0c\x01<\x01k\x01\x96\
\x01\xbf\x01\xe4\x01\x06\x02$\x02>\x02T\x02f\x02t\
\x02}\x02\x83\x02\x85\x02\x84\x02~\x02u\x02i\x02Z\
\x02H\x024\x02\x1e\x02\x06\x02\xec\x01\xd2\x01\xb6\x01\x99\
\x01}\x01`\x01C\x01'\x01\x0c\x01\xf1\x00\xd7\x00\xbf\
\x00\xa7\x00\x91\x00|\x00h\x00V\x00E\x005\x00&\
\x00\x19\x00\x0c\x00\x00\x00\xf6\xff\xec\xff\xe2\xff\xd8\xff\xce\
\xff\xc4\xff\xbb\xff\xb1\xff\xa6\xff\x9c\xff\x90\xff\x85\xffy\
\xffl\xff_\xffQ\xffC\xff5\xff'\xff\x18\xff\x0a\
\xff\xfc\xfe\xee\xfe\xe2\xfe\xd6\xfe\xcb\xfe\xc1\xfe\xb8\xfe\xb1\
\xfe\xac\xfe\xa9\xfe\xa8\xfe\xa8\xfe\xab\xfe\xb1\xfe\xb8\xfe\xc2\
\xfe\xcf\xfe\xdd\xfe\xee\xfe\x01\xff\x16\xff-\xffE\xff_\
\xffz\xff\x96\xff\xb3\xff\xd0\xff\xed\xff\x09\x00%\x00A\
\x00[\x00t\x00\x8c\x00\xa1\x00\xb4\x00\xc5\x00\xd3\x00\xdf\
\x00\xe8\x00\xed\x00\xf0\x00\xef\x00\xeb\x00\xe5\x00\xdb\x00\xce\
\x00\xbf\x00\xad\x00\x99\x00\x82\x00j\x00P\x005\x00\x19\
\x00\xfd\xff\xe0\xff\xc3\xff\xa7\xff\x8b\xffp\xffV\xff>\
\xff(\xff\x14\xff\x02\xff\xf3\xfe\xe7\xfe\xdd\xfe\xd6\xfe\xd2\
\xfe\xd1\xfe\xd4\xfe\xd9\xfe\xe1\xfe\xeb\xfe\xf9\xfe\x09\xff\x1b\
\xff/\xffE\xff]\xffv\xff\x90\xff\xab\xff\xc6\xff\xe2\
\xff\xfe\xff\x18\x003\x00N\x00g\x00\x80\x00\x97\x00\xad\
\x00\xc1\x00\xd4\x00\xe4\x00\xf4\x00\x01\x01\x0d\x01\x17\x01\x1f\
\x01%\x01+\x01.\x011\x012\x012\x011\x010\
\x01-\x01+\x01(\x01%\x01!\x01\x1e\x01\x1a\x01\x17\
\x01\x14\x01\x11\x01\x0e\x01\x0c\x01\x0a\x01\x07\x01\x05\x01\x03\
\x01\x00\x01\xfe\x00\xfa\x00\xf7\x00\xf3\x00\xed\x00\xe7\x00\xe0\
\x00\xd8\x00\xce\x00\xc3\x00\xb6\x00\xa8\x00\x97\x00\x85\x00q\
\x00\x5c\x00D\x00+\x00\x10\x00\xf5\xff\xd7\xff\xb7\xff\x97\
\xffu\xffS\xff1\xff\x0e\xff\xeb\xfe\xc9\xfe\xa7\xfe\x86\
\xfeg\xfeH\xfe,\xfe\x12\xfe\xfa\xfd\xe4\xfd\xd1\xfd\xc2\
\xfd\xb5\xfd\xac\xfd\xa6\xfd\xa4\xfd\xa5\xfd\xaa\xfd\xb3\xfd\xbf\
\xfd\xce\xfd\xe1\xfd\xf7\xfd\x10\xfe,\xfeK\xfel\xfe\x8f\
\xfe\xb4\xfe\xdb\xfe\x02\xff+\xffT\xff}\xff\xa6\xff\xcf\
\xff\xf6\xff\x1c\x00B\x00f\x00\x88\x00\xa9\x00\xc7\x00\xe3\
\x00\xfc\x00\x13\x01'\x019\x01H\x01T\x01^\x01e\
\x01j\x01l\x01m\x01k\x01h\x01c\x01]\x01U\
\x01L\x01C\x019\x01.\x01#\x01\x18\x01\x0d\x01\x02\
\x01\xf7\x00\xed\x00\xe3\x00\xd9\x00\xd1\x00\xc8\x00\xc0\x00\xb9\
\x00\xb2\x00\xac\x00\xa6\x00\xa0\x00\x9b\x00\x95\x00\x90\x00\x8a\
\x00\x84\x00~\x00x\x00q\x00i\x00a\x00X\x00N\
\x00C\x008\x00,\x00\x1f\x00\x11\x00\x02\x00\xf4\xff\xe4\
\xff\xd4\xff\xc4\xff\xb3\xff\xa2\xff\x92\xff\x82\xffr\xffd\
\xffV\xffI\xff=\xff3\xff*\xff#\xff\x1d\xff\x1a\
\xff\x18\xff\x19\xff\x1c\xff \xff'\xff0\xff;\xffG\
\xffV\xfff\xffw\xff\x8a\xff\x9e\xff\xb3\xff\xc8\xff\xde\
\xff\xf4\xff\x09\x00\x1f\x004\x00H\x00[\x00m\x00~\
\x00\x8c\x00\x99\x00\xa4\x00\xac\x00\xb2\x00\xb6\x00\xb7\x00\xb6\
\x00\xb2\x00\xac\x00\xa3\x00\x98\x00\x8b\x00{\x00j\x00W\
\x00C\x00-\x00\x16\x00\xff\xff\xe7\xff\xce\xff\xb6\xff\x9d\
\xff\x85\xffn\xffW\xffB\xff.\xff\x1c\xff\x0c\xff\xfd\
\xfe\xf0\xfe\xe6\xfe\xde\xfe\xd8\xfe\xd4\xfe\xd2\xfe\xd3\xfe\xd6\
\xfe\xdb\xfe\xe3\xfe\xec\xfe\xf7\xfe\x03\xff\x11\xff!\xff1\
\xffC\xffU\xffh\xff{\xff\x8f\xff\xa3\xff\xb6\xff\xc9\
\xff\xdc\xff\xef\xff\x00\x00\x10\x00!\x000\x00>\x00L\
\x00Y\x00d\x00o\x00y\x00\x83\x00\x8b\x00\x94\x00\x9b\
\x00\xa2\x00\xa9\x00\xaf\x00\xb6\x00\xbc\x00\xc2\x00\xc8\x00\xcf\
\x00\xd5\x00\xdc\x00\xe3\x00\xea\x00\xf2\x00\xfa\x00\x02\x01\x0a\
\x01\x12\x01\x1a\x01\x22\x01)\x010\x017\x01=\x01C\
\x01G\x01J\x01L\x01M\x01L\x01J\x01E\x01?\
\x017\x01-\x01!\x01\x13\x01\x03\x01\xf1\x00\xdc\x00\xc6\
\x00\xae\x00\x94\x00y\x00\x5c\x00>\x00\x1e\x00\xff\xff\xde\
\xff\xbd\xff\x9c\xffz\xffZ\xff9\xff\x1a\xff\xfb\xfe\xde\
\xfe\xc3\xfe\xa9\xfe\x91\xfe|\xfei\xfeX\xfeJ\xfe?\
\xfe6\xfe1\xfe.\xfe.\xfe1\xfe7\xfe?\xfeJ\
\xfeW\xfeg\xfey\xfe\x8c\xfe\xa1\xfe\xb8\xfe\xd0\xfe\xe9\
\xfe\x02\xff\x1d\xff7\xffR\xffl\xff\x86\xff\xa0\xff\xb9\
\xff\xd1\xff\xe7\xff\xfd\xff\x10\x00#\x005\x00E\x00S\
\x00`\x00l\x00v\x00~\x00\x85\x00\x8b\x00\x90\x00\x93\
\x00\x96\x00\x97\x00\x98\x00\x98\x00\x98\x00\x98\x00\x97\x00\x96\
\x00\x95\x00\x93\x00\x92\x00\x92\x00\x91\x00\x91\x00\x91\x00\x91\
\x00\x91\x00\x92\x00\x93\x00\x95\x00\x96\x00\x97\x00\x99\x00\x9a\
\x00\x9b\x00\x9c\x00\x9d\x00\x9d\x00\x9c\x00\x9b\x00\x99\x00\x96\
\x00\x92\x00\x8e\x00\x88\x00\x82\x00z\x00r\x00h\x00^\
\x00S\x00G\x00:\x00-\x00\x1f\x00\x11\x00\x02\x00\xf4\
\xff\xe6\xff\xd8\xff\xca\xff\xbc\xff\xb0\xff\xa4\xff\x99\xff\x8f\
\xff\x87\xff\x80\xffz\xffv\xfft\xffs\xffu\xffx\
\xff|\xff\x83\xff\x8b\xff\x95\xff\xa0\xff\xac\xff\xba\xff\xc9\
\xff\xd9\xff\xe9\xff\xfb\xff\x0b\x00\x1d\x00.\x00@\x00Q\
\x00a\x00q\x00\x7f\x00\x8c\x00\x98\x00\xa2\x00\xab\x00\xb2\
\x00\xb6\x00\xb9\x00\xba\x00\xb9\x00\xb6\x00\xb1\x00\xaa\x00\xa1\
\x00\x96\x00\x89\x00{\x00k\x00Z\x00H\x004\x00 \
\x00\x0c\x00\xf8\xff\xe3\xff\xce\xff\xb9\xff\xa4\xff\x90\xff}\
\xffk\xffY\xffI\xff;\xff-\xff\x22\xff\x17\xff\x0f\
\xff\x08\xff\x02\xff\xff\xfe\xfd\xfe\xfc\xfe\xfd\xfe\xff\xfe\x03\
\xff\x07\xff\x0d\xff\x14\xff\x1c\xff%\xff.\xff8\xffB\
\xffL\xffW\xffb\xffl\xffw\xff\x82\xff\x8c\xff\x96\
\xff\xa0\xff\xa9\xff\xb2\xff\xbb\xff\xc4\xff\xcc\xff\xd4\xff\xdc\
\xff\xe4\xff\xec\xff\xf4\xff\xfc\xff\x03\x00\x0b\x00\x14\x00\x1d\
\x00&\x000\x00;\x00E\x00Q\x00]\x00i\x00w\
\x00\x84\x00\x92\x00\xa0\x00\xaf\x00\xbe\x00\xcd\x00\xdb\x00\xea\
\x00\xf8\x00\x06\x01\x14\x01 \x01,\x017\x01@\x01I\
\x01O\x01U\x01X\x01Z\x01Z\x01X\x01T\x01N\
\x01F\x01;\x01/\x01!\x01\x11\x01\xff\x00\xec\x00\xd6\
\x00\xc0\x00\xa8\x00\x8f\x00u\x00Z\x00?\x00#\x00\x07\
\x00\xed\xff\xd1\xff\xb7\xff\x9d\xff\x83\xffk\xffT\xff?\
\xff+\xff\x19\xff\x09\xff\xfa\xfe\xee\xfe\xe3\xfe\xdb\xfe\xd5\
\xfe\xd0\xfe\xce\xfe\xce\xfe\xd0\xfe\xd3\xfe\xd8\xfe\xdf\xfe\xe7\
\xfe\xf1\xfe\xfc\xfe\x07\xff\x14\xff!\xff/\xff=\xffL\
\xff[\xffi\xffw\xff\x85\xff\x93\xff\xa0\xff\xac\xff\xb8\
\xff\xc3\xff\xcd\xff\xd7\xff\xdf\xff\xe7\xff\xee\xff\xf5\xff\xfa\
\xff\xff\xff\x02\x00\x06\x00\x09\x00\x0c\x00\x0f\x00\x11\x00\x13\
\x00\x15\x00\x17\x00\x1a\x00\x1c\x00\x1f\x00!\x00$\x00(\
\x00+\x00/\x004\x008\x00=\x00B\x00G\x00L\
\x00Q\x00W\x00\x5c\x00a\x00e\x00i\x00m\x00p\
\x00r\x00t\x00u\x00u\x00t\x00s\x00p\x00l\
\x00h\x00b\x00[\x00T\x00K\x00B\x009\x00.\
\x00#\x00\x18\x00\x0d\x00\x01\x00\xf6\xff\xeb\xff\xe0\xff\xd5\
\xff\xcb\xff\xc2\xff\xb9\xff\xb1\xff\xab\xff\xa5\xff\xa1\xff\x9e\
\xff\x9d\xff\x9d\xff\x9f\xff\xa2\xff\xa6\xff\xac\xff\xb3\xff\xbc\
\xff\xc6\xff\xd1\xff\xdd\xff\xea\xff\xf8\xff\x05\x00\x14\x00$\
\x003\x00\
\x00\x00\xbd\xaa\
R\
IFF\xa2\xbd\x00\x00WAVEfmt \x10\
\x00\x00\x00\x01\x00\x01\x00D\xac\x00\x00\x88X\x01\x00\x02\
\x00\x10\x00data~\xbd\x00\x00\x00\x00\xc4\x05\x83\
\x0b9\x11\xe2\x16x\x1c\xf9!`'\xa8,\xcf1\xcf\
6\xa6;P@\xc9D\x0eI\x1eM\xf4P\x8eT\xe9\
W\x05[\xdf]t`\xc5b\xcfd\x92f\x0ehA\
i,j\xcfj)k=k\x0ak\x92j\xd6i\xd7\
h\x97g\x19f]dgb8`\xd4]=[w\
X\x83UeR O\xb7K.H\x88D\xc9@\xf3\
<\x0a9\x115\x0c1\xff,\xeb(\xd5$\xc0 \xae\
\x1c\xa3\x18\xa1\x14\xab\x10\xc4\x0c\xed\x08*\x05}\x01\xe8\
\xfdk\xfa\x0a\xf7\xc5\xf3\x9f\xf0\x97\xed\xb0\xea\xea\xe7F\
\xe5\xc4\xe2e\xe0*\xde\x12\xdc\x1d\xdaK\xd8\x9c\xd6\x0f\
\xd5\xa4\xd3[\xd22\xd1(\xd0>\xcfq\xce\xc0\xcd,\
\xcd\xb1\xccP\xcc\x07\xcc\xd4\xcb\xb7\xcb\xaf\xcb\xb9\xcb\xd5\
\xcb\x01\xcc<\xcc\x86\xcc\xdc\xcc?\xcd\xac\xcd$\xce\xa4\
\xce-\xcf\xbd\xcfS\xd0\xf0\xd0\x93\xd1:\xd2\xe7\xd2\x97\
\xd3L\xd4\x05\xd5\xc1\xd5\x82\xd6F\xd7\x0e\xd8\xdb\xd8\xab\
\xd9\x80\xdaZ\xdb9\xdc\x1d\xdd\x07\xde\xf7\xde\xed\xdf\xea\
\xe0\xef\xe1\xfb\xe2\x0f\xe4+\xe5P\xe6~\xe7\xb4\xe8\xf4\
\xe9>\xeb\x90\xec\xed\xedR\xef\xc1\xf0:\xf2\xbb\xf3E\
\xf5\xd7\xf6p\xf8\x11\xfa\xb9\xfbf\xfd\x19\xff\xcf\x00\x8a\
\x02G\x04\x05\x06\xc4\x07\x82\x09?\x0b\xf9\x0c\xae\x0e^\
\x10\x07\x12\xa8\x13@\x15\xcd\x16N\x18\xc2\x19'\x1b}\
\x1c\xc2\x1d\xf5\x1e\x15 !!\x17\x22\xf8\x22\xc2#t\
$\x0f%\x90%\xf9%G&}&\x98&\x99&\x81\
&O&\x03&\x9f%\x22%\x8e$\xe3#\x22#K\
\x22a!c T\x1f5\x1e\x07\x1d\xcb\x1b\x84\x1a2\
\x19\xd7\x17v\x16\x0f\x15\xa5\x139\x12\xcd\x10b\x0f\xfb\
\x0d\x99\x0c=\x0b\xea\x09\xa1\x08c\x073\x06\x10\x05\xfd\
\x03\xfa\x02\x0a\x02,\x01a\x00\xac\xff\x0b\xff\x7f\xfe\x09\
\xfe\xa9\xfd_\xfd+\xfd\x0d\xfd\x05\xfd\x12\xfd4\xfdi\
\xfd\xb2\xfd\x0d\xfey\xfe\xf4\xfe\x7f\xff\x15\x00\xb9\x00f\
\x01\x1d\x02\xda\x02\x9c\x03a\x04(\x05\xee\x05\xb2\x06r\
\x07+\x08\xdd\x08\x85\x09 \x0a\xaf\x0a.\x0b\x9c\x0b\xf8\
\x0b@\x0cr\x0c\x8e\x0c\x92\x0c}\x0cO\x0c\x05\x0c\xa1\
\x0b!\x0b\x85\x0a\xcc\x09\xf7\x08\x06\x08\xf9\x06\xd1\x05\x8d\
\x040\x03\xb9\x01*\x00\x85\xfe\xca\xfc\xfa\xfa\x18\xf9%\
\xf7$\xf5\x15\xf3\xfc\xf0\xda\xee\xb2\xec\x86\xeaX\xe8+\
\xe6\x02\xe4\xde\xe1\xc3\xdf\xb2\xdd\xaf\xdb\xbb\xd9\xda\xd7\x0e\
\xd6X\xd4\xbc\xd2<\xd1\xd8\xcf\x95\xcer\xcds\xcc\x99\
\xcb\xe4\xcaX\xca\xf3\xc9\xb8\xc9\xa8\xc9\xc3\xc9\x09\xca{\
\xca\x18\xcb\xe1\xcb\xd6\xcc\xf6\xcd@\xcf\xb3\xd0O\xd2\x12\
\xd4\xfa\xd5\x07\xd87\xda\x87\xdc\xf6\xde\x82\xe1(\xe4\xe6\
\xe6\xba\xe9\xa0\xec\x97\xef\x9c\xf2\xac\xf5\xc3\xf8\xe0\xfb\x00\
\xff\x1d\x029\x05N\x08[\x0b[\x0eN\x11/\x14\xfd\
\x16\xb4\x19T\x1c\xd8\x1e@!\x89#\xb2%\xb8'\x9b\
)Y+\xf0,`.\xa8/\xc70\xbc1\x882*\
3\xa23\xf13\x174\x144\xe93\x983 3\x84\
2\xc51\xe40\xe3/\xc3.\x87-1,\xc2*<\
)\xa2'\xf7%;$r\x22\x9e \xc1\x1e\xdd\x1c\xf5\
\x1a\x0c\x19\x22\x17;\x15Y\x13~\x11\xab\x0f\xe2\x0d&\
\x0cx\x0a\xd9\x08K\x07\xd0\x05h\x04\x14\x03\xd6\x01\xae\
\x00\x9e\xff\xa4\xfe\xc1\xfd\xf6\xfcC\xfc\xa7\xfb#\xfb\xb5\
\xfa^\xfa\x1d\xfa\xf0\xf9\xd8\xf9\xd2\xf9\xde\xf9\xfb\xf9'\
\xfaa\xfa\xa8\xfa\xf9\xfaT\xfb\xb6\xfb\x1f\xfc\x8b\xfc\xfb\
\xfcl\xfd\xdc\xfdJ\xfe\xb4\xfe\x19\xffv\xff\xcb\xff\x16\
\x00V\x00\x8a\x00\xb0\x00\xc7\x00\xcf\x00\xc6\x00\xac\x00\x80\
\x00B\x00\xf2\xff\x8e\xff\x17\xff\x8c\xfe\xef\xfd?\xfd|\
\xfc\xa7\xfb\xc1\xfa\xca\xf9\xc3\xf8\xad\xf7\x89\xf6Y\xf5\x1d\
\xf4\xd7\xf2\x88\xf11\xf0\xd5\xeet\xed\x10\xec\xab\xeaG\
\xe9\xe5\xe7\x86\xe6-\xe5\xdb\xe3\x93\xe2T\xe1!\xe0\xfc\
\xde\xe6\xdd\xe0\xdc\xec\xdb\x0b\xdb>\xda\x87\xd9\xe5\xd8[\
\xd8\xe9\xd7\x90\xd7P\xd7*\xd7\x1e\xd7,\xd7U\xd7\x99\
\xd7\xf7\xd7p\xd8\x03\xd9\xb0\xd9u\xdaT\xdbJ\xdcW\
\xdd{\xde\xb4\xdf\x01\xe1a\xe2\xd3\xe3V\xe5\xe8\xe6\x89\
\xe86\xea\xef\xeb\xb2\xed}\xefP\xf1)\xf3\x06\xf5\xe7\
\xf6\xc9\xf8\xab\xfa\x8d\xfcm\xfeI\x00!\x02\xf4\x03\xc1\
\x05\x86\x07C\x09\xf7\x0a\xa2\x0cB\x0e\xd7\x0fa\x11\xdf\
\x12Q\x14\xb6\x15\x10\x17\x5c\x18\x9c\x19\xcf\x1a\xf5\x1b\x10\
\x1d\x1e\x1e \x1f\x16 \x02!\xe2!\xb8\x22\x84#G\
$\x00%\xb1%Z&\xfb&\x94''(\xb4(:\
)\xbb)6*\xac*\x1d+\x88+\xef+R,\xaf\
,\x07-Z-\xa7-\xee-/.j.\x9d.\xc8\
.\xea.\x03/\x12/\x16/\x0e/\xf9.\xd6.\xa4\
.b.\x10.\xab-4-\xa8,\x07,P+\x82\
*\x9b)\x9c(\x82'N&\xff$\x93#\x0b\x22f\
 \xa3\x1e\xc2\x1c\xc4\x1a\xa8\x18n\x16\x17\x14\xa2\x11\x11\
\x0fd\x0c\x9c\x09\xb9\x06\xbe\x03\xab\x00\x82\xfdC\xfa\xf1\
\xf6\x8d\xf3\x1a\xf0\x9a\xec\x0e\xe9y\xe5\xdd\xe1>\xde\x9d\
\xda\xfd\xd6a\xd3\xcc\xcfA\xcc\xc2\xc8T\xc5\xf8\xc1\xb1\
\xbe\x84\xbbq\xb8~\xb5\xac\xb2\xff\xafx\xad\x1c\xab\xec\
\xa8\xeb\xa6\x1c\xa5\x80\xa3\x1a\xa2\xec\xa0\xf8\x9f?\x9f\xc2\
\x9e\x84\x9e\x84\x9e\xc5\x9eF\x9f\x08\xa0\x0c\xa1P\xa2\xd6\
\xa3\x9d\xa5\xa3\xa7\xe9\xa9l\xac,\xaf'\xb2[\xb5\xc7\
\xb8g\xbc;\xc0>\xc4n\xc8\xc9\xccK\xd1\xf2\xd5\xb8\
\xda\x9c\xdf\x99\xe4\xac\xe9\xd1\xee\x04\xf4A\xf9\x84\xfe\xc8\
\x03\x0b\x09H\x0e{\x13\xa1\x18\xb4\x1d\xb1\x22\x95'\x5c\
,\x021\x845\xde9\x0d>\x0fB\xe0E}I\xe5\
L\x14P\x09S\xc3U>XzZu\x5c0^\xa7\
_\xdc`\xcea}b\xe9b\x12c\xfab\xa0b\x06\
b-a\x16`\xc4^8]t[zYMW\xee\
TaR\xa8O\xc7L\xbfI\x94FIC\xe1?`\
<\xc88\x1c5`1\x97-\xc4)\xea%\x0d\x22.\
\x1eR\x1a{\x16\xac\x12\xe7\x0e/\x0b\x87\x07\xf1\x03n\
\x00\x03\xfd\xae\xf9s\xf6S\xf3P\xf0k\xed\xa5\xea\x00\
\xe8{\xe5\x18\xe3\xd8\xe0\xba\xde\xbe\xdc\xe6\xda1\xd9\x9e\
\xd7.\xd6\xdf\xd4\xb3\xd3\xa7\xd2\xbb\xd1\xee\xd0@\xd0\xaf\
\xcf:\xcf\xe0\xce\xa1\xcez\xcek\xcer\xce\x8e\xce\xbe\
\xce\x01\xcfT\xcf\xb8\xcf*\xd0\xaa\xd06\xd1\xcd\xd1n\
\xd2\x19\xd3\xcb\xd3\x85\xd4E\xd5\x0a\xd6\xd5\xd6\xa4\xd7v\
\xd8K\xd9#\xda\xfe\xda\xda\xdb\xb9\xdc\x99\xddz\xde]\
\xdfA\xe0'\xe1\x0f\xe2\xf8\xe2\xe4\xe3\xd1\xe4\xc1\xe5\xb4\
\xe6\xaa\xe7\xa3\xe8\xa0\xe9\xa1\xea\xa6\xeb\xaf\xec\xbe\xed\xd1\
\xee\xe9\xef\x07\xf1*\xf2S\xf3\x81\xf4\xb5\xf5\xef\xf6.\
\xf8r\xf9\xbc\xfa\x0a\xfc]\xfd\xb4\xfe\x0d\x00j\x01\xca\
\x02,\x04\x8f\x05\xf2\x06U\x08\xb6\x09\x15\x0br\x0c\xca\
\x0d\x1d\x0fj\x10\xb0\x11\xed\x12\x22\x14L\x15k\x16~\
\x17\x83\x18z\x19b\x1a:\x1b\x01\x1c\xb6\x1cX\x1d\xe8\
\x1dc\x1e\xca\x1e\x1d\x1fZ\x1f\x82\x1f\x94\x1f\x90\x1fw\
\x1fG\x1f\x03\x1f\xa9\x1e:\x1e\xb6\x1d\x1f\x1du\x1c\xb9\
\x1b\xeb\x1a\x0c\x1a\x1e\x19\x22\x18\x18\x17\x02\x16\xe2\x14\xb9\
\x13\x88\x12P\x11\x14\x10\xd4\x0e\x93\x0dQ\x0c\x11\x0b\xd4\
\x09\x9c\x08j\x07?\x06\x1e\x05\x07\x04\xfc\x02\xff\x01\x10\
\x011\x00c\xff\xa7\xfe\xfd\xfdf\xfd\xe4\xfcw\xfc\x1f\
\xfc\xdc\xfb\xaf\xfb\x98\xfb\x97\xfb\xac\xfb\xd6\xfb\x15\xfci\
\xfc\xd0\xfcK\xfd\xd7\xfdu\xfe\x22\xff\xde\xff\xa7\x00|\
\x01\x5c\x02E\x035\x04*\x05#\x06\x1e\x07\x19\x08\x12\
\x09\x07\x0a\xf6\x0a\xde\x0b\xbc\x0c\x8f\x0dU\x0e\x0c\x0f\xb2\
\x0fE\x10\xc5\x100\x11\x83\x11\xbf\x11\xe1\x11\xe9\x11\xd6\
\x11\xa7\x11[\x11\xf2\x10k\x10\xc6\x0f\x04\x0f#\x0e%\
\x0d\x09\x0c\xd1\x0a}\x09\x0e\x08\x84\x06\xe2\x04(\x03W\
\x01s\xff{\xfdr\xfbY\xf93\xf7\x02\xf5\xc8\xf2\x87\
\xf0B\xee\xfa\xeb\xb4\xe9p\xe72\xe5\xfb\xe2\xcf\xe0\xb0\
\xde\xa0\xdc\xa2\xda\xb8\xd8\xe4\xd6)\xd5\x88\xd3\x04\xd2\x9f\
\xd0[\xcf8\xce9\xcd`\xcc\xad\xcb!\xcb\xbe\xca\x84\
\xcat\xca\x8f\xca\xd4\xcaD\xcb\xde\xcb\xa3\xcc\x92\xcd\xab\
\xce\xec\xcfU\xd1\xe4\xd2\x99\xd4q\xd6l\xd8\x87\xda\xc1\
\xdc\x18\xdf\x89\xe1\x13\xe4\xb3\xe6g\xe9,\xec\xff\xee\xdf\
\xf1\xc8\xf4\xb9\xf7\xad\xfa\xa3\xfd\x97\x00\x88\x03r\x06T\
\x09*\x0c\xf2\x0e\xaa\x11O\x14\xdf\x16X\x19\xb9\x1b\xfe\
\x1d' 1\x22\x1c$\xe6%\x8e'\x13)t*\xb0\
+\xc7,\xb9-\x85.+/\xab/\x070=0O\
0>0\x0a0\xb4/>/\xa9.\xf5-&-<\
,9+\x1f*\xef(\xab'V&\xf1$\x7f#\x01\
\x22y \xe9\x1eT\x1d\xbb\x1b \x1a\x85\x18\xec\x16V\
\x15\xc6\x13=\x12\xbc\x10F\x0f\xda\x0d{\x0c)\x0b\xe6\
\x09\xb3\x08\x8f\x07|\x06{\x05\x8b\x04\xad\x03\xe2\x02(\
\x02\x80\x01\xea\x00f\x00\xf3\xff\x8f\xff;\xff\xf6\xfe\xbf\
\xfe\x94\xfev\xfec\xfeY\xfeX\xfe^\xfej\xfe{\
\xfe\x8e\xfe\xa4\xfe\xba\xfe\xd0\xfe\xe4\xfe\xf4\xfe\xff\xfe\x04\
\xff\x03\xff\xf9\xfe\xe6\xfe\xc9\xfe\xa1\xfel\xfe+\xfe\xdd\
\xfd\x81\xfd\x16\xfd\x9d\xfc\x15\xfc~\xfb\xd8\xfa#\xfa_\
\xf9\x8d\xf8\xad\xf7\xbf\xf6\xc5\xf5\xbf\xf4\xad\xf3\x91\xf2k\
\xf1=\xf0\x08\xef\xcd\xed\x8e\xecK\xeb\x06\xea\xc0\xe8|\
\xe7:\xe6\xfb\xe4\xc2\xe3\x90\xe2g\xe1G\xe02\xdf*\
\xde1\xddF\xdcl\xdb\xa5\xda\xf0\xd9O\xd9\xc3\xd8M\
\xd8\xee\xd7\xa7\xd7x\xd7a\xd7c\xd7\x7f\xd7\xb4\xd7\x03\
\xd8l\xd8\xee\xd8\x8a\xd9?\xda\x0c\xdb\xf2\xdb\xef\xdc\x02\
\xde,\xdfk\xe0\xbd\xe1#\xe3\x9b\xe4$\xe6\xbc\xe7c\
\xe9\x17\xeb\xd6\xec\xa0\xeer\xf0L\xf2,\xf4\x11\xf6\xf9\
\xf7\xe3\xf9\xcd\xfb\xb6\xfd\x9e\xff\x80\x01`\x039\x05\x0b\
\x07\xd6\x08\x97\x0aO\x0c\xfc\x0d\x9d\x0f2\x11\xba\x125\
\x14\xa2\x15\x01\x17R\x18\x93\x19\xc6\x1a\xea\x1b\xff\x1c\x05\
\x1e\xfc\x1e\xe5\x1f\xbf \x8c!K\x22\xfd\x22\xa2#;\
$\xc8$J%\xc2%/&\x93&\xee&A'\x8b\
'\xcf'\x0b(A(q(\x9b(\xc0(\xe0(\xfc\
(\x12)$)2);)@)?):)0\
) )\x0a)\xee(\xca(\x9f(l(0(\xea\
'\x9a'>'\xd6&b&\xdf%N%\xad$\xfb\
#8#c\x22z!~ l\x1fF\x1e\x09\x1d\xb5\
\x1bK\x1a\xc8\x18.\x17{\x15\xb0\x13\xcd\x11\xd1\x0f\xbd\
\x0d\x91\x0bM\x09\xf2\x06\x81\x04\xfa\x01_\xff\xaf\xfc\xed\
\xf9\x1a\xf77\xf4E\xf1G\xee>\xeb,\xe8\x13\xe5\xf5\
\xe1\xd4\xde\xb3\xdb\x93\xd8x\xd5c\xd2X\xcfY\xcch\
\xc9\x88\xc6\xbb\xc3\x05\xc1h\xbe\xe7\xbb\x84\xb9A\xb7\x22\
\xb5'\xb3U\xb1\xad\xaf1\xae\xe3\xac\xc5\xab\xd8\xaa\x1f\
\xaa\x9b\xa9M\xa96\xa9W\xa9\xb1\xa9D\xaa\x11\xab\x18\
\xacY\xad\xd4\xae\x89\xb0v\xb2\x9b\xb4\xf6\xb6\x88\xb9M\
\xbcE\xbfn\xc2\xc6\xc5J\xc9\xf9\xcc\xcf\xd0\xca\xd4\xe7\
\xd8$\xdd}\xe1\xee\xe5v\xea\x10\xef\xb9\xf3m\xf8(\
\xfd\xe7\x01\xa8\x06e\x0b\x1c\x10\xc8\x14f\x19\xf3\x1dk\
\x22\xca&\x0d+2/43\x117\xc6:P>\xae\
A\xdbD\xd6G\x9dJ/M\x89O\xaaQ\x90S;\
U\xaaV\xdcW\xd1X\x88Y\x01Z=Z<Z\xff\
Y\x87Y\xd3X\xe7W\xc2VhU\xd8S\x16R#\
P\x02N\xb5K=I\x9fF\xdbC\xf6@\xf2=\xd2\
:\x987H4\xe40p-\xef)c&\xcf\x227\
\x1f\x9d\x1b\x04\x18o\x14\xe0\x10Z\x0d\xdf\x09r\x06\x16\
\x03\xcd\xff\x96\xfcv\xf9n\xf6\x80\xf3\xac\xf0\xf5\xed\x5c\
\xeb\xe1\xe8\x86\xe6J\xe40\xe27\xe0`\xde\xaa\xdc\x17\
\xdb\xa5\xd9U\xd8&\xd7\x18\xd6*\xd5\x5c\xd4\xad\xd3\x1b\
\xd3\xa7\xd2O\xd2\x12\xd2\xef\xd1\xe5\xd1\xf2\xd1\x15\xd2N\
\xd2\x9a\xd2\xf9\xd2i\xd3\xe9\xd3w\xd4\x13\xd5\xbb\xd5n\
\xd6+\xd7\xf1\xd7\xbe\xd8\x92\xd9k\xdaI\xdb+\xdc\x11\
\xdd\xf9\xdd\xe2\xde\xcd\xdf\xb9\xe0\xa5\xe1\x90\xe2|\xe3g\
\xe4Q\xe5:\xe6#\xe7\x0a\xe8\xf1\xe8\xd7\xe9\xbc\xea\xa0\
\xeb\x84\xech\xedL\xee1\xef\x16\xf0\xfc\xf0\xe3\xf1\xcc\
\xf2\xb6\xf3\xa3\xf4\x91\xf5\x82\xf6u\xf7k\xf8d\xf9`\
\xfa^\xfb`\xfcd\xfdj\xfes\xff~\x00\x8b\x01\x9a\
\x02\xaa\x03\xbb\x04\xcc\x05\xdd\x06\xed\x07\xfc\x08\x09\x0a\x13\
\x0b\x19\x0c\x1c\x0d\x19\x0e\x10\x0f\x01\x10\xeb\x10\xcc\x11\xa4\
\x12r\x135\x14\xed\x14\x99\x157\x16\xc8\x16J\x17\xbd\
\x17!\x18t\x18\xb7\x18\xe8\x18\x09\x19\x17\x19\x14\x19\x00\
\x19\xd9\x18\xa0\x18V\x18\xfa\x17\x8d\x17\x0f\x17\x82\x16\xe4\
\x158\x15}\x14\xb5\x13\xe0\x12\xff\x11\x15\x11 \x10$\
\x0f \x0e\x17\x0d\x09\x0c\xf8\x0a\xe5\x09\xd2\x08\xc0\x07\xb0\
\x06\xa4\x05\x9d\x04\x9d\x03\xa5\x02\xb6\x01\xd2\x00\xfb\xff0\
\xffs\xfe\xc6\xfd)\xfd\x9d\xfc#\xfc\xbb\xfbg\xfb(\
\xfb\xfc\xfa\xe5\xfa\xe3\xfa\xf6\xfa\x1e\xfb[\xfb\xac\xfb\x11\
\xfc\x8a\xfc\x16\xfd\xb5\xfdd\xfe%\xff\xf4\xff\xd1\x00\xbc\
\x01\xb2\x02\xb3\x03\xbc\x04\xcd\x05\xe2\x06\xfc\x07\x17\x092\
\x0aL\x0bb\x0cs\x0d|\x0e}\x0fr\x10[\x115\
\x12\xfe\x12\xb6\x13Z\x14\xe9\x14b\x15\xc3\x15\x0a\x167\
\x16I\x16?\x16\x18\x16\xd3\x15p\x15\xee\x14M\x14\x8e\
\x13\xb0\x12\xb3\x11\x98\x10`\x0f\x0a\x0e\x98\x0c\x0b\x0bd\
\x09\xa4\x07\xcc\x05\xdf\x03\xdd\x01\xca\xff\xa5\xfdq\xfb1\
\xf9\xe6\xf6\x92\xf49\xf2\xdc\xef~\xed!\xeb\xc7\xe8t\
\xe6)\xe4\xe8\xe1\xb6\xdf\x92\xdd\x81\xdb\x85\xd9\x9f\xd7\xd2\
\xd5\x1f\xd4\x89\xd2\x12\xd1\xbc\xcf\x87\xcev\xcd\x8a\xcc\xc3\
\xcb$\xcb\xad\xca_\xca:\xca@\xcao\xca\xc8\xcaK\
\xcb\xf9\xcb\xcf\xcc\xce\xcd\xf6\xceD\xd0\xb9\xd1S\xd3\x0f\
\xd5\xee\xd6\xed\xd8\x0b\xdbE\xdd\x9a\xdf\x08\xe2\x8c\xe4#\
\xe7\xcd\xe9\x86\xecL\xef\x1c\xf2\xf4\xf4\xd1\xf7\xb1\xfa\x91\
\xfdn\x00H\x03\x1a\x06\xe2\x08\x9f\x0bM\x0e\xeb\x10v\
\x13\xed\x15N\x18\x96\x1a\xc5\x1c\xd8\x1e\xce \xa6\x22_\
$\xf8%p'\xc6(\xfa)\x0b+\xf9+\xc5,m\
-\xf2-U.\x97.\xb6.\xb6.\x95.V.\xf9\
-\x7f-\xeb,=,v+\x98*\xa6)\x9f(\x87\
'_&(%\xe4#\x96\x22>!\xdf\x1fz\x1e\x11\
\x1d\xa6\x1b:\x1a\xcf\x18f\x17\x01\x16\xa0\x14F\x13\xf4\
\x11\xaa\x10i\x0f3\x0e\x08\x0d\xe9\x0b\xd6\x0a\xd0\x09\xd7\
\x08\xec\x07\x0e\x07>\x06{\x05\xc6\x04\x1e\x04\x82\x03\xf3\
\x02o\x02\xf7\x01\x88\x01$\x01\xc8\x00t\x00'\x00\xe1\
\xff\x9f\xffa\xff&\xff\xec\xfe\xb3\xfe{\xfe@\xfe\x04\
\xfe\xc4\xfd\x7f\xfd6\xfd\xe6\xfc\x90\xfc2\xfc\xcb\xfb\x5c\
\xfb\xe3\xfa`\xfa\xd2\xf9:\xf9\x98\xf8\xea\xf71\xf7n\
\xf6\x9f\xf5\xc7\xf4\xe4\xf3\xf7\xf2\x01\xf2\x03\xf1\xfd\xef\xf0\
\xee\xdd\xed\xc4\xec\xa8\xeb\x88\xeaf\xe9C\xe8 \xe7\xff\
\xe5\xe1\xe4\xc7\xe3\xb2\xe2\xa4\xe1\x9e\xe0\xa1\xdf\xaf\xde\xc8\
\xdd\xef\xdc%\xdci\xdb\xbf\xda&\xda\x9f\xd9-\xd9\xcf\
\xd8\x86\xd8S\xd87\xd81\xd8D\xd8n\xd8\xb1\xd8\x0c\
\xd9\x7f\xd9\x0a\xda\xae\xdai\xdb<\xdc&\xdd'\xde>\
\xdfj\xe0\xaa\xe1\xfe\xe2e\xe4\xdd\xe5e\xe7\xfd\xe8\xa3\
\xeaV\xec\x14\xee\xdd\xef\xae\xf1\x87\xf3f\xf5I\xf70\
\xf9\x19\xfb\x02\xfd\xea\xfe\xcf\x00\xb2\x02\x8f\x04g\x067\
\x08\xff\x09\xbd\x0bq\x0d\x19\x0f\xb6\x10E\x12\xc6\x139\
\x15\x9c\x16\xf1\x175\x19i\x1a\x8d\x1b\xa0\x1c\xa2\x1d\x93\
\x1et\x1fE \x05!\xb5!U\x22\xe6\x22h#\xdb\
#A$\x99$\xe5$%%Y%\x82%\xa2%\xb7\
%\xc4%\xc9%\xc6%\xbd%\xad%\x97%{%[\
%7%\x0e%\xe2$\xb2$\x7f$I$\x10$\xd4\
#\x95#R#\x0c#\xc3\x22u\x22$\x22\xcd!q\
!\x10!\xa8 : \xc3\x1fE\x1f\xbd\x1e,\x1e\x8f\
\x1d\xe8\x1c5\x1ct\x1b\xa6\x1a\xc9\x19\xde\x18\xe2\x17\xd6\
\x16\xb9\x15\x89\x14H\x13\xf4\x11\x8d\x10\x12\x0f\x84\x0d\xe2\
\x0b-\x0ac\x08\x86\x06\x96\x04\x93\x02}\x00V\xfe\x1e\
\xfc\xd5\xf9|\xf7\x16\xf5\xa2\xf2\x22\xf0\x97\xed\x04\xebi\
\xe8\xc8\xe5#\xe3|\xe0\xd5\xdd0\xdb\x8e\xd8\xf3\xd5`\
\xd3\xd7\xd0Z\xce\xed\xcb\x91\xc9H\xc7\x15\xc5\xfb\xc2\xfa\
\xc0\x16\xbfQ\xbd\xad\xbb+\xba\xcf\xb8\x99\xb7\x8b\xb6\xa7\
\xb5\xef\xb4d\xb4\x07\xb4\xda\xb3\xdd\xb3\x12\xb4x\xb4\x11\
\xb5\xdc\xb5\xda\xb6\x0c\xb8p\xb9\x06\xbb\xce\xbc\xc8\xbe\xf1\
\xc0J\xc3\xd0\xc5\x82\xc8`\xcbf\xce\x93\xd1\xe5\xd4Y\
\xd8\xee\xdb\xa0\xdfn\xe3S\xe7N\xeb\x5c\xefy\xf3\xa3\
\xf7\xd5\xfb\x0d\x00H\x04\x83\x08\xba\x0c\xea\x10\x0f\x15'\
\x19/\x1d\x22!\xff$\xc2(h,\xee/R3\x91\
6\xa99\x98<[?\xf0AUD\x8aF\x8bHY\
J\xf2KUM\x81NuO2P\xb8P\x05Q\x1b\
Q\xfaP\xa3P\x16PTO_N7M\xdfKW\
J\xa2H\xc2F\xb8D\x87B1@\xb8=\x1f;h\
8\x965\xac2\xac/\x99,u)D&\x08#\xc4\
\x1f{\x1c/\x19\xe3\x15\x99\x12U\x0f\x18\x0c\xe5\x08\xbe\
\x05\xa5\x02\x9d\xff\xa7\xfc\xc6\xf9\xfa\xf6E\xf4\xa9\xf1(\
\xef\xc3\xecy\xeaN\xe8@\xe6R\xe4\x83\xe2\xd4\xe0E\
\xdf\xd6\xdd\x88\xdcY\xdbK\xda[\xd9\x8b\xd8\xd9\xd7E\
\xd7\xce\xd6r\xd62\xd6\x0c\xd6\x00\xd6\x0b\xd6-\xd6e\
\xd6\xb1\xd6\x10\xd7\x81\xd7\x03\xd8\x94\xd84\xd9\xe0\xd9\x97\
\xdaY\xdb$\xdc\xf7\xdc\xd1\xdd\xb1\xde\x95\xdf~\xe0i\
\xe1V\xe2E\xe34\xe4#\xe5\x12\xe6\xff\xe6\xeb\xe7\xd4\
\xe8\xbc\xe9\xa0\xea\x82\xeba\xec<\xed\x15\xee\xea\xee\xbd\
\xef\x8c\xf0Y\xf1#\xf2\xeb\xf2\xb0\xf3t\xf46\xf5\xf7\
\xf5\xb6\xf6u\xf73\xf8\xf1\xf8\xaf\xf9m\xfa+\xfb\xea\
\xfb\xaa\xfck\xfd-\xfe\xf1\xfe\xb5\xffy\x00@\x01\x07\
\x02\xcf\x02\x98\x03a\x04*\x05\xf3\x05\xbb\x06\x82\x07H\
\x08\x0c\x09\xcd\x09\x8b\x0aE\x0b\xfc\x0b\xad\x0cY\x0d\xfe\
\x0d\x9d\x0e4\x0f\xc4\x0fJ\x10\xc7\x10:\x11\xa2\x11\xff\
\x11P\x12\x96\x12\xce\x12\xf9\x12\x17\x13(\x13*\x13\x1e\
\x13\x04\x13\xdc\x12\xa5\x12`\x12\x0d\x12\xad\x11>\x11\xc3\
\x10<\x10\xa8\x0f\x09\x0f_\x0e\xab\x0d\xee\x0c(\x0c[\
\x0b\x88\x0a\xb0\x09\xd3\x08\xf3\x07\x11\x07.\x06L\x05k\
\x04\x8d\x03\xb3\x02\xdf\x01\x11\x01K\x00\x8f\xff\xdc\xfe5\
\xfe\x99\xfd\x0b\xfd\x8c\xfc\x1b\xfc\xbb\xfbk\xfb-\xfb\x01\
\xfb\xe7\xfa\xe0\xfa\xed\xfa\x0d\xfb@\xfb\x87\xfb\xe1\xfbO\
\xfc\xcf\xfca\xfd\x05\xfe\xba\xfe\x80\xffT\x007\x01(\
\x02%\x03,\x04>\x05W\x06w\x07\x9d\x08\xc5\x09\xf0\
\x0a\x1a\x0cC\x0di\x0e\x89\x0f\xa3\x10\xb4\x11\xba\x12\xb4\
\x13\x9f\x14|\x15F\x16\xfe\x16\xa1\x17/\x18\xa5\x18\x03\
\x19F\x19o\x19}\x19m\x19@\x19\xf5\x18\x8c\x18\x04\
\x18]\x17\x96\x16\xb1\x15\xad\x14\x8b\x13J\x12\xed\x10s\
\x0f\xde\x0d/\x0cf\x0a\x86\x08\x8f\x06\x84\x04e\x026\
\x00\xf8\xfd\xac\xfbU\xf9\xf5\xf6\x8e\xf4#\xf2\xb5\xefH\
\xed\xdd\xeaw\xe8\x19\xe6\xc4\xe3|\xe1B\xdf\x19\xdd\x03\
\xdb\x03\xd9\x1a\xd7J\xd5\x96\xd3\x00\xd2\x88\xd01\xcf\xfd\
\xcd\xec\xcc\x00\xcc;\xcb\x9c\xca%\xca\xd7\xc9\xb2\xc9\xb6\
\xc9\xe4\xc9<\xca\xbd\xcag\xcb;\xcc6\xcdX\xce\xa1\
\xcf\x10\xd1\xa3\xd2X\xd4/\xd6%\xd89\xdaj\xdc\xb4\
\xde\x17\xe1\x90\xe3\x1d\xe6\xbb\xe8h\xeb#\xee\xe7\xf0\xb4\
\xf3\x87\xf6]\xf93\xfc\x08\xff\xd8\x01\xa3\x04e\x07\x1c\
\x0a\xc6\x0ca\x0f\xea\x11a\x14\xc3\x16\x0e\x19A\x1bZ\
\x1dY\x1f;!\xff\x22\xa5$,&\x93'\xda(\x00\
*\x05+\xe8+\xaa,K-\xcb-+.j.\x8a\
.\x8c.o.6.\xe1-r-\xe9,H,\x90\
+\xc3*\xe2)\xee(\xea'\xd6&\xb5%\x87$O\
#\x0e\x22\xc5 v\x1f#\x1e\xcd\x1cu\x1b\x1d\x1a\xc5\
\x18p\x17\x1f\x16\xd1\x14\x89\x13H\x12\x0d\x11\xdb\x0f\xb0\
\x0e\x8f\x0dw\x0ci\x0bf\x0al\x09}\x08\x98\x07\xbd\
\x06\xed\x05&\x05i\x04\xb4\x03\x09\x03e\x02\xc9\x014\
\x01\xa5\x00\x1b\x00\x97\xff\x16\xff\x98\xfe\x1d\xfe\xa3\xfd)\
\xfd\xb0\xfc6\xfc\xba\xfb;\xfb\xba\xfa5\xfa\xab\xf9\x1d\
\xf9\x89\xf8\xef\xf7O\xf7\xa9\xf6\xfb\xf5G\xf5\x8b\xf4\xc8\
\xf3\xfe\xf2-\xf2U\xf1w\xf0\x93\xef\xa9\xee\xb9\xed\xc6\
\xec\xce\xeb\xd3\xea\xd5\xe9\xd6\xe8\xd6\xe7\xd7\xe6\xd9\xe5\xdc\
\xe4\xe4\xe3\xef\xe2\x00\xe2\x18\xe18\xe0`\xdf\x92\xde\xd0\
\xdd\x19\xddp\xdc\xd5\xdbJ\xdb\xcf\xdae\xda\x0d\xda\xc8\
\xd9\x97\xd9z\xd9q\xd9\x7f\xd9\xa1\xd9\xdb\xd9*\xda\x90\
\xda\x0d\xdb\xa0\xdbJ\xdc\x0b\xdd\xe1\xdd\xce\xde\xcf\xdf\xe5\
\xe0\x10\xe2N\xe3\x9e\xe4\x00\xe6s\xe7\xf6\xe8\x87\xea&\
\xec\xd2\xed\x88\xefI\xf1\x12\xf3\xe2\xf4\xb8\xf6\x93\xf8q\
\xfaQ\xfc1\xfe\x10\x00\xed\x01\xc6\x03\x9b\x05i\x070\
\x09\xee\x0a\xa3\x0cM\x0e\xeb\x0f}\x11\x01\x13w\x14\xdd\
\x154\x17{\x18\xb1\x19\xd5\x1a\xe8\x1b\xea\x1c\xd9\x1d\xb6\
\x1e\x82\x1f; \xe3 y!\xfd!q\x22\xd4\x22'\
#k#\xa0#\xc6#\xde#\xea#\xe9#\xdd#\xc5\
#\xa4#y#F#\x0b#\xc9\x22\x80\x222\x22\xdf\
!\x87!+!\xcc k \x07 \xa1\x1f9\x1f\xd1\
\x1ef\x1e\xfb\x1d\x8f\x1d#\x1d\xb5\x1cF\x1c\xd6\x1bd\
\x1b\xf1\x1a{\x1a\x03\x1a\x88\x19\x0a\x19\x87\x18\x00\x18t\
\x17\xe1\x16I\x16\xa8\x15\x00\x15O\x14\x95\x13\xd0\x12\x01\
\x12&\x11?\x10K\x0fI\x0e:\x0d\x1c\x0c\xf0\x0a\xb4\
\x09i\x08\x0e\x07\xa3\x05)\x04\x9e\x02\x04\x01[\xff\xa2\
\xfd\xda\xfb\x04\xfa \xf8/\xf62\xf4*\xf2\x17\xf0\xfc\
\xed\xd8\xeb\xae\xe9~\xe7K\xe5\x16\xe3\xe0\xe0\xab\xdez\
\xdcM\xda&\xd8\x08\xd6\xf5\xd3\xee\xd1\xf5\xcf\x0d\xce7\
\xccu\xca\xca\xc87\xc7\xbf\xc5b\xc4#\xc3\x04\xc2\x05\
\xc1*\xc0s\xbf\xe1\xbev\xbe3\xbe\x19\xbe)\xbed\
\xbe\xca\xbe\x5c\xbf\x1a\xc0\x04\xc1\x1a\xc2]\xc3\xcb\xc4e\
\xc6*\xc8\x18\xca/\xcco\xce\xd4\xd0_\xd3\x0e\xd6\xdf\
\xd8\xcf\xdb\xde\xde\x08\xe2M\xe5\xa9\xe8\x19\xec\x9d\xef0\
\xf3\xd0\xf6z\xfa-\xfe\xe2\x01\x9b\x05S\x09\x07\x0d\xb4\
\x10W\x14\xee\x17u\x1b\xea\x1eJ\x22\x93%\xc1(\xd3\
+\xc6.\x971E4\xce6/9g;t=U\
?\x08A\x8dB\xe2C\x07E\xfbE\xbdFNG\xac\
G\xd9G\xd4G\x9eG7G\xa1F\xdcE\xe9D\xc9\
C~B\x09Am?\xa9=\xc2;\xb89\x8d7E\
5\xe02a0\xcc-!+d(\x97%\xbc\x22\xd7\
\x1f\xe9\x1c\xf5\x19\xfe\x16\x06\x14\x0f\x11\x1c\x0e.\x0bI\
\x08n\x05\xa0\x02\xe1\xff1\xfd\x94\xfa\x0a\xf8\x95\xf56\
\xf3\xf0\xf0\xc3\xee\xaf\xec\xb7\xea\xdb\xe8\x1c\xe7y\xe5\xf4\
\xe3\x8d\xe2D\xe1\x19\xe0\x0b\xdf\x1c\xdeJ\xdd\x95\xdc\xfd\
\xdb\x80\xdb\x1f\xdb\xd8\xda\xab\xda\x97\xda\x9a\xda\xb4\xda\xe4\
\xda(\xdb\x7f\xdb\xe8\xdbb\xdc\xec\xdc\x84\xdd*\xde\xdb\
\xde\x96\xdf\x5c\xe0)\xe1\xfd\xe1\xd8\xe2\xb7\xe3\x9a\xe4\x80\
\xe5h\xe6Q\xe7:\xe8#\xe9\x0a\xea\xef\xea\xd2\xeb\xb2\
\xec\x8f\xedg\xee<\xef\x0c\xf0\xd7\xf0\x9e\xf1`\xf2\x1d\
\xf3\xd6\xf3\x89\xf48\xf5\xe3\xf5\x89\xf6+\xf7\xca\xf7e\
\xf8\xfc\xf8\x91\xf9#\xfa\xb3\xfaA\xfb\xcd\xfbW\xfc\xe1\
\xfcj\xfd\xf2\xfdz\xfe\x03\xff\x8b\xff\x12\x00\x9b\x00$\
\x01\xae\x018\x02\xc2\x02M\x03\xd8\x03d\x04\xef\x04y\
\x05\x04\x06\x8d\x06\x15\x07\x9b\x07\x1f\x08\xa0\x08\x1f\x09\x99\
\x09\x10\x0a\x83\x0a\xf0\x0aX\x0b\xba\x0b\x15\x0ci\x0c\xb5\
\x0c\xfa\x0c5\x0dh\x0d\x91\x0d\xb1\x0d\xc6\x0d\xd1\x0d\xd2\
\x0d\xc7\x0d\xb2\x0d\x92\x0df\x0d0\x0d\xee\x0c\xa2\x0cK\
\x0c\xea\x0b\x7f\x0b\x0b\x0b\x8d\x0a\x07\x0ay\x09\xe4\x08H\
\x08\xa6\x07\xff\x06U\x06\xa7\x05\xf7\x04E\x04\x93\x03\xe2\
\x023\x02\x87\x01\xde\x00;\x00\x9f\xff\x09\xff{\xfe\xf6\
\xfd{\xfd\x0c\xfd\xa8\xfcQ\xfc\x08\xfc\xce\xfb\xa2\xfb\x86\
\xfb{\xfb\x80\xfb\x96\xfb\xbd\xfb\xf6\xfb@\xfc\x9c\xfc\x0a\
\xfd\x89\xfd\x19\xfe\xb9\xfej\xff)\x00\xf8\x00\xd5\x01\xbf\
\x02\xb5\x03\xb7\x04\xc2\x05\xd6\x06\xf2\x07\x13\x09:\x0ac\
\x0b\x8e\x0c\xb9\x0d\xe2\x0e\x08\x10)\x11D\x12V\x13^\
\x14Z\x15J\x16*\x17\xfa\x17\xb7\x18a\x19\xf7\x19u\
\x1a\xdd\x1a+\x1b`\x1bz\x1bx\x1bY\x1b\x1e\x1b\xc5\
\x1aM\x1a\xb7\x19\x03\x190\x18?\x17/\x16\x02\x15\xb7\
\x13P\x12\xcd\x10/\x0fw\x0d\xa7\x0b\xbf\x09\xc2\x07\xb0\
\x05\x8c\x03W\x01\x13\xff\xc2\xfcf\xfa\x01\xf8\x95\xf5$\
\xf3\xb2\xf0?\xee\xce\xebc\xe9\xfe\xe6\xa2\xe4R\xe2\x10\
\xe0\xde\xdd\xbf\xdb\xb4\xd9\xc0\xd7\xe4\xd5#\xd4~\xd2\xf8\
\xd0\x91\xcfL\xce)\xcd*\xccQ\xcb\x9d\xca\x11\xca\xac\
\xc9p\xc9\x5c\xc9r\xc9\xb0\xc9\x17\xca\xa7\xca_\xcb@\
\xccG\xcdu\xce\xc8\xcf@\xd1\xda\xd2\x97\xd4s\xd6n\
\xd8\x86\xda\xb9\xdc\x06\xdfi\xe1\xe1\xe3m\xe6\x09\xe9\xb4\
\xebj\xee+\xf1\xf3\xf3\xc1\xf6\x91\xf9b\xfc1\xff\xfb\
\x01\xc0\x04|\x07-\x0a\xd2\x0ch\x0f\xed\x11`\x14\xbe\
\x16\x07\x198\x1bP\x1dN\x1f1!\xf7\x22\xa0$+\
&\x97'\xe4(\x11*\x1d+\x0a,\xd6,\x82-\x0e\
.z.\xc7.\xf6.\x06/\xfa.\xd1.\x8c.-\
.\xb5-%-~,\xc2+\xf1*\x0d*\x18)\x13\
(\xff&\xde%\xb2${#;\x22\xf4 \xa6\x1fT\
\x1e\xff\x1c\xa7\x1bO\x1a\xf6\x18\x9f\x17I\x16\xf7\x14\xa9\
\x13`\x12\x1c\x11\xdf\x0f\xa8\x0ex\x0dO\x0c/\x0b\x17\
\x0a\x06\x09\xff\x07\xff\x06\x07\x06\x18\x051\x04Q\x03x\
\x02\xa6\x01\xdb\x00\x16\x00W\xff\x9c\xfe\xe6\xfd3\xfd\x84\
\xfc\xd7\xfb-\xfb\x83\xfa\xdb\xf93\xf9\x8b\xf8\xe1\xf77\
\xf7\x8b\xf6\xdc\xf5+\xf5x\xf4\xc1\xf3\x06\xf3H\xf2\x87\
\xf1\xc1\xf0\xf8\xef,\xef\x5c\xee\x89\xed\xb2\xec\xda\xeb\xfe\
\xea\x22\xeaD\xe9e\xe8\x86\xe7\xa9\xe6\xcc\xe5\xf2\xe4\x1b\
\xe4G\xe3y\xe2\xb0\xe1\xed\xe02\xe0\x80\xdf\xd7\xde9\
\xde\xa5\xdd\x1e\xdd\xa4\xdc9\xdc\xdc\xdb\x8e\xdbQ\xdb%\
\xdb\x0c\xdb\x04\xdb\x0f\xdb.\xdba\xdb\xa8\xdb\x04\xdct\
\xdc\xf9\xdc\x92\xddA\xde\x04\xdf\xdb\xdf\xc7\xe0\xc6\xe1\xd9\
\xe2\xfe\xe35\xe5~\xe6\xd7\xe7@\xe9\xb8\xea>\xec\xd0\
\xedo\xef\x17\xf1\xca\xf2\x84\xf4F\xf6\x0d\xf8\xd8\xf9\xa7\
\xfbw\xfdG\xff\x16\x01\xe4\x02\xad\x04s\x062\x08\xe9\
\x09\x99\x0b>\x0d\xd9\x0eh\x10\xeb\x11`\x13\xc6\x14\x1d\
\x16d\x17\x9b\x18\xc0\x19\xd4\x1a\xd6\x1b\xc5\x1c\xa2\x1dl\
\x1e$\x1f\xc8\x1fZ \xd9 F!\xa1!\xea!\x22\
\x22I\x22`\x22g\x22`\x22J\x22'\x22\xf7!\xbb\
!s!\x22!\xc7 d \xf8\x1f\x86\x1f\x0e\x1f\x90\
\x1e\x0e\x1e\x88\x1d\xff\x1cs\x1c\xe6\x1bX\x1b\xc8\x1a9\
\x1a\xaa\x19\x1c\x19\x8f\x18\x02\x18x\x17\xee\x16g\x16\xe0\
\x15\x5c\x15\xd8\x14V\x14\xd5\x13T\x13\xd3\x12R\x12\xd1\
\x11N\x11\xc9\x10B\x10\xb8\x0f*\x0f\x98\x0e\x01\x0ed\
\x0d\xc1\x0c\x16\x0cd\x0b\xa9\x0a\xe6\x09\x18\x09A\x08^\
\x07q\x06w\x05r\x04`\x03A\x02\x16\x01\xdf\xff\x99\
\xfeG\xfd\xe8\xfb}\xfa\x05\xf9\x81\xf7\xf3\xf5Y\xf4\xb6\
\xf2\x09\xf1T\xef\x98\xed\xd5\xeb\x0d\xeaA\xe8r\xe6\xa2\
\xe4\xd2\xe2\x04\xe18\xdfr\xdd\xb1\xdb\xf9\xd9J\xd8\xa7\
\xd6\x10\xd5\x89\xd3\x12\xd2\xad\xd0]\xcf\x22\xce\xfe\xcc\xf3\
\xcb\x02\xcb.\xcav\xc9\xde\xc8e\xc8\x0d\xc8\xd7\xc7\xc4\
\xc7\xd5\xc7\x0a\xc8e\xc8\xe5\xc8\x8b\xc9W\xcaJ\xcbb\
\xcc\xa0\xcd\x04\xcf\x8d\xd0:\xd2\x0a\xd4\xfe\xd5\x13\xd8H\
\xda\x9c\xdc\x0e\xdf\x9b\xe1C\xe4\x03\xe7\xda\xe9\xc5\xec\xc2\
\xef\xcf\xf2\xeb\xf5\x11\xf9A\xfcw\xff\xb0\x02\xec\x05'\
\x09^\x0c\x8f\x0f\xb8\x12\xd5\x15\xe5\x18\xe4\x1b\xd1\x1e\xa8\
!i$\x10'\x9c)\x0a,Y.\x870\x912x\
486\xd17B9\x8a:\xa7;\x9a<a=\xfd\
=l>\xaf>\xc7>\xb3>s>\x08>t=\xb6\
<\xd0;\xc3:\x8f988\xbd6!5e3\x8b\
1\x94/\x84-\x5c+\x1e)\xcb&g$\xf4!t\
\x1f\xe8\x1cT\x1a\xb9\x17\x1a\x15z\x12\xd9\x0f;\x0d\xa1\
\x0a\x0e\x08\x83\x05\x03\x03\x8f\x00*\xfe\xd3\xfb\x8e\xf9[\
\xf7=\xf53\xf3@\xf1e\xef\xa2\xed\xf8\xebh\xea\xf2\
\xe8\x97\xe7W\xe63\xe5*\xe4<\xe3i\xe2\xb2\xe1\x15\
\xe1\x93\xe0*\xe0\xdb\xdf\xa3\xdf\x84\xdf{\xdf\x88\xdf\xaa\
\xdf\xe0\xdf)\xe0\x83\xe0\xee\xe0i\xe1\xf2\xe1\x88\xe2*\
\xe3\xd6\xe3\x8c\xe4J\xe5\x10\xe6\xdb\xe6\xac\xe7\x80\xe8X\
\xe91\xea\x0b\xeb\xe5\xeb\xbe\xec\x96\xedl\xee>\xef\x0d\
\xf0\xd9\xf0\x9f\xf1a\xf2\x1d\xf3\xd4\xf3\x85\xf41\xf5\xd6\
\xf5u\xf6\x0e\xf7\xa1\xf7/\xf8\xb6\xf88\xf9\xb5\xf9,\
\xfa\x9f\xfa\x0e\xfbx\xfb\xde\xfbA\xfc\xa1\xfc\xfe\xfcY\
\xfd\xb2\xfd\x09\xfe_\xfe\xb4\xfe\x08\xff\x5c\xff\xb0\xff\x03\
\x00W\x00\xac\x00\x01\x01W\x01\xae\x01\x05\x02]\x02\xb6\
\x02\x10\x03i\x03\xc3\x03\x1d\x04w\x04\xd1\x04)\x05\x81\
\x05\xd7\x05+\x06}\x06\xcc\x06\x18\x07a\x07\xa5\x07\xe6\
\x07!\x08W\x08\x88\x08\xb2\x08\xd7\x08\xf4\x08\x0a\x09\x19\
\x09 \x09 \x09\x17\x09\x06\x09\xed\x08\xcb\x08\xa2\x08p\
\x086\x08\xf3\x07\xaa\x07Y\x07\x00\x07\xa1\x06<\x06\xd1\
\x05a\x05\xec\x04s\x04\xf7\x03x\x03\xf8\x02v\x02\xf4\
\x01s\x01\xf4\x00w\x00\xff\xff\x89\xff\x19\xff\xaf\xfeL\
\xfe\xf1\xfd\x9f\xfdV\xfd\x17\xfd\xe4\xfc\xbc\xfc\xa1\xfc\x93\
\xfc\x92\xfc\xa0\xfc\xbc\xfc\xe6\xfc \xfdj\xfd\xc3\xfd+\
\xfe\xa2\xfe)\xff\xbf\xffb\x00\x15\x01\xd6\x01\xa3\x02}\
\x03c\x04T\x05N\x06Q\x07\x5c\x08n\x09\x85\x0a\xa0\
\x0b\xbe\x0c\xdd\x0d\xfc\x0e\x19\x103\x11I\x12X\x13`\
\x14^\x15Q\x168\x17\x11\x18\xda\x18\x93\x199\x1a\xcc\
\x1aJ\x1b\xb1\x1b\x01\x1c9\x1cW\x1c[\x1cD\x1c\x11\
\x1c\xc1\x1bU\x1b\xcc\x1a%\x1aa\x19\x80\x18\x81\x17e\
\x16,\x15\xd8\x13h\x12\xdd\x109\x0f|\x0d\xa8\x0b\xbe\
\x09\xbe\x07\xac\x05\x88\x03T\x01\x13\xff\xc5\xfcl\xfa\x0b\
\xf8\xa4\xf59\xf3\xcb\xf0^\xee\xf4\xeb\x8e\xe90\xe7\xda\
\xe4\x90\xe2T\xe0'\xde\x0c\xdc\x06\xda\x15\xd8=\xd6~\
\xd4\xdb\xd2V\xd1\xef\xcf\xa9\xce\x84\xcd\x83\xcc\xa5\xcb\xed\
\xca[\xca\xef\xc9\xab\xc9\x8f\xc9\x9a\xc9\xce\xc9)\xca\xad\
\xcaX\xcb+\xcc$\xcdC\xce\x86\xcf\xee\xd0x\xd2$\
\xd4\xf0\xd5\xda\xd7\xe2\xd9\x04\xdc@\xde\x94\xe0\xfd\xe2z\
\xe5\x08\xe8\xa5\xeaP\xed\x05\xf0\xc3\xf2\x87\xf5O\xf8\x19\
\xfb\xe3\xfd\xa8\x00k\x03&\x06\xd8\x08~\x0b\x18\x0e\xa2\
\x10\x1c\x13\x83\x15\xd6\x17\x13\x1a8\x1cE\x1e8 \x10\
\x22\xcc#l%\xed&P(\x95)\xba*\xc0+\xa6\
,l-\x13.\x9b.\x03/M/y/\x87/y\
/N/\x09/\xaa.1.\xa0-\xf9,<,k\
+\x87*\x91)\x8a(u'Q&\x22%\xe7#\xa3\
\x22W!\x03 \xaa\x1eL\x1d\xea\x1b\x87\x1a\x22\x19\xbd\
\x17Y\x16\xf7\x14\x98\x13<\x12\xe3\x10\x90\x0fB\x0e\xfa\
\x0c\xb8\x0b|\x0aH\x09\x1a\x08\xf4\x06\xd5\x05\xbd\x04\xad\
\x03\xa4\x02\xa2\x01\xa6\x00\xb3\xff\xc4\xfe\xdc\xfd\xf9\xfc\x1b\
\xfcB\xfbn\xfa\x9d\xf9\xd1\xf8\x07\xf8@\xf7{\xf6\xb8\
\xf5\xf7\xf46\xf4w\xf3\xb8\xf2\xf9\xf19\xf1z\xf0\xba\
\xef\xf9\xee8\xeew\xed\xb4\xec\xf1\xeb.\xebk\xea\xa7\
\xe9\xe4\xe8\x22\xe8a\xe7\xa1\xe6\xe3\xe5)\xe5q\xe4\xbd\
\xe3\x0e\xe3c\xe2\xbf\xe1!\xe1\x8b\xe0\xfc\xdfw\xdf\xfb\
\xde\x8a\xde$\xde\xc9\xdd|\xdd<\xdd\x0a\xdd\xe7\xdc\xd3\
\xdc\xd0\xdc\xdc\xdc\xfa\xdc*\xddk\xdd\xbe\xdd$\xde\x9c\
\xde'\xdf\xc5\xdfv\xe09\xe1\x0f\xe2\xf7\xe2\xf1\xe3\xfc\
\xe4\x19\xe6F\xe7\x83\xe8\xcf\xe9*\xeb\x93\xec\x08\xee\x89\
\xef\x16\xf1\xac\xf2K\xf4\xf1\xf5\x9e\xf7P\xf9\x07\xfb\xc0\
\xfc{\xfe5\x00\xf0\x01\xa8\x03]\x05\x0e\x07\xb8\x08\x5c\
\x0a\xf7\x0b\x89\x0d\x10\x0f\x8c\x10\xfc\x11_\x13\xb3\x14\xf8\
\x15-\x17R\x18f\x19h\x1aX\x1b6\x1c\x01\x1d\xb9\
\x1d^\x1e\xf0\x1en\x1f\xda\x1f3 y \xad \xcf\
 \xdf \xdf \xce \xae ~ @ \xf5\x1f\x9c\
\x1f8\x1f\xc9\x1eP\x1e\xcd\x1dB\x1d\xaf\x1c\x16\x1cw\
\x1b\xd4\x1a,\x1a\x82\x19\xd5\x18&\x18w\x17\xc8\x16\x1a\
\x16m\x15\xc1\x14\x18\x14r\x13\xcf\x12/\x12\x92\x11\xfa\
\x10f\x10\xd5\x0fI\x0f\xc1\x0e<\x0e\xbb\x0d>\x0d\xc3\
\x0cK\x0c\xd5\x0ba\x0b\xee\x0a|\x0a\x0a\x0a\x98\x09$\
\x09\xae\x085\x08\xba\x07:\x07\xb6\x06,\x06\x9d\x05\x07\
\x05i\x04\xc4\x03\x16\x03_\x02\x9f\x01\xd4\x00\x00\x00\x22\
\xff9\xfeD\xfdE\xfc:\xfb%\xfa\x05\xf9\xda\xf7\xa5\
\xf6f\xf5\x1e\xf4\xcd\xf2t\xf1\x14\xf0\xad\xee@\xed\xcf\
\xebZ\xea\xe3\xe8j\xe7\xf1\xe5y\xe4\x04\xe3\x93\xe1'\
\xe0\xc1\xded\xdd\x11\xdc\xc9\xda\x8e\xd9a\xd8D\xd78\
\xd6?\xd5Z\xd4\x8b\xd3\xd2\xd22\xd2\xab\xd1?\xd1\xee\
\xd0\xb9\xd0\xa2\xd0\xaa\xd0\xd0\xd0\x16\xd1{\xd1\x01\xd2\xa8\
\xd2o\xd3W\xd4`\xd5\x88\xd6\xd1\xd7:\xd9\xc1\xdaf\
\xdc(\xde\x07\xe0\x00\xe2\x14\xe4?\xe6\x82\xe8\xdb\xeaG\
\xed\xc5\xefT\xf2\xf0\xf4\x99\xf7M\xfa\x08\xfd\xca\xff\x8f\
\x02V\x05\x1d\x08\xe1\x0a\xa0\x0dW\x10\x06\x13\xa8\x15=\
\x18\xc2\x1a4\x1d\x93\x1f\xdc!\x0d$$& (\x00\
*\xc0+a-\xe2.@0z1\x912\x833P\
4\xf74x5\xd25\x066\x136\xfa5\xbc5X\
5\xcf4\x224S3a2O1\x1c0\xcb.^\
-\xd4+1*v(\xa4&\xbe$\xc5\x22\xbb \xa2\
\x1e|\x1cL\x1a\x12\x18\xd2\x15\x8c\x13D\x11\xfb\x0e\xb3\
\x0cn\x0a-\x08\xf4\x05\xc2\x03\x9b\x01\x80\xffq\xfdq\
\xfb\x82\xf9\xa3\xf7\xd7\xf5\x1e\xf4z\xf2\xeb\xf0s\xef\x11\
\xee\xc6\xec\x94\xeby\xeaw\xe9\x8e\xe8\xbd\xe7\x04\xe7d\
\xe6\xdc\xe5k\xe5\x11\xe5\xcf\xe4\xa2\xe4\x8a\xe4\x88\xe4\x98\
\xe4\xbc\xe4\xf2\xe49\xe5\x8f\xe5\xf5\xe5h\xe6\xe9\xe6t\
\xe7\x0b\xe8\xaa\xe8R\xe9\x01\xea\xb7\xeaq\xeb/\xec\xf0\
\xec\xb3\xedw\xee;\xef\xfe\xef\xc0\xf0\x7f\xf1<\xf2\xf4\
\xf2\xa9\xf3X\xf4\x03\xf5\xa8\xf5F\xf6\xdf\xf6q\xf7\xfc\
\xf7\x81\xf8\xff\xf8v\xf9\xe6\xf9O\xfa\xb2\xfa\x0f\xfbf\
\xfb\xb7\xfb\x03\xfcI\xfc\x8a\xfc\xc8\xfc\x01\xfd6\xfdh\
\xfd\x98\xfd\xc5\xfd\xf0\xfd\x1a\xfeB\xfej\xfe\x91\xfe\xb8\
\xfe\xdf\xfe\x07\xff0\xffY\xff\x84\xff\xb0\xff\xde\xff\x0c\
\x00=\x00o\x00\xa4\x00\xd9\x00\x10\x01I\x01\x82\x01\xbd\
\x01\xf8\x014\x02p\x02\xac\x02\xe8\x02\x22\x03\x5c\x03\x94\
\x03\xca\x03\xfe\x03/\x04]\x04\x88\x04\xaf\x04\xd1\x04\xf0\
\x04\x09\x05\x1e\x05-\x057\x05;\x059\x051\x05#\
\x05\x0f\x05\xf5\x04\xd5\x04\xaf\x04\x83\x04R\x04\x1b\x04\xe0\
\x03\x9f\x03[\x03\x12\x03\xc6\x02x\x02'\x02\xd4\x01\x81\
\x01-\x01\xd9\x00\x86\x005\x00\xe8\xff\x9d\xffU\xff\x13\
\xff\xd6\xfe\x9f\xfep\xfeH\xfe(\xfe\x12\xfe\x05\xfe\x03\
\xfe\x0b\xfe\x1f\xfe>\xfej\xfe\xa2\xfe\xe7\xfe9\xff\x98\
\xff\x03\x00|\x00\x02\x01\x95\x015\x02\xe1\x02\x98\x03\x5c\
\x04)\x05\x01\x06\xe3\x06\xcd\x07\xbe\x08\xb7\x09\xb5\x0a\xb7\
\x0b\xbd\x0c\xc6\x0d\xcf\x0e\xd9\x0f\xe0\x10\xe5\x11\xe6\x12\xe0\
\x13\xd4\x14\xbf\x15\xa0\x16v\x17?\x18\xfa\x18\xa5\x19?\
\x1a\xc8\x1a<\x1b\x9d\x1b\xe8\x1b\x1c\x1c9\x1c=\x1c(\
\x1c\xf9\x1b\xaf\x1bK\x1b\xcb\x1a/\x1ax\x19\xa4\x18\xb5\
\x17\xaa\x16\x84\x15C\x14\xe8\x12s\x11\xe5\x0f@\x0e\x83\
\x0c\xb1\x0a\xca\x08\xd0\x06\xc4\x04\xa8\x02}\x00F\xfe\x04\
\xfc\xb8\xf9e\xf7\x0d\xf5\xb1\xf2T\xf0\xf8\xed\x9f\xebK\
\xe9\xfe\xe6\xbb\xe4\x83\xe2Y\xe0>\xde6\xdc@\xdaa\
\xd8\x98\xd6\xe9\xd4U\xd3\xde\xd1\x84\xd0J\xcf1\xce9\
\xcde\xcc\xb5\xcb)\xcb\xc3\xca\x83\xcai\xcav\xca\xaa\
\xca\x05\xcb\x86\xcb.\xcc\xfc\xcc\xef\xcd\x07\xcfC\xd0\xa2\
\xd1#\xd3\xc4\xd4\x85\xd6d\xd8_\xdat\xdc\xa3\xde\xe9\
\xe0D\xe3\xb3\xe53\xe8\xc3\xea_\xed\x07\xf0\xb8\xf2o\
\xf5+\xf8\xe9\xfa\xa8\xfdd\x00\x1c\x03\xcf\x05y\x08\x19\
\x0b\xad\x0d3\x10\xa9\x12\x0d\x15_\x17\x9b\x19\xc1\x1b\xd0\
\x1d\xc6\x1f\xa2!c#\x08%\x91&\xfc'I)w\
*\x87+x,J-\xfc-\x90.\x04/[/\x93\
/\xae/\xac/\x8d/T/\x00/\x92.\x0b.m\
-\xb9,\xef+\x12+!*\x1f)\x0c(\xeb&\xbc\
%\x80$:#\xe9!\x90 /\x1f\xc9\x1d]\x1c\xee\
\x1a|\x19\x08\x18\x94\x16 \x15\xad\x13=\x12\xcf\x10d\
\x0f\xfe\x0d\x9d\x0cA\x0b\xea\x09\x9a\x08P\x07\x0d\x06\xd1\
\x04\x9c\x03n\x02G\x01(\x00\x11\xff\xff\xfd\xf5\xfc\xf1\
\xfb\xf4\xfa\xfd\xf9\x0c\xf9!\xf8<\xf7[\xf6\x7f\xf5\xa8\
\xf4\xd5\xf3\x05\xf3:\xf2q\xf1\xac\xf0\xe9\xef)\xefk\
\xee\xaf\xed\xf6\xec>\xec\x89\xeb\xd5\xea#\xeat\xe9\xc6\
\xe8\x1b\xe8r\xe7\xcc\xe6*\xe6\x8a\xe5\xee\xe4W\xe4\xc4\
\xe36\xe3\xad\xe2+\xe2\xaf\xe1;\xe1\xce\xe0j\xe0\x0e\
\xe0\xbd\xdfu\xdf8\xdf\x07\xdf\xe2\xde\xca\xde\xbe\xde\xc0\
\xde\xd1\xde\xf0\xde\x1e\xdf\x5c\xdf\xa9\xdf\x07\xe0t\xe0\xf3\
\xe0\x82\xe1!\xe2\xd2\xe2\x92\xe3d\xe4F\xe57\xe69\
\xe7J\xe8j\xe9\x98\xea\xd4\xeb\x1d\xedr\xee\xd3\xef?\
\xf1\xb5\xf24\xf4\xbb\xf5I\xf7\xdd\xf8v\xfa\x13\xfc\xb3\
\xfdT\xff\xf5\x00\x95\x024\x04\xd0\x05g\x07\xf9\x08\x84\
\x0a\x07\x0c\x82\x0d\xf3\x0eX\x10\xb2\x11\x00\x13?\x14p\
\x15\x92\x16\xa4\x17\xa5\x18\x96\x19t\x1aA\x1b\xfb\x1b\xa2\
\x1c7\x1d\xb8\x1d'\x1e\x82\x1e\xcb\x1e\x00\x1f$\x1f5\
\x1f5\x1f#\x1f\x00\x1f\xce\x1e\x8c\x1e;\x1e\xdc\x1do\
\x1d\xf7\x1cr\x1c\xe3\x1bJ\x1b\xa9\x1a\xff\x19N\x19\x98\
\x18\xdc\x17\x1c\x17Y\x16\x93\x15\xcc\x14\x05\x14>\x13x\
\x12\xb4\x11\xf2\x103\x10x\x0f\xc2\x0e\x10\x0ec\x0d\xbc\
\x0c\x1a\x0c\x7f\x0b\xea\x0a[\x0a\xd2\x09P\x09\xd4\x08]\
\x08\xed\x07\x82\x07\x1c\x07\xba\x06]\x06\x04\x06\xae\x05Z\
\x05\x08\x05\xb8\x04h\x04\x19\x04\xc8\x03v\x03\x22\x03\xcb\
\x02p\x02\x11\x02\xad\x01C\x01\xd3\x00\x5c\x00\xde\xffX\
\xff\xc9\xfe1\xfe\x90\xfd\xe6\xfc2\xfct\xfb\xac\xfa\xda\
\xf9\xff\xf8\x1a\xf8+\xf73\xf62\xf5)\xf4\x18\xf3\x00\
\xf2\xe2\xf0\xbe\xef\x95\xeeh\xed8\xec\x06\xeb\xd3\xe9\xa1\
\xe8o\xe7A\xe6\x17\xe5\xf1\xe3\xd3\xe2\xbc\xe1\xae\xe0\xab\
\xdf\xb4\xde\xca\xdd\xee\xdc#\xdch\xdb\xc0\xda+\xda\xab\
\xd9@\xd9\xec\xd8\xb0\xd8\x8c\xd8\x81\xd8\x90\xd8\xba\xd8\xff\
\xd8_\xd9\xdb\xd9s\xda'\xdb\xf6\xdb\xe2\xdc\xe9\xdd\x0c\
\xdfJ\xe0\xa1\xe1\x12\xe3\x9c\xe4>\xe6\xf7\xe7\xc5\xe9\xa8\
\xeb\x9d\xed\xa5\xef\xbd\xf1\xe4\xf3\x18\xf6W\xf8\xa0\xfa\xf1\
\xfcH\xff\xa2\x01\xff\x03]\x06\xb9\x08\x12\x0be\x0d\xb0\
\x0f\xf2\x11)\x14R\x16m\x18w\x1an\x1cR\x1e\x1f\
 \xd6!t#\xf8$a&\xae'\xdd(\xee)\xe1\
*\xb3+f,\xf8,i-\xb9-\xe8-\xf5-\xe2\
-\xae-Y-\xe5,R,\xa1+\xd2*\xe7)\xe0\
(\xbf'\x85&4%\xcc#O\x22\xc0 \x1e\x1fm\
\x1d\xad\x1b\xe1\x19\x0a\x18*\x16B\x14U\x12d\x10q\
\x0e~\x0c\x8c\x0a\x9d\x08\xb3\x06\xcf\x04\xf3\x02 \x01Y\
\xff\x9d\xfd\xee\xfbM\xfa\xbd\xf8<\xf7\xcd\xf5q\xf4'\
\xf3\xf1\xf1\xcf\xf0\xc2\xef\xca\xee\xe8\xed\x1a\xedb\xec\xc0\
\xeb3\xeb\xbb\xeaX\xea\x09\xea\xce\xe9\xa7\xe9\x93\xe9\x90\
\xe9\xa0\xe9\xc0\xe9\xef\xe9.\xea{\xea\xd5\xea;\xeb\xac\
\xeb'\xec\xab\xec8\xed\xcb\xedd\xee\x03\xef\xa5\xefJ\
\xf0\xf1\xf0\x9a\xf1B\xf2\xea\xf2\x91\xf35\xf4\xd7\xf4t\
\xf5\x0e\xf6\xa3\xf63\xf7\xbd\xf7A\xf8\xbf\xf85\xf9\xa6\
\xf9\x0f\xfaq\xfa\xcc\xfa\x1f\xfbl\xfb\xb2\xfb\xf1\xfb)\
\xfc[\xfc\x88\xfc\xae\xfc\xcf\xfc\xeb\xfc\x02\xfd\x16\xfd%\
\xfd2\xfd;\xfdB\xfdG\xfdK\xfdN\xfdP\xfdR\
\xfdT\xfdW\xfd[\xfda\xfdh\xfdp\xfd{\xfd\x89\
\xfd\x99\xfd\xab\xfd\xc1\xfd\xd9\xfd\xf4\xfd\x12\xfe3\xfeW\
\xfe}\xfe\xa6\xfe\xd1\xfe\xfe\xfe-\xff]\xff\x8f\xff\xc2\
\xff\xf5\xff(\x00\x5c\x00\x8f\x00\xc2\x00\xf3\x00#\x01Q\
\x01}\x01\xa6\x01\xcd\x01\xf0\x01\x10\x02-\x02E\x02Z\
\x02j\x02v\x02}\x02\x80\x02~\x02x\x02m\x02_\
\x02L\x025\x02\x1a\x02\xfc\x01\xdb\x01\xb7\x01\x91\x01i\
\x01@\x01\x16\x01\xeb\x00\xc1\x00\x98\x00p\x00I\x00&\
\x00\x06\x00\xea\xff\xd3\xff\xc0\xff\xb3\xff\xac\xff\xad\xff\xb4\
\xff\xc4\xff\xdd\xff\xfe\xff(\x00\x5c\x00\x9a\x00\xe3\x007\
\x01\x95\x01\xfd\x01q\x02\xef\x02x\x03\x0c\x04\xa9\x04Q\
\x05\x02\x06\xbc\x06\x7f\x07J\x08\x1c\x09\xf4\x09\xd2\x0a\xb5\
\x0b\x9c\x0c\x86\x0dr\x0e_\x0fK\x106\x11\x1e\x12\x03\
\x13\xe2\x13\xbb\x14\x8d\x15U\x16\x13\x17\xc6\x17l\x18\x04\
\x19\x8d\x19\x06\x1am\x1a\xc1\x1a\x02\x1b/\x1bF\x1bG\
\x1b0\x1b\x02\x1b\xbc\x1a]\x1a\xe4\x19R\x19\xa7\x18\xe1\
\x17\x02\x17\x08\x16\xf6\x14\xca\x13\x85\x12(\x11\xb4\x0f)\
\x0e\x88\x0c\xd2\x0a\x08\x09,\x07>\x05A\x035\x01\x1d\
\xff\xf8\xfc\xca\xfa\x95\xf8Y\xf6\x19\xf4\xd7\xf1\x94\xefS\
\xed\x16\xeb\xde\xe8\xae\xe6\x87\xe4l\xe2_\xe0a\xdeu\
\xdc\x9c\xda\xd8\xd8*\xd7\x95\xd5\x1b\xd4\xbc\xd2y\xd1V\
\xd0Q\xcfn\xce\xac\xcd\x0c\xcd\x90\xcc8\xcc\x04\xcc\xf5\
\xcb\x0c\xccG\xcc\xa8\xcc.\xcd\xd9\xcd\xa8\xce\x9a\xcf\xb1\
\xd0\xe9\xd1C\xd3\xbe\xd4W\xd6\x0f\xd8\xe4\xd9\xd4\xdb\xdd\
\xdd\xff\xdf7\xe2\x83\xe4\xe2\xe6R\xe9\xd1\xeb\x5c\xee\xf3\
\xf0\x92\xf37\xf6\xe1\xf8\x8e\xfb;\xfe\xe5\x00\x8c\x03.\
\x06\xc8\x08X\x0b\xdc\x0dS\x10\xbb\x12\x13\x15W\x17\x88\
\x19\xa3\x1b\xa8\x1d\x94\x1fh!!#\xc0$B&\xa8\
'\xf1(\x1c*)+\x17,\xe7,\x99-,.\xa1\
.\xf7.0/L/K/./\xf6.\xa3.7\
.\xb1-\x14-`,\x97+\xb9*\xc8)\xc4(\xb0\
'\x8c&Y%\x1a$\xce\x22x!\x18 \xb1\x1eB\
\x1d\xcd\x1bT\x1a\xd7\x18X\x17\xd7\x15V\x14\xd5\x12V\
\x11\xd8\x0f^\x0e\xe7\x0cu\x0b\x07\x0a\x9f\x08=\x07\xe1\
\x05\x8c\x04=\x03\xf6\x01\xb7\x00\x80\xffO\xfe&\xfd\x05\
\xfc\xec\xfa\xda\xf9\xd0\xf8\xcd\xf7\xd1\xf6\xdc\xf5\xee\xf4\x07\
\xf4&\xf3K\xf2v\xf1\xa6\xf0\xdc\xef\x17\xefW\xee\x9c\
\xed\xe6\xec3\xec\x85\xeb\xdc\xea6\xea\x94\xe9\xf7\xe8]\
\xe8\xc7\xe76\xe7\xa9\xe6 \xe6\x9b\xe5\x1c\xe5\xa1\xe4,\
\xe4\xbc\xe3R\xe3\xef\xe2\x92\xe2<\xe2\xed\xe1\xa7\xe1i\
\xe14\xe1\x08\xe1\xe5\xe0\xce\xe0\xc0\xe0\xbe\xe0\xc8\xe0\xdd\
\xe0\xff\xe0.\xe1j\xe1\xb3\xe1\x0a\xe2o\xe2\xe3\xe2e\
\xe3\xf5\xe3\x94\xe4A\xe5\xfd\xe5\xc8\xe6\xa0\xe7\x87\xe8|\
\xe9\x7f\xea\x8e\xeb\xaa\xec\xd3\xed\x07\xefF\xf0\x90\xf1\xe3\
\xf2@\xf4\xa4\xf5\x10\xf7\x82\xf8\xfa\xf9v\xfb\xf6\xfcx\
\xfe\xfc\xff\x7f\x01\x02\x03\x84\x04\x03\x06}\x07\xf3\x08c\
\x0a\xcc\x0b,\x0d\x84\x0e\xd1\x0f\x13\x11I\x12r\x13\x8e\
\x14\x9b\x15\x99\x16\x88\x17f\x183\x19\xef\x19\x99\x1a1\
\x1b\xb7\x1b+\x1c\x8c\x1c\xda\x1c\x16\x1d@\x1dW\x1d]\
\x1dP\x1d3\x1d\x05\x1d\xc7\x1cy\x1c\x1c\x1c\xb1\x1b8\
\x1b\xb3\x1a!\x1a\x85\x19\xdf\x18/\x18w\x17\xb7\x16\xf2\
\x15'\x15W\x14\x84\x13\xaf\x12\xd8\x11\x00\x11)\x10S\
\x0f\x7f\x0e\xae\x0d\xe0\x0c\x17\x0cR\x0b\x93\x0a\xdb\x09(\
\x09}\x08\xd9\x07=\x07\xa9\x06\x1c\x06\x98\x05\x1c\x05\xa9\
\x04=\x04\xd9\x03}\x03)\x03\xdb\x02\x94\x02T\x02\x19\
\x02\xe3\x01\xb1\x01\x84\x01Z\x012\x01\x0c\x01\xe8\x00\xc3\
\x00\x9e\x00y\x00Q\x00&\x00\xf9\xff\xc7\xff\x90\xffT\
\xff\x12\xff\xc8\xfex\xfe \xfe\xc0\xfdW\xfd\xe5\xfcj\
\xfc\xe5\xfbW\xfb\xbf\xfa\x1e\xfas\xf9\xbf\xf8\x02\xf8<\
\xf7m\xf6\x97\xf5\xb9\xf4\xd4\xf3\xe9\xf2\xf8\xf1\x03\xf1\x09\
\xf0\x0d\xef\x0f\xee\x11\xed\x12\xec\x14\xeb\x19\xea!\xe9.\
\xe8A\xe7[\xe6}\xe5\xa9\xe4\xe0\xe3\x22\xe3r\xe2\xcf\
\xe1<\xe1\xba\xe0I\xe0\xea\xdf\x9e\xdfg\xdfD\xdf7\
\xdf@\xdf`\xdf\x97\xdf\xe6\xdfM\xe0\xcc\xe0b\xe1\x11\
\xe2\xd8\xe2\xb7\xe3\xad\xe4\xbb\xe5\xde\xe6\x18\xe8g\xe9\xcb\
\xeaB\xec\xcb\xedg\xef\x12\xf1\xcc\xf2\x95\xf4i\xf6I\
\xf82\xfa$\xfc\x1b\xfe\x17\x00\x16\x02\x17\x04\x18\x06\x17\
\x08\x12\x0a\x08\x0c\xf7\x0d\xdd\x0f\xb9\x11\x89\x13K\x15\xff\
\x16\xa2\x183\x1a\xb1\x1b\x1b\x1do\x1e\xad\x1f\xd2 \xdf\
!\xd3\x22\xac#k$\x0e%\x95%\x01&P&\x82\
&\x99&\x93&q&4&\xdb%g%\xda$3\
$t#\x9d\x22\xaf!\xac \x95\x1fk\x1e.\x1d\xe2\
\x1b\x85\x1a\x1c\x19\xa6\x17%\x16\x9b\x14\x09\x13p\x11\xd4\
\x0f3\x0e\x92\x0c\xf0\x0aO\x09\xb2\x07\x18\x06\x84\x04\xf7\
\x02r\x01\xf7\xff\x86\xfe \xfd\xc7\xfb|\xfa?\xf9\x11\
\xf8\xf3\xf6\xe5\xf5\xe9\xf4\xfe\xf3$\xf3]\xf2\xa8\xf1\x06\
\xf1u\xf0\xf7\xef\x8c\xef2\xef\xe9\xee\xb2\xee\x8c\xeev\
\xeep\xeey\xee\x90\xee\xb5\xee\xe7\xee%\xefn\xef\xc2\
\xef\x1f\xf0\x84\xf0\xf2\xf0f\xf1\xe0\xf1^\xf2\xe1\xf2f\
\xf3\xee\xf3w\xf4\x00\xf5\x89\xf5\x11\xf6\x97\xf6\x1b\xf7\x9b\
\xf7\x17\xf8\x8e\xf8\x01\xf9o\xf9\xd6\xf98\xfa\x93\xfa\xe7\
\xfa4\xfb{\xfb\xba\xfb\xf2\xfb#\xfcN\xfcq\xfc\x8e\
\xfc\xa4\xfc\xb4\xfc\xbe\xfc\xc3\xfc\xc2\xfc\xbd\xfc\xb3\xfc\xa5\
\xfc\x94\xfc\x80\xfci\xfcQ\xfc7\xfc\x1b\xfc\xff\xfb\xe4\
\xfb\xc8\xfb\xad\xfb\x94\xfb|\xfbg\xfbS\xfbC\xfb5\
\xfb+\xfb%\xfb\x22\xfb#\xfb(\xfb2\xfb?\xfbQ\
\xfbg\xfb\x82\xfb\xa0\xfb\xc2\xfb\xe8\xfb\x11\xfc>\xfcn\
\xfc\xa1\xfc\xd6\xfc\x0d\xfdG\xfd\x82\xfd\xbe\xfd\xfb\xfd8\
\xfeu\xfe\xb2\xfe\xef\xfe*\xffd\xff\x9c\xff\xd3\xff\x06\
\x007\x00f\x00\x92\x00\xba\x00\xdf\x00\x01\x01\x1f\x01:\
\x01Q\x01d\x01t\x01\x80\x01\x8a\x01\x90\x01\x93\x01\x94\
\x01\x93\x01\x8f\x01\x8a\x01\x84\x01}\x01v\x01o\x01i\
\x01c\x01_\x01^\x01_\x01c\x01k\x01x\x01\x89\
\x01\x9f\x01\xbb\x01\xdd\x01\x06\x026\x02m\x02\xac\x02\xf2\
\x02A\x03\x98\x03\xf7\x03_\x04\xd0\x04I\x05\xca\x05T\
\x06\xe6\x06\x80\x07 \x08\xc8\x08w\x09+\x0a\xe5\x0a\xa4\
\x0bg\x0c-\x0d\xf5\x0d\xc0\x0e\x8a\x0fU\x10\x1e\x11\xe6\
\x11\xa9\x12i\x13#\x14\xd6\x14\x81\x15$\x16\xbd\x16J\
\x17\xcc\x17@\x18\xa5\x18\xfb\x18A\x19v\x19\x98\x19\xa7\
\x19\xa2\x19\x89\x19Z\x19\x16\x19\xbb\x18I\x18\xc0\x17 \
\x17h\x16\x99\x15\xb3\x14\xb5\x13\x9f\x12s\x111\x10\xd9\
\x0ek\x0d\xe9\x0bT\x0a\xac\x08\xf2\x06(\x05O\x03g\
\x01t\xffu\xfdl\xfb[\xf9D\xf7(\xf5\x09\xf3\xe9\
\xf0\xc9\xee\xab\xec\x92\xea\x7f\xe8t\xe6s\xe4~\xe2\x96\
\xe0\xbd\xde\xf5\xdcA\xdb\xa0\xd9\x16\xd8\xa3\xd6I\xd5\x0a\
\xd4\xe6\xd2\xe0\xd1\xf7\xd0.\xd0\x85\xcf\xfc\xce\x95\xceP\
\xce.\xce/\xceS\xce\x9b\xce\x05\xcf\x93\xcfC\xd0\x16\
\xd1\x0b\xd2!\xd3W\xd4\xae\xd5\x22\xd7\xb5\xd8d\xda-\
\xdc\x11\xde\x0c\xe0\x1f\xe2F\xe4\x81\xe6\xcd\xe8(\xeb\x92\
\xed\x08\xf0\x87\xf2\x0f\xf5\x9d\xf7/\xfa\xc3\xfcW\xff\xe8\
\x01v\x04\xff\x06\x7f\x09\xf7\x0bc\x0e\xc2\x10\x12\x13R\
\x15\x80\x17\x9b\x19\xa1\x1b\x91\x1dj\x1f*!\xd1\x22^\
$\xd0%&'`(|)|*^+#,\xc9\
,R-\xbe-\x0c.=.Q.J.&.\xe8\
-\x90-\x1e-\x94,\xf3+;+m*\x8b)\x96\
(\x8e'v&N%\x17$\xd3\x22\x83!( \xc4\
\x1eW\x1d\xe2\x1bh\x1a\xe9\x18f\x17\xe0\x15X\x14\xd0\
\x12G\x11\xc0\x0f;\x0e\xb9\x0c:\x0b\xbf\x09J\x08\xda\
\x06o\x05\x0c\x04\xaf\x02Y\x01\x0b\x00\xc6\xfe\x88\xfdR\
\xfc$\xfb\xff\xf9\xe3\xf8\xce\xf7\xc3\xf6\xbf\xf5\xc4\xf4\xd1\
\xf3\xe6\xf2\x03\xf2(\xf1T\xf0\x87\xef\xc2\xee\x03\xeeK\
\xed\x9a\xec\xef\xebJ\xeb\xab\xea\x12\xea~\xe9\xf1\xe8i\
\xe8\xe6\xe7i\xe7\xf2\xe6\x7f\xe6\x13\xe6\xac\xe5K\xe5\xf0\
\xe4\x9a\xe4K\xe4\x03\xe4\xc1\xe3\x86\xe3R\xe3%\xe3\x01\
\xe3\xe4\xe2\xd0\xe2\xc5\xe2\xc3\xe2\xca\xe2\xdb\xe2\xf6\xe2\x1b\
\xe3L\xe3\x87\xe3\xce\xe3 \xe4~\xe4\xe8\xe4^\xe5\xe1\
\xe5p\xe6\x0c\xe7\xb4\xe7i\xe8*\xe9\xf7\xe9\xd1\xea\xb7\
\xeb\xa8\xec\xa5\xed\xad\xee\xc0\xef\xdd\xf0\x03\xf23\xf3l\
\xf4\xac\xf5\xf3\xf6A\xf8\x95\xf9\xee\xfaJ\xfc\xaa\xfd\x0d\
\xffo\x00\xd3\x017\x03\x99\x04\xf8\x05T\x07\xac\x08\xfe\
\x09J\x0b\x8e\x0c\xca\x0d\xfd\x0e%\x10C\x11U\x12Z\
\x13S\x14=\x15\x18\x16\xe4\x16\xa0\x17M\x18\xe8\x18s\
\x19\xec\x19T\x1a\xaa\x1a\xee\x1a \x1bA\x1bQ\x1bO\
\x1b<\x1b\x18\x1b\xe3\x1a\x9f\x1aL\x1a\xe9\x19y\x19\xfb\
\x18p\x18\xd9\x177\x17\x8b\x16\xd5\x15\x17\x15Q\x14\x85\
\x13\xb3\x12\xdc\x11\x02\x11$\x10E\x0fe\x0e\x86\x0d\xa7\
\x0c\xcb\x0b\xf1\x0a\x1a\x0aI\x09|\x08\xb5\x07\xf5\x06<\
\x06\x8a\x05\xe1\x04@\x04\xa8\x03\x1a\x03\x94\x02\x19\x02\xa7\
\x01>\x01\xe0\x00\x8b\x00?\x00\xfe\xff\xc4\xff\x93\xffi\
\xffH\xff.\xff\x1a\xff\x0c\xff\x03\xff\xff\xfe\xff\xfe\x02\
\xff\x07\xff\x0e\xff\x15\xff\x1d\xff$\xff)\xff,\xff,\
\xff(\xff \xff\x12\xff\xfe\xfe\xe3\xfe\xc2\xfe\x98\xfeg\
\xfe-\xfe\xea\xfd\x9d\xfdG\xfd\xe8\xfc~\xfc\x0b\xfc\x8e\
\xfb\x07\xfbw\xfa\xdd\xf9;\xf9\x90\xf8\xdc\xf7\x22\xf7`\
\xf6\x98\xf5\xca\xf4\xf7\xf3!\xf3G\xf2k\xf1\x8e\xf0\xb0\
\xef\xd3\xee\xf9\xed!\xedM\xec~\xeb\xb6\xea\xf5\xe9=\
\xe9\x8e\xe8\xea\xe7Q\xe7\xc6\xe6H\xe6\xd9\xe5y\xe5*\
\xe5\xec\xe4\xc0\xe4\xa6\xe4\xa0\xe4\xad\xe4\xcf\xe4\x05\xe5P\
\xe5\xb0\xe5$\xe6\xae\xe6M\xe7\x01\xe8\xc9\xe8\xa6\xe9\x96\
\xea\x9a\xeb\xb0\xec\xd8\xed\x11\xef[\xf0\xb4\xf1\x1b\xf3\x90\
\xf4\x10\xf6\x9c\xf71\xf9\xcf\xfat\xfc\x1e\xfe\xcd\xff}\
\x010\x03\xe2\x04\x93\x06A\x08\xea\x09\x8d\x0b)\x0d\xbb\
\x0eD\x10\xc1\x110\x13\x92\x14\xe4\x15&\x17V\x18s\
\x19}\x1ar\x1bS\x1c\x1d\x1d\xd1\x1dn\x1e\xf4\x1eb\
\x1f\xb8\x1f\xf6\x1f\x1c ) \x1f \xfe\x1f\xc5\x1fu\
\x1f\x0f\x1f\x93\x1e\x02\x1e]\x1d\xa4\x1c\xd9\x1b\xfc\x1a\x0e\
\x1a\x11\x19\x05\x18\xec\x16\xc8\x15\x98\x14_\x13\x1e\x12\xd6\
\x10\x88\x0f6\x0e\xe1\x0c\x8a\x0b3\x0a\xdd\x08\x89\x078\
\x06\xec\x04\xa6\x03f\x02/\x01\x00\x00\xdb\xfe\xc0\xfd\xb1\
\xfc\xad\xfb\xb7\xfa\xcd\xf9\xf2\xf8$\xf8f\xf7\xb6\xf6\x15\
\xf6\x84\xf5\x02\xf5\x8f\xf4+\xf4\xd7\xf3\x91\xf3Z\xf31\
\xf3\x15\xf3\x07\xf3\x06\xf3\x11\xf3'\xf3H\xf3t\xf3\xa9\
\xf3\xe6\xf3,\xf4x\xf4\xcb\xf4#\xf5\x80\xf5\xe1\xf5E\
\xf6\xab\xf6\x12\xf7z\xf7\xe2\xf7I\xf8\xaf\xf8\x12\xf9s\
\xf9\xd0\xf9)\xfa}\xfa\xcd\xfa\x18\xfb\x5c\xfb\x9b\xfb\xd3\
\xfb\x05\xfc1\xfcV\xfcs\xfc\x8b\xfc\x9b\xfc\xa5\xfc\xa9\
\xfc\xa6\xfc\x9d\xfc\x8f\xfc{\xfcb\xfcD\xfc\x22\xfc\xfc\
\xfb\xd3\xfb\xa7\xfbx\xfbG\xfb\x15\xfb\xe2\xfa\xaf\xfa{\
\xfaH\xfa\x16\xfa\xe6\xf9\xb8\xf9\x8c\xf9c\xf9>\xf9\x1c\
\xf9\xfd\xf8\xe4\xf8\xcf\xf8\xbe\xf8\xb3\xf8\xad\xf8\xac\xf8\xb0\
\xf8\xba\xf8\xca\xf8\xdf\xf8\xf9\xf8\x19\xf9>\xf9h\xf9\x97\
\xf9\xca\xf9\x02\xfa>\xfa}\xfa\xc0\xfa\x07\xfbO\xfb\x9b\
\xfb\xe8\xfb7\xfc\x87\xfc\xd8\xfc*\xfd{\xfd\xcc\xfd\x1d\
\xfel\xfe\xba\xfe\x06\xffP\xff\x98\xff\xde\xff\x1f\x00_\
\x00\x9c\x00\xd5\x00\x0c\x01?\x01n\x01\x9b\x01\xc4\x01\xea\
\x01\x0c\x02,\x02J\x02e\x02~\x02\x95\x02\xaa\x02\xbf\
\x02\xd2\x02\xe5\x02\xf8\x02\x0c\x03 \x036\x03M\x03g\
\x03\x83\x03\xa2\x03\xc5\x03\xeb\x03\x16\x04E\x04z\x04\xb4\
\x04\xf3\x048\x05\x83\x05\xd5\x05-\x06\x8b\x06\xf0\x06[\
\x07\xcc\x07D\x08\xc2\x08F\x09\xcf\x09^\x0a\xf2\x0a\x8a\
\x0b%\x0c\xc5\x0cg\x0d\x0b\x0e\xb0\x0eW\x0f\xfd\x0f\xa2\
\x10E\x11\xe6\x11\x83\x12\x1b\x13\xae\x13:\x14\xbf\x14<\
\x15\xaf\x15\x18\x16u\x16\xc6\x16\x0a\x17?\x17f\x17}\
\x17\x83\x17x\x17[\x17+\x17\xe8\x16\x91\x16'\x16\xa7\
\x15\x13\x15j\x14\xac\x13\xd9\x12\xf1\x11\xf4\x10\xe3\x0f\xbd\
\x0e\x83\x0d6\x0c\xd7\x0ae\x09\xe2\x07O\x06\xad\x04\xfc\
\x02>\x01t\xff\xa0\xfd\xc1\xfb\xdb\xf9\xee\xf7\xfd\xf5\x07\
\xf4\x10\xf2\x19\xf0#\xee0\xecB\xeaZ\xe8{\xe6\xa5\
\xe4\xdb\xe2\x1f\xe1q\xdf\xd4\xddI\xdc\xd1\xdao\xd9#\
\xd8\xef\xd6\xd4\xd5\xd4\xd4\xee\xd3&\xd3z\xd2\xed\xd1~\
\xd10\xd1\x01\xd1\xf3\xd0\x05\xd19\xd1\x8d\xd1\x02\xd2\x99\
\xd2O\xd3&\xd4\x1c\xd52\xd6f\xd7\xb7\xd8$\xda\xad\
\xdbQ\xdd\x0d\xdf\xe1\xe0\xcc\xe2\xcb\xe4\xde\xe6\x03\xe97\
\xebz\xed\xca\xef$\xf2\x88\xf4\xf2\xf6b\xf9\xd5\xfbI\
\xfe\xbd\x00.\x03\x9c\x05\x04\x08d\x0a\xbb\x0c\x06\x0fE\
\x11u\x13\x96\x15\xa5\x17\xa1\x19\x89\x1b\x5c\x1d\x18\x1f\xbd\
 I\x22\xbc#\x15%S&v'}(h)6\
*\xe8*}+\xf5+P,\x90,\xb3,\xbb,\xa7\
,y,0,\xcf+U+\xc3*\x1a*\x5c)\x89\
(\xa2'\xa8&\x9c%\x80$U#\x1b\x22\xd5 \x83\
\x1f&\x1e\xc0\x1cQ\x1b\xdc\x19`\x18\xe0\x16\x5c\x15\xd6\
\x13N\x12\xc5\x10=\x0f\xb6\x0d1\x0c\xaf\x0a1\x09\xb7\
\x07B\x06\xd3\x04k\x03\x09\x02\xaf\x00]\xff\x12\xfe\xd0\
\xfc\x96\xfbe\xfa=\xf9\x1e\xf8\x09\xf7\xfc\xf5\xf9\xf4\xff\
\xf3\x0f\xf3'\xf2H\xf1r\xf0\xa5\xef\xe1\xee$\xeep\
\xed\xc5\xec \xec\x84\xeb\xef\xeaa\xea\xdb\xe9[\xe9\xe2\
\xe8p\xe8\x05\xe8\xa0\xe7B\xe7\xe9\xe6\x98\xe6L\xe6\x07\
\xe6\xc8\xe5\x90\xe5^\xe53\xe5\x0f\xe5\xf2\xe4\xdb\xe4\xcc\
\xe4\xc4\xe4\xc4\xe4\xcc\xe4\xdb\xe4\xf3\xe4\x14\xe5=\xe5o\
\xe5\xaa\xe5\xef\xe5=\xe6\x95\xe6\xf7\xe6d\xe7\xda\xe7[\
\xe8\xe7\xe8}\xe9\x1d\xea\xc8\xea~\xeb>\xec\x09\xed\xdd\
\xed\xbc\xee\xa4\xef\x96\xf0\x91\xf1\x95\xf2\xa1\xf3\xb6\xf4\xd1\
\xf5\xf4\xf6\x1c\xf8K\xf9~\xfa\xb6\xfb\xf2\xfc0\xfep\
\xff\xb1\x00\xf3\x015\x03v\x04\xb5\x05\xf0\x06(\x08[\
\x09\x88\x0a\xaf\x0b\xcf\x0c\xe6\x0d\xf4\x0e\xf9\x0f\xf3\x10\xe1\
\x11\xc4\x12\x9a\x13b\x14\x1d\x15\xc9\x15f\x16\xf4\x16r\
\x17\xe1\x17>\x18\x8c\x18\xc9\x18\xf5\x18\x10\x19\x1b\x19\x15\
\x19\xff\x18\xda\x18\xa4\x18_\x18\x0b\x18\xa9\x179\x17\xbc\
\x162\x16\x9c\x15\xfc\x14Q\x14\x9c\x13\xdf\x12\x1a\x12O\
\x11}\x10\xa6\x0f\xcc\x0e\xee\x0d\x0f\x0d.\x0cM\x0bm\
\x0a\x8e\x09\xb2\x08\xd9\x07\x05\x076\x06l\x05\xa9\x04\xee\
\x03:\x03\x8e\x02\xec\x01S\x01\xc3\x00>\x00\xc4\xffS\
\xff\xed\xfe\x92\xfeB\xfe\xfc\xfd\xc1\xfd\x91\xfdj\xfdM\
\xfd:\xfd/\xfd.\xfd4\xfdA\xfdU\xfdp\xfd\x8f\
\xfd\xb4\xfd\xdc\xfd\x08\xfe5\xfee\xfe\x95\xfe\xc4\xfe\xf3\
\xfe \xffJ\xffq\xff\x94\xff\xb2\xff\xca\xff\xdc\xff\xe7\
\xff\xea\xff\xe6\xff\xd8\xff\xc2\xff\xa2\xffy\xffE\xff\x08\
\xff\xc0\xfem\xfe\x11\xfe\xaa\xfd8\xfd\xbd\xfc8\xfc\xaa\
\xfb\x13\xfbt\xfa\xcc\xf9\x1e\xf9i\xf8\xae\xf7\xee\xf6)\
\xf6b\xf5\x97\xf4\xcc\xf3\x00\xf34\xf2i\xf1\xa2\xf0\xdd\
\xef\x1e\xefd\xee\xb0\xed\x05\xedb\xec\xc9\xeb:\xeb\xb8\
\xeaA\xea\xd9\xe9~\xe92\xe9\xf6\xe8\xcb\xe8\xb0\xe8\xa6\
\xe8\xae\xe8\xc9\xe8\xf5\xe85\xe9\x87\xe9\xec\xe9d\xea\xee\
\xea\x8b\xeb:\xec\xfa\xec\xcd\xed\xaf\xee\xa2\xef\xa5\xf0\xb6\
\xf1\xd6\xf2\x02\xf4;\xf5~\xf6\xcc\xf7#\xf9\x81\xfa\xe7\
\xfbQ\xfd\xc0\xfe1\x00\xa4\x01\x18\x03\x8b\x04\xfb\x05h\
\x07\xd0\x082\x0a\x8d\x0b\xdf\x0c'\x0ee\x0f\x96\x10\xbb\
\x11\xd1\x12\xd9\x13\xd0\x14\xb7\x15\x8d\x16Q\x17\x02\x18\xa1\
\x18+\x19\xa2\x19\x05\x1aS\x1a\x8e\x1a\xb3\x1a\xc5\x1a\xc2\
\x1a\xab\x1a\x81\x1aC\x1a\xf3\x19\x90\x19\x1c\x19\x97\x18\x01\
\x18]\x17\xa9\x16\xe8\x15\x1a\x15A\x14\x5c\x13n\x12w\
\x11y\x10t\x0fj\x0e\x5c\x0dJ\x0c7\x0b#\x0a\x0f\
\x09\xfc\x07\xeb\x06\xde\x05\xd5\x04\xd1\x03\xd3\x02\xdd\x01\xed\
\x00\x07\x00*\xffV\xfe\x8c\xfd\xcd\xfc\x1a\xfcq\xfb\xd5\
\xfaE\xfa\xc1\xf9I\xf9\xde\xf8\x7f\xf8,\xf8\xe5\xf7\xaa\
\xf7{\xf7W\xf7>\xf70\xf7+\xf70\xf7>\xf7U\
\xf7s\xf7\x98\xf7\xc4\xf7\xf5\xf7+\xf8f\xf8\xa5\xf8\xe6\
\xf8*\xf9o\xf9\xb5\xf9\xfb\xf9@\xfa\x85\xfa\xc7\xfa\x08\
\xfbE\xfb\x7f\xfb\xb5\xfb\xe7\xfb\x15\xfc=\xfc`\xfc}\
\xfc\x95\xfc\xa6\xfc\xb2\xfc\xb7\xfc\xb6\xfc\xaf\xfc\xa2\xfc\x8f\
\xfcv\xfcX\xfc4\xfc\x0b\xfc\xdd\xfb\xac\xfbv\xfb<\
\xfb\xff\xfa\xc0\xfa~\xfa;\xfa\xf6\xf9\xb1\xf9k\xf9&\
\xf9\xe1\xf8\x9e\xf8]\xf8\x1e\xf8\xe2\xf7\xa9\xf7s\xf7B\
\xf7\x16\xf7\xee\xf6\xcb\xf6\xae\xf6\x97\xf6\x85\xf6z\xf6u\
\xf6v\xf6\x7f\xf6\x8d\xf6\xa2\xf6\xbe\xf6\xe0\xf6\x09\xf78\
\xf7m\xf7\xa8\xf7\xe8\xf7-\xf8x\xf8\xc8\xf8\x1b\xf9s\
\xf9\xce\xf9-\xfa\x8e\xfa\xf2\xfaX\xfb\xbf\xfb'\xfc\x90\
\xfc\xf9\xfcb\xfd\xcb\xfd2\xfe\x99\xfe\xfd\xfe`\xff\xc0\
\xff\x1d\x00x\x00\xd0\x00%\x01v\x01\xc4\x01\x0f\x02V\
\x02\x99\x02\xd9\x02\x15\x03N\x03\x83\x03\xb6\x03\xe5\x03\x12\
\x04<\x04d\x04\x8a\x04\xae\x04\xd1\x04\xf3\x04\x15\x056\
\x05X\x05z\x05\x9d\x05\xc1\x05\xe7\x05\x10\x06:\x06h\
\x06\x99\x06\xcd\x06\x05\x07@\x07\x80\x07\xc5\x07\x0d\x08[\
\x08\xad\x08\x04\x09_\x09\xbf\x09$\x0a\x8c\x0a\xf9\x0aj\
\x0b\xde\x0bV\x0c\xd0\x0cM\x0d\xcb\x0dK\x0e\xcb\x0eL\
\x0f\xcc\x0fJ\x10\xc7\x10A\x11\xb7\x11)\x12\x96\x12\xfd\
\x12]\x13\xb5\x13\x05\x14L\x14\x88\x14\xb9\x14\xdf\x14\xf8\
\x14\x03\x15\x01\x15\xef\x14\xcf\x14\x9e\x14]\x14\x0b\x14\xa8\
\x133\x13\xac\x12\x12\x12g\x11\xa8\x10\xd8\x0f\xf4\x0e\xff\
\x0d\xf8\x0c\xdf\x0b\xb4\x0ay\x09-\x08\xd2\x06h\x05\xf0\
\x03k\x02\xda\x00>\xff\x97\xfd\xe8\xfb0\xfar\xf8\xaf\
\xf6\xe9\xf4 \xf3V\xf1\x8c\xef\xc5\xed\x01\xecB\xea\x8b\
\xe8\xdb\xe65\xe5\x9b\xe3\x0d\xe2\x8e\xe0\x1f\xdf\xc0\xddu\
\xdc=\xdb\x1a\xda\x0e\xd9\x1a\xd8>\xd7{\xd6\xd3\xd5G\
\xd5\xd6\xd4\x83\xd4L\xd43\xd49\xd4\x5c\xd4\x9f\xd4\xff\
\xd4~\xd5\x1c\xd6\xd7\xd6\xb0\xd7\xa6\xd8\xb8\xd9\xe7\xda0\
\xdc\x93\xdd\x10\xdf\xa4\xe0P\xe2\x11\xe4\xe6\xe5\xce\xe7\xc8\
\xe9\xd2\xeb\xea\xed\x0f\xf0@\xf2y\xf4\xbb\xf6\x02\xf9N\
\xfb\x9c\xfd\xec\xff9\x02\x84\x04\xcb\x06\x0c\x09E\x0bt\
\x0d\x98\x0f\xb0\x11\xba\x13\xb4\x15\x9d\x17t\x198\x1b\xe7\
\x1c\x81\x1e\x04 o!\xc2\x22\xfc#\x1d%#&\x0f\
'\xe0'\x95(/)\xae)\x12*Z*\x87*\x99\
*\x91*o*4*\xe0)t)\xf0(V(\xa6\
'\xe1&\x09&\x1e%!$\x13#\xf5!\xc9 \x90\
\x1fJ\x1e\xfa\x1c\x9f\x1b<\x1a\xd1\x18`\x17\xe9\x15n\
\x14\xf0\x12o\x11\xee\x0fl\x0e\xeb\x0cl\x0b\xef\x09v\
\x08\x00\x07\x90\x05%\x04\xc0\x02b\x01\x0c\x00\xbd\xfev\
\xfd8\xfc\x02\xfb\xd6\xf9\xb3\xf8\x99\xf7\x89\xf6\x83\xf5\x86\
\xf4\x94\xf3\xab\xf2\xcc\xf1\xf7\xf0+\xf0j\xef\xb1\xee\x02\
\xee\x5c\xed\xbe\xec*\xec\x9e\xeb\x1b\xeb\x9f\xea,\xea\xc0\
\xe9\x5c\xe9\x00\xe9\xaa\xe8\x5c\xe8\x15\xe8\xd5\xe7\x9b\xe7i\
\xe7=\xe7\x17\xe7\xf8\xe6\xe0\xe6\xce\xe6\xc3\xe6\xbe\xe6\xc0\
\xe6\xc9\xe6\xd8\xe6\xef\xe6\x0c\xe71\xe7]\xe7\x91\xe7\xcc\
\xe7\x0f\xe8Z\xe8\xad\xe8\x08\xe9k\xe9\xd7\xe9K\xea\xc8\
\xeaM\xeb\xdc\xebr\xec\x12\xed\xba\xedk\xee%\xef\xe7\
\xef\xb2\xf0\x84\xf1_\xf2A\xf3*\xf4\x1b\xf5\x12\xf6\x10\
\xf7\x14\xf8\x1d\xf9*\xfa=\xfbS\xfcl\xfd\x88\xfe\xa6\
\xff\xc4\x00\xe4\x01\x03\x03!\x04>\x05Y\x06p\x07\x83\
\x08\x91\x09\x9a\x0a\x9d\x0b\x98\x0c\x8c\x0dw\x0eX\x0f0\
\x10\xfd\x10\xbf\x11u\x12\x1f\x13\xbb\x13K\x14\xcc\x14?\
\x15\xa4\x15\xf9\x15@\x16w\x16\xa0\x16\xb8\x16\xc2\x16\xbc\
\x16\xa6\x16\x82\x16O\x16\x0e\x16\xbe\x15a\x15\xf6\x14\x7f\
\x14\xfc\x13m\x13\xd4\x120\x12\x83\x11\xcd\x10\x0f\x10K\
\x0f\x80\x0e\xb1\x0d\xdd\x0c\x06\x0c,\x0bQ\x0au\x09\x99\
\x08\xbf\x07\xe7\x06\x12\x06@\x05t\x04\xac\x03\xeb\x021\
\x02\x7f\x01\xd5\x003\x00\x9c\xff\x0e\xff\x8a\xfe\x11\xfe\xa2\
\xfd>\xfd\xe6\xfc\x99\xfcW\xfc!\xfc\xf6\xfb\xd6\xfb\xc1\
\xfb\xb7\xfb\xb7\xfb\xc0\xfb\xd4\xfb\xf0\xfb\x14\xfcA\xfct\
\xfc\xae\xfc\xed\xfc2\xfd{\xfd\xc7\xfd\x16\xfef\xfe\xb8\
\xfe\x09\xffZ\xff\xa9\xff\xf5\xff>\x00\x83\x00\xc3\x00\xfe\
\x002\x01`\x01\x85\x01\xa3\x01\xb7\x01\xc3\x01\xc4\x01\xbc\
\x01\xa9\x01\x8c\x01c\x010\x01\xf1\x00\xa8\x00S\x00\xf5\
\xff\x8b\xff\x17\xff\x98\xfe\x11\xfe\x7f\xfd\xe6\xfcD\xfc\x9b\
\xfb\xeb\xfa5\xfaz\xf9\xbb\xf8\xf9\xf73\xf7m\xf6\xa5\
\xf5\xde\xf4\x18\xf4U\xf3\x95\xf2\xd9\xf1#\xf1r\xf0\xca\
\xef)\xef\x92\xee\x05\xee\x83\xed\x0d\xed\xa3\xecF\xec\xf8\
\xeb\xb8\xeb\x87\xebf\xebU\xebT\xebe\xeb\x86\xeb\xb8\
\xeb\xfc\xebP\xec\xb6\xec-\xed\xb4\xedL\xee\xf4\xee\xac\
\xefr\xf0G\xf1*\xf2\x1a\xf3\x17\xf4\x1f\xf51\xf6N\
\xf7s\xf8\x9f\xf9\xd3\xfa\x0c\xfcI\xfd\x8a\xfe\xcd\xff\x0f\
\x01S\x02\x96\x03\xd6\x04\x13\x06K\x07}\x08\xa8\x09\xcb\
\x0a\xe6\x0b\xf6\x0c\xfc\x0d\xf6\x0e\xe4\x0f\xc4\x10\x96\x11Z\
\x12\x0e\x13\xb3\x13H\x14\xcc\x14?\x15\xa1\x15\xf2\x152\
\x16`\x16}\x16\x89\x16\x83\x16n\x16G\x16\x11\x16\xcc\
\x15w\x15\x14\x15\xa4\x14&\x14\x9c\x13\x06\x13f\x12\xbc\
\x11\x08\x11M\x10\x8a\x0f\xc1\x0e\xf2\x0d\x1f\x0dI\x0cp\
\x0b\x95\x0a\xba\x09\xdf\x08\x04\x08,\x07W\x06\x85\x05\xb7\
\x04\xee\x03+\x03n\x02\xb8\x01\x0a\x01c\x00\xc5\xff0\
\xff\xa3\xfe\x1f\xfe\xa5\xfd4\xfd\xcd\xfcp\xfc\x1c\xfc\xd1\
\xfb\x91\xfbY\xfb*\xfb\x04\xfb\xe7\xfa\xd1\xfa\xc3\xfa\xbc\
\xfa\xbc\xfa\xc2\xfa\xce\xfa\xdf\xfa\xf4\xfa\x0d\xfb*\xfbJ\
\xfbk\xfb\x8f\xfb\xb3\xfb\xd8\xfb\xfc\xfb \xfcB\xfcc\
\xfc\x81\xfc\x9d\xfc\xb6\xfc\xcb\xfc\xdc\xfc\xe8\xfc\xf1\xfc\xf4\
\xfc\xf2\xfc\xec\xfc\xdf\xfc\xce\xfc\xb7\xfc\x9b\xfcy\xfcR\
\xfc&\xfc\xf5\xfb\xbf\xfb\x85\xfbF\xfb\x04\xfb\xbe\xfau\
\xfa)\xfa\xda\xf9\x8a\xf99\xf9\xe6\xf8\x94\xf8A\xf8\xef\
\xf7\x9d\xf7N\xf7\x01\xf7\xb6\xf6n\xf6*\xf6\xea\xf5\xae\
\xf5x\xf5F\xf5\x1a\xf5\xf4\xf4\xd5\xf4\xbc\xf4\xaa\xf4\x9e\
\xf4\x9a\xf4\x9d\xf4\xa8\xf4\xba\xf4\xd4\xf4\xf5\xf4\x1d\xf5M\
\xf5\x83\xf5\xc1\xf5\x06\xf6Q\xf6\xa2\xf6\xf9\xf6V\xf7\xb8\
\xf7\x1f\xf8\x8b\xf8\xfa\xf8n\xf9\xe4\xf9]\xfa\xd9\xfaV\
\xfb\xd5\xfbU\xfc\xd5\xfcU\xfd\xd5\xfdT\xfe\xd1\xfeM\
\xff\xc7\xff>\x00\xb2\x00$\x01\x93\x01\xfe\x01e\x02\xc9\
\x02(\x03\x83\x03\xdb\x03-\x04|\x04\xc6\x04\x0d\x05O\
\x05\x8d\x05\xc8\x05\xfe\x052\x06b\x06\x90\x06\xbb\x06\xe3\
\x06\x0a\x07/\x07S\x07v\x07\x98\x07\xba\x07\xdc\x07\xff\
\x07\x22\x08G\x08m\x08\x95\x08\xbf\x08\xeb\x08\x1a\x09K\
\x09\x80\x09\xb7\x09\xf2\x090\x0aq\x0a\xb5\x0a\xfd\x0aH\
\x0b\x95\x0b\xe6\x0b9\x0c\x8e\x0c\xe6\x0c?\x0d\x99\x0d\xf4\
\x0dP\x0e\xab\x0e\x06\x0f_\x0f\xb7\x0f\x0c\x10^\x10\xac\
\x10\xf6\x10;\x11y\x11\xb1\x11\xe2\x11\x0a\x12*\x12@\
\x12L\x12M\x12C\x12,\x12\x09\x12\xd9\x11\x9b\x11N\
\x11\xf3\x10\x8a\x10\x10\x10\x87\x0f\xef\x0eG\x0e\x8e\x0d\xc6\
\x0c\xee\x0b\x06\x0b\x0f\x0a\x08\x09\xf3\x07\xcf\x06\x9d\x05^\
\x04\x13\x03\xbb\x01Y\x00\xed\xfev\xfd\xf8\xfbq\xfa\xe5\
\xf8T\xf7\xbe\xf5&\xf4\x8d\xf2\xf3\xf0[\xef\xc5\xed3\
\xec\xa7\xea!\xe9\xa3\xe7/\xe6\xc5\xe4h\xe3\x18\xe2\xd7\
\xe0\xa7\xdf\x87\xdez\xdd\x81\xdc\x9d\xdb\xce\xda\x16\xdav\
\xd9\xee\xd8\x7f\xd8*\xd8\xf0\xd7\xd0\xd7\xcb\xd7\xe2\xd7\x15\
\xd8c\xd8\xce\xd8T\xd9\xf5\xd9\xb2\xda\x8a\xdb|\xdc\x88\
\xdd\xad\xde\xeb\xdf@\xe1\xac\xe2.\xe4\xc4\xe5m\xe7)\
\xe9\xf6\xea\xd2\xec\xbc\xee\xb3\xf0\xb6\xf2\xc2\xf4\xd6\xf6\xf0\
\xf8\x10\xfb3\xfdW\xff{\x01\x9e\x03\xbe\x05\xd9\x07\xed\
\x09\xfa\x0b\xfd\x0d\xf5\x0f\xe1\x11\xc0\x13\x8f\x15N\x17\xfb\
\x18\x96\x1a\x1e\x1c\x90\x1d\xed\x1e4 d!|\x22{\
#b$0%\xe4%~&\xff&f'\xb3'\xe6\
'\x00(\x01(\xe8'\xb8'p'\x10'\x9a&\x0e\
&m%\xb7$\xee#\x13#&\x22)!\x1c \x00\
\x1f\xd7\x1d\xa2\x1cb\x1b\x18\x1a\xc5\x18i\x17\x07\x16\xa0\
\x144\x13\xc4\x11R\x10\xde\x0ej\x0d\xf6\x0b\x83\x0a\x13\
\x09\xa6\x07<\x06\xd7\x04x\x03\x1e\x02\xcb\x00\x80\xff<\
\xfe\xff\xfc\xcc\xfb\xa1\xfa\x7f\xf9g\xf8X\xf7T\xf6Y\
\xf5h\xf4\x82\xf3\xa6\xf2\xd4\xf1\x0c\xf1O\xf0\x9b\xef\xf2\
\xeeR\xee\xbc\xed/\xed\xab\xec1\xec\xbf\xebV\xeb\xf6\
\xea\x9e\xeaM\xea\x05\xea\xc4\xe9\x8b\xe9Y\xe9.\xe9\x09\
\xe9\xec\xe8\xd5\xe8\xc5\xe8\xbb\xe8\xb8\xe8\xba\xe8\xc3\xe8\xd3\
\xe8\xe8\xe8\x03\xe9%\xe9L\xe9z\xe9\xaf\xe9\xe9\xe9*\
\xeaq\xea\xbf\xea\x13\xebn\xeb\xd0\xeb9\xec\xa8\xec\x1f\
\xed\x9c\xed!\xee\xac\xee>\xef\xd8\xefy\xf0 \xf1\xce\
\xf1\x83\xf2?\xf3\x01\xf4\xca\xf4\x99\xf5m\xf6G\xf7'\
\xf8\x0b\xf9\xf4\xf9\xe1\xfa\xd2\xfb\xc6\xfc\xbd\xfd\xb6\xfe\xb1\
\xff\xac\x00\xa9\x01\xa6\x02\xa2\x03\x9d\x04\x96\x05\x8c\x06\x80\
\x07o\x08Z\x09?\x0a\x1f\x0b\xf8\x0b\xc9\x0c\x93\x0dT\
\x0e\x0c\x0f\xba\x0f^\x10\xf8\x10\x85\x11\x07\x12}\x12\xe7\
\x12C\x13\x92\x13\xd4\x13\x07\x14.\x14F\x14P\x14L\
\x14:\x14\x1b\x14\xee\x13\xb3\x13l\x13\x17\x13\xb6\x12I\
\x12\xd1\x11N\x11\xc0\x10(\x10\x88\x0f\xdf\x0e.\x0ev\
\x0d\xb8\x0c\xf5\x0b.\x0bb\x0a\x94\x09\xc4\x08\xf3\x07\x22\
\x07Q\x06\x82\x05\xb6\x04\xec\x03'\x03g\x02\xac\x01\xf8\
\x00J\x00\xa6\xff\x08\xfft\xfe\xe9\xfdh\xfd\xf1\xfc\x85\
\xfc$\xfc\xcf\xfb\x84\xfbE\xfb\x12\xfb\xea\xfa\xce\xfa\xbe\
\xfa\xb8\xfa\xbe\xfa\xce\xfa\xe8\xfa\x0d\xfb;\xfbq\xfb\xb1\
\xfb\xf8\xfbF\xfc\x9a\xfc\xf4\xfcS\xfd\xb6\xfd\x1d\xfe\x86\
\xfe\xf0\xfe\x5c\xff\xc7\xff1\x00\x99\x00\xff\x00b\x01\xc0\
\x01\x1a\x02m\x02\xba\x02\x00\x03>\x03s\x03\xa0\x03\xc2\
\x03\xdb\x03\xe9\x03\xec\x03\xe5\x03\xd1\x03\xb3\x03\x88\x03R\
\x03\x10\x03\xc3\x02j\x02\x06\x02\x97\x01\x1e\x01\x9a\x00\x0d\
\x00w\xff\xd8\xfe1\xfe\x82\xfd\xce\xfc\x13\xfcT\xfb\x90\
\xfa\xc9\xf9\x00\xf96\xf8k\xf7\xa1\xf6\xd9\xf5\x13\xf5P\
\xf4\x92\xf3\xda\xf2(\xf2}\xf1\xda\xf0A\xf0\xb1\xef-\
\xef\xb4\xeeG\xee\xe7\xed\x94\xedO\xed\x19\xed\xf2\xec\xdb\
\xec\xd2\xec\xda\xec\xf2\xec\x1a\xedR\xed\x9a\xed\xf3\xed[\
\xee\xd2\xeeY\xef\xef\xef\x93\xf0E\xf1\x05\xf2\xd1\xf2\xa8\
\xf3\x8c\xf4y\xf5p\xf6p\xf7x\xf8\x87\xf9\x9b\xfa\xb4\
\xfb\xd2\xfc\xf2\xfd\x13\xff5\x00W\x01x\x02\x97\x03\xb2\
\x04\xc9\x05\xdb\x06\xe6\x07\xea\x08\xe6\x09\xd9\x0a\xc3\x0b\xa2\
\x0cu\x0d=\x0e\xf9\x0e\xa8\x0fI\x10\xdd\x10b\x11\xd9\
\x11A\x12\x9b\x12\xe5\x12!\x13N\x13l\x13{\x13|\
\x13o\x13T\x13+\x13\xf6\x12\xb4\x12f\x12\x0d\x12\xa9\
\x11:\x11\xc3\x10B\x10\xba\x0f+\x0f\x94\x0e\xf9\x0dX\
\x0d\xb3\x0c\x0b\x0ca\x0b\xb4\x0a\x07\x0aY\x09\xac\x08\x00\
\x08V\x07\xae\x06\x0a\x06i\x05\xcc\x044\x04\xa1\x03\x14\
\x03\x8d\x02\x0c\x02\x92\x01\x1e\x01\xb2\x00L\x00\xef\xff\x98\
\xffH\xff\xff\xfe\xbd\xfe\x82\xfeN\xfe \xfe\xf9\xfd\xd7\
\xfd\xbb\xfd\xa4\xfd\x92\xfd\x84\xfdz\xfdt\xfdq\xfdp\
\xfdr\xfdu\xfdy\xfd}\xfd\x82\xfd\x87\xfd\x8b\xfd\x8d\
\xfd\x8e\xfd\x8d\xfd\x89\xfd\x82\xfdy\xfdk\xfd[\xfdF\
\xfd-\xfd\x10\xfd\xee\xfc\xc8\xfc\x9d\xfcn\xfc:\xfc\x02\
\xfc\xc5\xfb\x84\xfb?\xfb\xf7\xfa\xaa\xfa[\xfa\x08\xfa\xb3\
\xf9\x5c\xf9\x03\xf9\xa8\xf8M\xf8\xf1\xf7\x95\xf79\xf7\xde\
\xf6\x85\xf6-\xf6\xd8\xf5\x86\xf57\xf5\xeb\xf4\xa5\xf4b\
\xf4%\xf4\xee\xf3\xbd\xf3\x91\xf3m\xf3O\xf39\xf3*\
\xf3#\xf3#\xf3+\xf3<\xf3T\xf3u\xf3\x9e\xf3\xce\
\xf3\x07\xf4G\xf4\x8f\xf4\xdf\xf45\xf5\x93\xf5\xf7\xf5a\
\xf6\xd1\xf6G\xf7\xc2\xf7A\xf8\xc5\xf8M\xf9\xd7\xf9e\
\xfa\xf5\xfa\x87\xfb\x1a\xfc\xae\xfcB\xfd\xd6\xfdi\xfe\xfc\
\xfe\x8d\xff\x1b\x00\xa7\x001\x01\xb8\x01;\x02\xba\x026\
\x03\xad\x03\x1f\x04\x8d\x04\xf6\x04Z\x05\xb9\x05\x13\x06h\
\x06\xb8\x06\x03\x07H\x07\x89\x07\xc6\x07\xfd\x071\x08`\
\x08\x8c\x08\xb4\x08\xd9\x08\xfb\x08\x1a\x097\x09R\x09k\
\x09\x83\x09\x9a\x09\xb1\x09\xc7\x09\xdd\x09\xf4\x09\x0b\x0a$\
\x0a=\x0aX\x0au\x0a\x93\x0a\xb4\x0a\xd7\x0a\xfb\x0a#\
\x0bL\x0bx\x0b\xa6\x0b\xd6\x0b\x08\x0c;\x0cq\x0c\xa7\
\x0c\xdf\x0c\x18\x0dP\x0d\x89\x0d\xc1\x0d\xf9\x0d/\x0ec\
\x0e\x94\x0e\xc3\x0e\xee\x0e\x14\x0f6\x0fS\x0fi\x0fy\
\x0f\x81\x0f\x82\x0f{\x0fj\x0fP\x0f+\x0f\xfc\x0e\xc2\
\x0e}\x0e+\x0e\xcd\x0dc\x0d\xeb\x0cg\x0c\xd5\x0b6\
\x0b\x89\x0a\xcf\x09\x07\x092\x08P\x07a\x06f\x05_\
\x04K\x03-\x02\x04\x01\xd1\xff\x95\xfeP\xfd\x03\xfc\xaf\
\xfaV\xf9\xf7\xf7\x94\xf6/\xf5\xc7\xf3_\xf2\xf7\xf0\x91\
\xef-\xee\xce\xect\xeb \xea\xd4\xe8\x91\xe7X\xe6+\
\xe5\x09\xe4\xf6\xe2\xf2\xe1\xfd\xe0\x19\xe0H\xdf\x89\xde\xde\
\xddH\xdd\xc7\xdc\x5c\xdc\x08\xdc\xcc\xdb\xa7\xdb\x9b\xdb\xa7\
\xdb\xcc\xdb\x0a\xdca\xdc\xd1\xdc[\xdd\xfd\xdd\xb7\xde\x8a\
\xdft\xe0v\xe1\x8e\xe2\xbb\xe3\xfe\xe4U\xe6\xc0\xe7<\
\xe9\xca\xeah\xec\x15\xee\xcf\xef\x96\xf1h\xf3C\xf5'\
\xf7\x11\xf9\x01\xfb\xf5\xfc\xeb\xfe\xe1\x00\xd7\x02\xcb\x04\xbb\
\x06\xa7\x08\x8c\x0ai\x0c=\x0e\x06\x10\xc3\x11s\x13\x15\
\x15\xa7\x16(\x18\x98\x19\xf5\x1a?\x1cu\x1d\x95\x1e\xa0\
\x1f\x94 r!8\x22\xe7\x22\x7f#\xfe#e$\xb4\
$\xeb$\x0a%\x11%\x01%\xda$\x9c$I$\xe0\
#b#\xd0\x22*\x22r!\xa8 \xcd\x1f\xe2\x1e\xe9\
\x1d\xe1\x1c\xcb\x1b\xaa\x1a~\x19H\x18\x09\x17\xc2\x15u\
\x14!\x13\xc9\x11m\x10\x0f\x0f\xae\x0dM\x0c\xec\x0a\x8d\
\x09/\x08\xd4\x06|\x05)\x04\xdb\x02\x92\x01P\x00\x16\
\xff\xe2\xfd\xb6\xfc\x92\xfbw\xfaf\xf9]\xf8^\xf7i\
\xf6\x7f\xf5\x9e\xf4\xc7\xf3\xfb\xf29\xf2\x82\xf1\xd4\xf01\
\xf0\x98\xef\x09\xef\x84\xee\x08\xee\x96\xed-\xed\xcd\xecv\
\xec'\xec\xe1\xeb\xa3\xebl\xeb>\xeb\x16\xeb\xf6\xea\xdd\
\xea\xcb\xea\xbf\xea\xba\xea\xbb\xea\xc2\xea\xcf\xea\xe1\xea\xfa\
\xea\x18\xeb;\xebd\xeb\x92\xeb\xc6\xeb\xfe\xeb<\xec\x80\
\xec\xc8\xec\x16\xedi\xed\xc2\xed\x1f\xee\x83\xee\xeb\xeeY\
\xef\xcd\xefF\xf0\xc4\xf0H\xf1\xd2\xf1a\xf2\xf5\xf2\x8f\
\xf3.\xf4\xd3\xf4}\xf5+\xf6\xdf\xf6\x98\xf7T\xf8\x16\
\xf9\xdb\xf9\xa4\xfaq\xfb@\xfc\x13\xfd\xe8\xfd\xbf\xfe\x97\
\xffp\x00K\x01%\x02\x00\x03\xd9\x03\xb2\x04\x88\x05\x5c\
\x06,\x07\xfa\x07\xc2\x08\x87\x09E\x0a\xfe\x0a\xb0\x0b[\
\x0c\xff\x0c\x9a\x0d-\x0e\xb6\x0e6\x0f\xac\x0f\x17\x10w\
\x10\xcc\x10\x16\x11T\x11\x86\x11\xab\x11\xc5\x11\xd2\x11\xd2\
\x11\xc6\x11\xad\x11\x89\x11X\x11\x1b\x11\xd2\x10~\x10\x1e\
\x10\xb4\x0f@\x0f\xc2\x0e;\x0e\xab\x0d\x12\x0ds\x0c\xcc\
\x0b\x1f\x0bm\x0a\xb6\x09\xfc\x08>\x08~\x07\xbc\x06\xfa\
\x058\x05w\x04\xb7\x03\xfa\x02@\x02\x8b\x01\xda\x00/\
\x00\x8b\xff\xed\xfeW\xfe\xc9\xfdD\xfd\xc8\xfcU\xfc\xed\
\xfb\x8f\xfb<\xfb\xf4\xfa\xb7\xfa\x86\xfa`\xfaE\xfa6\
\xfa3\xfa:\xfaM\xfaj\xfa\x92\xfa\xc3\xfa\xff\xfaC\
\xfb\x90\xfb\xe5\xfbA\xfc\xa4\xfc\x0e\xfd|\xfd\xef\xfdf\
\xfe\xe0\xfe[\xff\xd9\xffU\x00\xd3\x00O\x01\xc9\x01@\
\x02\xb3\x02\x22\x03\x8b\x03\xef\x03K\x04\xa0\x04\xed\x041\
\x05k\x05\x9c\x05\xc2\x05\xde\x05\xee\x05\xf3\x05\xeb\x05\xd8\
\x05\xb9\x05\x8e\x05V\x05\x13\x05\xc3\x04h\x04\x01\x04\x8f\
\x03\x12\x03\x8a\x02\xf9\x01^\x01\xba\x00\x0e\x00\x5c\xff\xa1\
\xfe\xe1\xfd\x1c\xfdS\xfc\x86\xfb\xb6\xfa\xe5\xf9\x13\xf9B\
\xf8q\xf7\xa3\xf6\xd9\xf5\x12\xf5P\xf4\x94\xf3\xdf\xf22\
\xf2\x8e\xf1\xf2\xf0a\xf0\xdb\xefa\xef\xf3\xee\x91\xee>\
\xee\xf7\xed\xc0\xed\x97\xed}\xedr\xedv\xed\x8a\xed\xae\
\xed\xe1\xed#\xeeu\xee\xd5\xeeE\xef\xc3\xefO\xf0\xe8\
\xf0\x8e\xf1A\xf2\x00\xf3\xc9\xf3\x9d\xf4{\xf5b\xf6P\
\xf7F\xf8B\xf9C\xfaH\xfbQ\xfc]\xfdi\xfew\
\xff\x83\x00\x8f\x01\x98\x02\x9e\x03\xa0\x04\x9d\x05\x95\x06\x86\
\x07o\x08P\x09(\x0a\xf7\x0a\xbc\x0bv\x0c%\x0d\xc9\
\x0d`\x0e\xeb\x0ej\x0f\xdc\x0fA\x10\x99\x10\xe3\x10!\
\x11Q\x11u\x11\x8b\x11\x95\x11\x93\x11\x85\x11k\x11F\
\x11\x17\x11\xdd\x10\x99\x10L\x10\xf6\x0f\x98\x0f3\x0f\xc7\
\x0eU\x0e\xde\x0da\x0d\xe1\x0c\x5c\x0c\xd5\x0bL\x0b\xc2\
\x0a6\x0a\xaa\x09\x1e\x09\x93\x08\x0a\x08\x82\x07\xfd\x06z\
\x06\xfa\x05\x7f\x05\x07\x05\x93\x04#\x04\xb9\x03S\x03\xf2\
\x02\x96\x02?\x02\xed\x01\xa0\x01X\x01\x15\x01\xd7\x00\x9e\
\x00i\x008\x00\x0b\x00\xe2\xff\xbc\xff\x99\xffx\xffZ\
\xff>\xff#\xff\x09\xff\xf1\xfe\xd8\xfe\xc0\xfe\xa7\xfe\x8d\
\xfer\xfeV\xfe8\xfe\x18\xfe\xf6\xfd\xd1\xfd\xa9\xfd~\
\xfdP\xfd\x1f\xfd\xea\xfc\xb1\xfcu\xfc5\xfc\xf2\xfb\xab\
\xfb`\xfb\x12\xfb\xc1\xfam\xfa\x16\xfa\xbd\xf9a\xf9\x03\
\xf9\xa4\xf8C\xf8\xe2\xf7\x80\xf7\x1d\xf7\xbb\xf6Z\xf6\xfb\
\xf5\x9c\xf5@\xf5\xe7\xf4\x91\xf4>\xf4\xef\xf3\xa5\xf3`\
\xf3 \xf3\xe5\xf2\xb1\xf2\x83\xf2\x5c\xf2=\xf2$\xf2\x14\
\xf2\x0b\xf2\x0a\xf2\x11\xf2!\xf2:\xf2Z\xf2\x84\xf2\xb5\
\xf2\xf0\xf22\xf3}\xf3\xcf\xf3*\xf4\x8c\xf4\xf5\xf4e\
\xf5\xdc\xf5Y\xf6\xdc\xf6d\xf7\xf2\xf7\x83\xf8\x19\xf9\xb3\
\xf9P\xfa\xef\xfa\x90\xfb3\xfc\xd7\xfc{\xfd\x1f\xfe\xc3\
\xfee\xff\x06\x00\xa5\x00A\x01\xdb\x01q\x02\x04\x03\x93\
\x03\x1d\x04\xa2\x04#\x05\x9e\x05\x14\x06\x84\x06\xee\x06S\
\x07\xb1\x07\x0a\x08]\x08\xa9\x08\xf0\x081\x09l\x09\xa2\
\x09\xd2\x09\xfd\x09#\x0aE\x0ab\x0a{\x0a\x90\x0a\xa2\
\x0a\xb1\x0a\xbc\x0a\xc6\x0a\xcd\x0a\xd3\x0a\xd7\x0a\xda\x0a\xdd\
\x0a\xdf\x0a\xe1\x0a\xe3\x0a\xe6\x0a\xea\x0a\xee\x0a\xf4\x0a\xfb\
\x0a\x03\x0b\x0d\x0b\x19\x0b'\x0b6\x0bG\x0bZ\x0bn\
\x0b\x84\x0b\x9b\x0b\xb3\x0b\xcc\x0b\xe6\x0b\x00\x0c\x1a\x0c3\
\x0cL\x0cd\x0cz\x0c\x8e\x0c\x9f\x0c\xad\x0c\xb8\x0c\xbf\
\x0c\xc1\x0c\xbe\x0c\xb6\x0c\xa7\x0c\x92\x0cu\x0cQ\x0c%\
\x0c\xf0\x0b\xb2\x0bk\x0b\x1a\x0b\xbf\x0aZ\x0a\xea\x09o\
\x09\xe9\x08X\x08\xbc\x07\x15\x07b\x06\xa5\x05\xdc\x04\x09\
\x04+\x03C\x02Q\x01V\x00S\xffG\xfe3\xfd\x17\
\xfc\xf6\xfa\xce\xf9\xa2\xf8r\xf7?\xf6\x09\xf5\xd2\xf3\x9b\
\xf2e\xf10\xf0\xfe\xee\xd0\xed\xa6\xec\x83\xebg\xeaS\
\xe9I\xe8H\xe7S\xe6j\xe5\x8f\xe4\xc2\xe3\x04\xe3W\
\xe2\xba\xe1/\xe1\xb7\xe0R\xe0\x00\xe0\xc3\xdf\x9b\xdf\x88\
\xdf\x8b\xdf\xa4\xdf\xd3\xdf\x18\xe0s\xe0\xe5\xe0m\xe1\x0b\
\xe2\xbf\xe2\x88\xe3g\xe4Y\xe5`\xe6z\xe7\xa7\xe8\xe5\
\xe94\xeb\x93\xec\x02\xee~\xef\x07\xf1\x9d\xf2<\xf4\xe6\
\xf5\x97\xf7O\xf9\x0d\xfb\xcf\xfc\x94\xfeY\x00 \x02\xe6\
\x03\xa9\x05h\x07\x22\x09\xd6\x0a\x82\x0c%\x0e\xbd\x0fK\
\x11\xcb\x12?\x14\xa3\x15\xf8\x16<\x18o\x19\x90\x1a\x9e\
\x1b\x99\x1c\x7f\x1dQ\x1e\x0d\x1f\xb4\x1fF \xc1 &\
!u!\xae!\xd1!\xde!\xd5!\xb7!\x84!<\
!\xe0 q \xef\x1fZ\x1f\xb4\x1e\xfd\x1d6\x1d_\
\x1c{\x1b\x88\x1a\x8a\x19\x80\x18k\x17L\x16%\x15\xf6\
\x13\xc1\x12\x86\x11F\x10\x02\x0f\xbc\x0dt\x0c+\x0b\xe2\
\x09\x99\x08S\x07\x0f\x06\xce\x04\x91\x03Y\x02&\x01\xfb\
\xff\xd5\xfe\xb6\xfd\x9e\xfc\x8f\xfb\x88\xfa\x8a\xf9\x95\xf8\xa9\
\xf7\xc7\xf6\xef\xf5!\xf5\x5c\xf4\xa2\xf3\xf2\xf2L\xf2\xb1\
\xf1\x1f\xf1\x97\xf0\x19\xf0\xa5\xef:\xef\xd9\xee\x80\xee1\
\xee\xea\xed\xac\xedu\xedG\xed!\xed\x01\xed\xe9\xec\xd8\
\xec\xce\xec\xca\xec\xcc\xec\xd4\xec\xe2\xec\xf5\xec\x0e\xed,\
\xedO\xedw\xed\xa4\xed\xd5\xed\x0b\xeeE\xee\x83\xee\xc6\
\xee\x0d\xefX\xef\xa8\xef\xfb\xefS\xf0\xae\xf0\x0e\xf1r\
\xf1\xdb\xf1G\xf2\xb7\xf2,\xf3\xa5\xf3\x22\xf4\xa3\xf4(\
\xf5\xb1\xf5>\xf6\xd0\xf6e\xf7\xfe\xf7\x9b\xf8;\xf9\xdf\
\xf9\x86\xfa0\xfb\xdd\xfb\x8c\xfc>\xfd\xf2\xfd\xa8\xfe_\
\xff\x17\x00\xd0\x00\x8a\x01C\x02\xfd\x02\xb5\x03l\x04!\
\x05\xd5\x05\x85\x062\x07\xdc\x07\x81\x08\x22\x09\xbd\x09S\
\x0a\xe3\x0al\x0b\xee\x0bi\x0c\xdb\x0cE\x0d\xa7\x0d\xff\
\x0dN\x0e\x93\x0e\xce\x0e\xff\x0e%\x0fA\x0fR\x0fX\
\x0fS\x0fC\x0f(\x0f\x03\x0f\xd2\x0e\x97\x0eR\x0e\x03\
\x0e\xa9\x0dG\x0d\xdb\x0cg\x0c\xea\x0bf\x0b\xda\x0aH\
\x0a\xb0\x09\x13\x09p\x08\xca\x07 \x07t\x06\xc5\x05\x16\
\x05f\x04\xb6\x03\x07\x03Z\x02\xaf\x01\x08\x01e\x00\xc7\
\xff.\xff\x9b\xfe\x0e\xfe\x88\xfd\x0b\xfd\x95\xfc)\xfc\xc5\
\xfbl\xfb\x1c\xfb\xd6\xfa\x9c\xfak\xfaF\xfa,\xfa\x1d\
\xfa\x19\xfa \xfa2\xfaN\xfau\xfa\xa6\xfa\xe1\xfa%\
\xfbs\xfb\xc8\xfb&\xfc\x8b\xfc\xf7\xfcj\xfd\xe1\xfd]\
\xfe\xde\xfea\xff\xe7\xffn\x00\xf6\x00~\x01\x06\x02\x8c\
\x02\x0f\x03\x8f\x03\x0b\x04\x82\x04\xf3\x04^\x05\xc2\x05\x1e\
\x06q\x06\xbc\x06\xfd\x063\x07_\x07\x80\x07\x95\x07\x9f\
\x07\x9d\x07\x8e\x07s\x07L\x07\x18\x07\xd8\x06\x8c\x063\
\x06\xcf\x05_\x05\xe3\x04]\x04\xcc\x032\x03\x8e\x02\xe1\
\x01,\x01p\x00\xaf\xff\xe6\xfe\x19\xfeG\xfdr\xfc\x9b\
\xfb\xc2\xfa\xe9\xf9\x10\xf98\xf8c\xf7\x91\xf6\xc2\xf5\xf9\
\xf46\xf4z\xf3\xc5\xf2\x19\xf2v\xf1\xdd\xf0N\xf0\xcb\
\xefT\xef\xea\xee\x8d\xee=\xee\xfb\xed\xc8\xed\xa3\xed\x8d\
\xed\x86\xed\x8e\xed\xa5\xed\xcb\xed\x01\xeeE\xee\x98\xee\xf9\
\xeei\xef\xe6\xefp\xf0\x08\xf1\xab\xf1[\xf2\x15\xf3\xd9\
\xf3\xa8\xf4\x7f\xf5^\xf6E\xf71\xf8$\xf9\x1b\xfa\x16\
\xfb\x15\xfc\x15\xfd\x16\xfe\x17\xff\x17\x00\x17\x01\x14\x02\x0e\
\x03\x04\x04\xf5\x04\xe0\x05\xc5\x06\xa4\x07z\x08I\x09\x0e\
\x0a\xca\x0a}\x0b%\x0c\xc2\x0cT\x0d\xdc\x0dW\x0e\xc7\
\x0e,\x0f\x84\x0f\xd0\x0f\x11\x10F\x10o\x10\x8c\x10\x9f\
\x10\xa6\x10\xa2\x10\x95\x10}\x10[\x100\x10\xfd\x0f\xc1\
\x0f~\x0f3\x0f\xe2\x0e\x8a\x0e-\x0e\xcb\x0dd\x0d\xfa\
\x0c\x8c\x0c\x1b\x0c\xa8\x0b3\x0b\xbe\x0aG\x0a\xd0\x09Z\
\x09\xe4\x08o\x08\xfc\x07\x8a\x07\x1a\x07\xad\x06B\x06\xda\
\x05v\x05\x14\x05\xb5\x04Z\x04\x02\x04\xae\x03]\x03\x0f\
\x03\xc4\x02}\x028\x02\xf7\x01\xb7\x01{\x01@\x01\x07\
\x01\xd1\x00\x9b\x00g\x003\x00\x00\x00\xce\xff\x9c\xffi\
\xff5\xff\x01\xff\xcb\xfe\x94\xfe\x5c\xfe\x22\xfe\xe5\xfd\xa7\
\xfdf\xfd#\xfd\xdd\xfc\x95\xfcJ\xfc\xfc\xfb\xab\xfbX\
\xfb\x02\xfb\xaa\xfaO\xfa\xf2\xf9\x93\xf93\xf9\xd0\xf8m\
\xf8\x08\xf8\xa3\xf7=\xf7\xd8\xf6r\xf6\x0e\xf6\xaa\xf5H\
\xf5\xe8\xf4\x8b\xf40\xf4\xd9\xf3\x85\xf36\xf3\xeb\xf2\xa5\
\xf2d\xf2*\xf2\xf5\xf1\xc7\xf1\xa0\xf1\x80\xf1g\xf1V\
\xf1M\xf1L\xf1T\xf1d\xf1|\xf1\x9d\xf1\xc7\xf1\xfa\
\xf15\xf2y\xf2\xc5\xf2\x19\xf3v\xf3\xdb\xf3G\xf4\xbb\
\xf45\xf5\xb7\xf5?\xf6\xcd\xf6`\xf7\xf9\xf7\x96\xf88\
\xf9\xdd\xf9\x85\xfa0\xfb\xdd\xfb\x8b\xfc;\xfd\xeb\xfd\x9b\
\xfeJ\xff\xf8\xff\xa4\x00N\x01\xf6\x01\x9b\x02<\x03\xd9\
\x03r\x04\x06\x05\x95\x05\x1e\x06\xa2\x06 \x07\x97\x07\x09\
\x08s\x08\xd7\x084\x09\x8b\x09\xda\x09#\x0ae\x0a\xa0\
\x0a\xd4\x0a\x03\x0b+\x0bM\x0bi\x0b\x7f\x0b\x90\x0b\x9c\
\x0b\xa4\x0b\xa7\x0b\xa6\x0b\xa1\x0b\x9a\x0b\x8f\x0b\x81\x0br\
\x0b`\x0bM\x0b9\x0b$\x0b\x0f\x0b\xf9\x0a\xe4\x0a\xcf\
\x0a\xba\x0a\xa7\x0a\x95\x0a\x83\x0at\x0af\x0aY\x0aN\
\x0aE\x0a=\x0a7\x0a2\x0a/\x0a-\x0a-\x0a-\
\x0a-\x0a.\x0a/\x0a0\x0a0\x0a/\x0a-\x0a)\
\x0a\x22\x0a\x19\x0a\x0d\x0a\xfe\x09\xea\x09\xd2\x09\xb5\x09\x93\
\x09j\x09<\x09\x07\x09\xcb\x08\x88\x08=\x08\xea\x07\x8e\
\x07+\x07\xbe\x06H\x06\xca\x05B\x05\xb1\x04\x17\x04t\
\x03\xc8\x02\x12\x02U\x01\x8e\x00\xc1\xff\xeb\xfe\x0d\xfe(\
\xfd=\xfcL\xfbV\xfaZ\xf9[\xf8Y\xf7T\xf6M\
\xf5E\xf4=\xf36\xf20\xf1-\xf0.\xef3\xee=\
\xedM\xece\xeb\x85\xea\xae\xe9\xe1\xe8\x1f\xe8i\xe7\xbf\
\xe6#\xe6\x95\xe5\x15\xe5\xa6\xe4G\xe4\xf8\xe3\xbc\xe3\x91\
\xe3x\xe3r\xe3\x80\xe3\xa0\xe3\xd4\xe3\x1c\xe4w\xe4\xe6\
\xe4i\xe5\xfe\xe5\xa7\xe6c\xe71\xe8\x11\xe9\x03\xea\x05\
\xeb\x18\xec:\xedk\xee\xaa\xef\xf6\xf0N\xf2\xb1\xf3\x1e\
\xf5\x95\xf6\x13\xf8\x98\xf9#\xfb\xb3\xfcF\xfe\xdb\xffp\
\x01\x06\x03\x9a\x04+\x06\xb9\x07A\x09\xc3\x0a>\x0c\xb0\
\x0d\x19\x0fw\x10\xc9\x11\x0f\x13G\x14p\x15\x8a\x16\x95\
\x17\x8e\x18v\x19M\x1a\x11\x1b\xc2\x1b_\x1c\xe9\x1c`\
\x1d\xc2\x1d\x10\x1eJ\x1ep\x1e\x82\x1e\x80\x1ek\x1eB\
\x1e\x06\x1e\xb8\x1dW\x1d\xe6\x1cc\x1c\xcf\x1b-\x1b{\
\x1a\xbb\x19\xed\x18\x13\x18-\x17<\x16A\x15=\x140\
\x13\x1d\x12\x02\x11\xe3\x0f\xbe\x0e\x96\x0dl\x0c?\x0b\x12\
\x0a\xe4\x08\xb7\x07\x8b\x06b\x05;\x04\x18\x03\xfa\x01\xe0\
\x00\xcd\xff\xc0\xfe\xb9\xfd\xb9\xfc\xc1\xfb\xd0\xfa\xe9\xf9\x09\
\xf93\xf8f\xf7\xa2\xf6\xe8\xf57\xf5\x90\xf4\xf3\xf3_\
\xf3\xd6\xf2V\xf2\xdf\xf1r\xf1\x0e\xf1\xb3\xf0a\xf0\x18\
\xf0\xd8\xef\xa0\xefp\xefG\xef&\xef\x0d\xef\xfa\xee\xee\
\xee\xe9\xee\xe9\xee\xf0\xee\xfc\xee\x0e\xef$\xef@\xefa\
\xef\x85\xef\xaf\xef\xdc\xef\x0d\xf0B\xf0{\xf0\xb7\xf0\xf7\
\xf0:\xf1\x80\xf1\xca\xf1\x16\xf2f\xf2\xb9\xf2\x0e\xf3g\
\xf3\xc3\xf3!\xf4\x83\xf4\xe8\xf4O\xf5\xba\xf5'\xf6\x98\
\xf6\x0b\xf7\x82\xf7\xfb\xf7x\xf8\xf7\xf8y\xf9\xfd\xf9\x85\
\xfa\x0e\xfb\x9b\xfb)\xfc\xba\xfcM\xfd\xe2\xfdx\xfe\x0f\
\xff\xa8\xff@\x00\xdb\x00u\x01\x0f\x02\xa9\x02C\x03\xdb\
\x03r\x04\x07\x05\x9a\x05*\x06\xb7\x06A\x07\xc7\x07H\
\x08\xc5\x08=\x09\xaf\x09\x1c\x0a\x82\x0a\xe1\x0a9\x0b\x8a\
\x0b\xd4\x0b\x15\x0cN\x0c\x7f\x0c\xa6\x0c\xc5\x0c\xdb\x0c\xe7\
\x0c\xea\x0c\xe4\x0c\xd4\x0c\xbb\x0c\x99\x0cm\x0c8\x0c\xfa\
\x0b\xb3\x0bd\x0b\x0c\x0b\xad\x0aF\x0a\xd7\x09b\x09\xe7\
\x08f\x08\xdf\x07T\x07\xc4\x061\x06\x9b\x05\x03\x05i\
\x04\xce\x032\x03\x97\x02\xfd\x01d\x01\xce\x00;\x00\xac\
\xff!\xff\x9a\xfe\x1a\xfe\x9f\xfd+\xfd\xbe\xfcX\xfc\xfb\
\xfb\xa7\xfb[\xfb\x19\xfb\xe0\xfa\xb1\xfa\x8c\xfar\xfab\
\xfa\x5c\xfa`\xfao\xfa\x88\xfa\xab\xfa\xd9\xfa\x0f\xfbP\
\xfb\x99\xfb\xeb\xfbE\xfc\xa6\xfc\x0f\xfd\x7f\xfd\xf4\xfdo\
\xfe\xef\xfes\xff\xfa\xff\x82\x00\x0e\x01\x9a\x01'\x02\xb3\
\x02=\x03\xc6\x03K\x04\xcd\x04K\x05\xc3\x055\x06\xa0\
\x06\x04\x07`\x07\xb4\x07\xfe\x07>\x08t\x08\x9f\x08\xc0\
\x08\xd4\x08\xdd\x08\xda\x08\xca\x08\xae\x08\x86\x08Q\x08\x10\
\x08\xc3\x07i\x07\x03\x07\x92\x06\x15\x06\x8d\x05\xfb\x04_\
\x04\xb9\x03\x0a\x03S\x02\x94\x01\xcf\x00\x03\x003\xff^\
\xfe\x85\xfd\xa9\xfc\xcb\xfb\xec\xfa\x0d\xfa/\xf9R\xf8x\
\xf7\xa2\xf6\xd0\xf5\x03\xf5=\xf4}\xf3\xc5\xf2\x16\xf2q\
\xf1\xd5\xf0D\xf0\xbf\xefE\xef\xd8\xeex\xee%\xee\xe1\
\xed\xaa\xed\x82\xedh\xed]\xeda\xedt\xed\x96\xed\xc7\
\xed\x06\xeeS\xee\xaf\xee\x19\xef\x90\xef\x14\xf0\xa4\xf0A\
\xf1\xe9\xf1\x9c\xf2Y\xf3 \xf4\xf0\xf4\xc7\xf5\xa6\xf6\x8c\
\xf7w\xf8g\xf9[\xfaR\xfbL\xfcG\xfdC\xfe>\
\xff8\x000\x01&\x02\x19\x03\x07\x04\xf1\x04\xd5\x05\xb2\
\x06\x89\x07X\x08 \x09\xdf\x09\x94\x0aA\x0b\xe3\x0b|\
\x0c\x0a\x0d\x8e\x0d\x06\x0et\x0e\xd7\x0e.\x0f{\x0f\xbc\
\x0f\xf3\x0f\x1f\x10@\x10V\x10b\x10e\x10]\x10M\
\x103\x10\x11\x10\xe7\x0f\xb5\x0f|\x0f<\x0f\xf6\x0e\xaa\
\x0eX\x0e\x02\x0e\xa7\x0dI\x0d\xe7\x0c\x82\x0c\x1b\x0c\xb2\
\x0bG\x0b\xdb\x0an\x0a\x01\x0a\x93\x09&\x09\xba\x08N\
\x08\xe4\x07z\x07\x13\x07\xad\x06H\x06\xe6\x05\x86\x05'\
\x05\xcb\x04q\x04\x18\x04\xc2\x03n\x03\x1b\x03\xcb\x02{\
\x02-\x02\xe1\x01\x95\x01J\x01\x00\x01\xb7\x00n\x00$\
\x00\xdc\xff\x93\xffH\xff\xfe\xfe\xb2\xfee\xfe\x17\xfe\xc8\
\xfdw\xfd$\xfd\xd0\xfcz\xfc#\xfc\xc9\xfbn\xfb\x11\
\xfb\xb3\xfaS\xfa\xf1\xf9\x8e\xf9)\xf9\xc4\xf8]\xf8\xf6\
\xf7\x8f\xf7'\xf7\xc0\xf6Y\xf6\xf3\xf5\x8f\xf5+\xf5\xca\
\xf4k\xf4\x0e\xf4\xb4\xf3^\xf3\x0c\xf3\xbe\xf2t\xf20\
\xf2\xf1\xf1\xb8\xf1\x84\xf1W\xf11\xf1\x12\xf1\xfb\xf0\xeb\
\xf0\xe3\xf0\xe2\xf0\xea\xf0\xfb\xf0\x14\xf15\xf1`\xf1\x92\
\xf1\xce\xf1\x12\xf2_\xf2\xb4\xf2\x11\xf3w\xf3\xe4\xf3Y\
\xf4\xd5\xf4Y\xf5\xe3\xf5s\xf6\x09\xf7\xa5\xf7E\xf8\xeb\
\xf8\x94\xf9A\xfa\xf1\xfa\xa4\xfbY\xfc\x0f\xfd\xc6\xfd}\
\xfe5\xff\xeb\xff\xa0\x00S\x01\x04\x02\xb3\x02^\x03\x05\
\x04\xa8\x04F\x05\xe0\x05s\x06\x01\x07\x89\x07\x0b\x08\x86\
\x08\xf9\x08f\x09\xcc\x09*\x0a\x81\x0a\xd0\x0a\x17\x0bX\
\x0b\x90\x0b\xc1\x0b\xeb\x0b\x0e\x0c*\x0c?\x0cN\x0cV\
\x0cY\x0cU\x0cM\x0c?\x0c-\x0c\x16\x0c\xfc\x0b\xde\
\x0b\xbd\x0b\x99\x0bs\x0bJ\x0b \x0b\xf5\x0a\xc9\x0a\x9d\
\x0ap\x0aD\x0a\x18\x0a\xec\x09\xc2\x09\x98\x09p\x09J\
\x09%\x09\x02\x09\xe1\x08\xc2\x08\xa5\x08\x8a\x08p\x08X\
\x08B\x08.\x08\x1b\x08\x09\x08\xf8\x07\xe7\x07\xd7\x07\xc8\
\x07\xb8\x07\xa7\x07\x95\x07\x82\x07n\x07W\x07>\x07\x22\
\x07\x03\x07\xe0\x06\xb9\x06\x8e\x06]\x06(\x06\xed\x05\xac\
\x05e\x05\x18\x05\xc4\x04i\x04\x07\x04\x9d\x03-\x03\xb5\
\x025\x02\xae\x01 \x01\x8a\x00\xee\xffJ\xff\x9f\xfe\xee\
\xfd6\xfdx\xfc\xb5\xfb\xed\xfa!\xfaP\xf9|\xf8\xa5\
\xf7\xcc\xf6\xf1\xf5\x16\xf5:\xf4_\xf3\x85\xf2\xad\xf1\xd8\
\xf0\x07\xf0:\xefs\xee\xb1\xed\xf7\xecE\xec\x9b\xeb\xfb\
\xead\xea\xd9\xe9Y\xe9\xe5\xe8~\xe8%\xe8\xda\xe7\x9d\
\xe7p\xe7R\xe7D\xe7G\xe7Z\xe7}\xe7\xb2\xe7\xf7\
\xe7N\xe8\xb6\xe8/\xe9\xb8\xe9R\xea\xfd\xea\xb7\xeb\x82\
\xec[\xedC\xee9\xef<\xf0M\xf1i\xf2\x90\xf3\xc2\
\xf4\xfe\xf5B\xf7\x8e\xf8\xe1\xf9:\xfb\x97\xfc\xf8\xfd[\
\xff\xc0\x00%\x02\x8a\x03\xee\x04N\x06\xab\x07\x03\x09U\
\x0a\xa0\x0b\xe4\x0c\x1e\x0eN\x0ft\x10\x8f\x11\x9c\x12\x9d\
\x13\x90\x14t\x15J\x16\x0f\x17\xc4\x17i\x18\xfd\x18\x7f\
\x19\xef\x19N\x1a\x9b\x1a\xd6\x1a\xff\x1a\x16\x1b\x1a\x1b\x0e\
\x1b\xef\x1a\xc0\x1a\x80\x1a/\x1a\xce\x19^\x19\xde\x18Q\
\x18\xb5\x17\x0d\x17X\x16\x97\x15\xcb\x14\xf5\x13\x16\x13.\
\x12>\x11G\x10K\x0fI\x0eB\x0d9\x0c,\x0b\x1d\
\x0a\x0e\x09\xfe\x07\xee\x06\xe0\x05\xd3\x04\xca\x03\xc3\x02\xc1\
\x01\xc3\x00\xcb\xff\xd8\xfe\xea\xfd\x04\xfd%\xfcM\xfb|\
\xfa\xb4\xf9\xf4\xf8=\xf8\x8e\xf7\xe9\xf6L\xf6\xb9\xf5.\
\xf5\xad\xf45\xf4\xc6\xf3_\xf3\x02\xf3\xae\xf2b\xf2\x1e\
\xf2\xe2\xf1\xaf\xf1\x83\xf1_\xf1B\xf1+\xf1\x1c\xf1\x13\
\xf1\x10\xf1\x13\xf1\x1b\xf1)\xf1;\xf1S\xf1o\xf1\x8f\
\xf1\xb3\xf1\xdb\xf1\x06\xf25\xf2g\xf2\x9c\xf2\xd4\xf2\x0e\
\xf3K\xf3\x8a\xf3\xcc\xf3\x10\xf4V\xf4\x9f\xf4\xe9\xf46\
\xf5\x84\xf5\xd4\xf5'\xf6{\xf6\xd1\xf6*\xf7\x84\xf7\xe0\
\xf7?\xf8\x9f\xf8\x01\xf9f\xf9\xcc\xf94\xfa\x9f\xfa\x0b\
\xfbz\xfb\xea\xfb\x5c\xfc\xd0\xfcE\xfd\xbc\xfd4\xfe\xae\
\xfe)\xff\xa5\xff \x00\x9d\x00\x1b\x01\x98\x01\x15\x02\x92\
\x02\x0f\x03\x8a\x03\x04\x04|\x04\xf2\x04f\x05\xd8\x05F\
\x06\xb1\x06\x19\x07|\x07\xdb\x076\x08\x8b\x08\xdb\x08%\
\x09j\x09\xa8\x09\xdf\x09\x10\x0a9\x0a\x5c\x0av\x0a\x8a\
\x0a\x95\x0a\x99\x0a\x95\x0a\x88\x0at\x0aX\x0a4\x0a\x08\
\x0a\xd4\x09\x99\x09W\x09\x0d\x09\xbc\x08e\x08\x08\x08\xa4\
\x07;\x07\xcd\x06[\x06\xe4\x05i\x05\xeb\x04k\x04\xe8\
\x03d\x03\xdf\x02Y\x02\xd4\x01O\x01\xcc\x00K\x00\xce\
\xffR\xff\xdb\xfeh\xfe\xf9\xfd\x90\xfd-\xfd\xd1\xfc{\
\xfc-\xfc\xe7\xfb\xa8\xfbr\xfbE\xfb \xfb\x05\xfb\xf3\
\xfa\xeb\xfa\xec\xfa\xf6\xfa\x0a\xfb(\xfbO\xfb\x7f\xfb\xb8\
\xfb\xfa\xfbD\xfc\x97\xfc\xf1\xfcR\xfd\xba\xfd(\xfe\x9c\
\xfe\x16\xff\x94\xff\x14\x00\x99\x00!\x01\xaa\x015\x02\xc0\
\x02K\x03\xd4\x03\x5c\x04\xe1\x04c\x05\xe0\x05Y\x06\xcd\
\x06:\x07\xa0\x07\xff\x07U\x08\xa3\x08\xe8\x08\x22\x09S\
\x09y\x09\x94\x09\xa3\x09\xa7\x09\x9f\x09\x8b\x09j\x09>\
\x09\x05\x09\xc0\x08n\x08\x11\x08\xa8\x074\x07\xb4\x06*\
\x06\x95\x05\xf6\x04N\x04\x9e\x03\xe5\x02$\x02]\x01\x8f\
\x00\xbd\xff\xe6\xfe\x0b\xfe-\xfdL\xfck\xfb\x89\xfa\xa8\
\xf9\xc9\xf8\xeb\xf7\x11\xf7;\xf6j\xf5\x9f\xf4\xda\xf3\x1d\
\xf3h\xf2\xbc\xf1\x19\xf1\x81\xf0\xf4\xefr\xef\xfc\xee\x93\
\xee7\xee\xe8\xed\xa7\xedt\xedP\xed9\xed2\xed9\
\xedN\xeds\xed\xa5\xed\xe6\xed5\xee\x92\xee\xfd\xeet\
\xef\xf8\xef\x89\xf0%\xf1\xcc\xf1~\xf2:\xf3\xff\xf3\xcd\
\xf4\xa2\xf5\x7f\xf6b\xf7J\xf87\xf9(\xfa\x1d\xfb\x13\
\xfc\x0c\xfd\x04\xfe\xfd\xfe\xf5\xff\xea\x00\xde\x01\xcf\x02\xbc\
\x03\xa4\x04\x87\x05d\x06:\x07\x0a\x08\xd2\x08\x92\x09I\
\x0a\xf8\x0a\x9d\x0b9\x0c\xca\x0cR\x0d\xd0\x0dB\x0e\xab\
\x0e\x09\x0f\x5c\x0f\xa4\x0f\xe2\x0f\x16\x10?\x10^\x10s\
\x10~\x10\x80\x10y\x10i\x10P\x100\x10\x07\x10\xd8\
\x0f\xa1\x0fd\x0f \x0f\xd7\x0e\x89\x0e6\x0e\xdf\x0d\x84\
\x0d%\x0d\xc3\x0c_\x0c\xf8\x0b\x8f\x0b%\x0b\xb9\x0aL\
\x0a\xdf\x09r\x09\x04\x09\x97\x08*\x08\xbd\x07Q\x07\xe6\
\x06|\x06\x14\x06\xac\x05E\x05\xe0\x04{\x04\x18\x04\xb6\
\x03U\x03\xf5\x02\x96\x028\x02\xdb\x01~\x01\x22\x01\xc6\
\x00j\x00\x0f\x00\xb4\xffY\xff\xfd\xfe\xa0\xfeC\xfe\xe6\
\xfd\x88\xfd)\xfd\xc9\xfci\xfc\x07\xfc\xa5\xfbA\xfb\xdd\
\xfax\xfa\x12\xfa\xab\xf9D\xf9\xdc\xf8t\xf8\x0c\xf8\xa4\
\xf7<\xf7\xd4\xf6m\xf6\x07\xf6\xa3\xf5?\xf5\xde\xf4\x7f\
\xf4\x22\xf4\xc9\xf3r\xf3\x1f\xf3\xd0\xf2\x85\xf2>\xf2\xfd\
\xf1\xc1\xf1\x8a\xf1Z\xf1/\xf1\x0c\xf1\xef\xf0\xd9\xf0\xca\
\xf0\xc4\xf0\xc4\xf0\xcd\xf0\xdf\xf0\xf8\xf0\x1a\xf1D\xf1v\
\xf1\xb2\xf1\xf5\xf1A\xf2\x95\xf2\xf2\xf2V\xf3\xc3\xf37\
\xf4\xb2\xf45\xf5\xbe\xf5N\xf6\xe4\xf6\x7f\xf7 \xf8\xc6\
\xf8p\xf9\x1e\xfa\xcf\xfa\x83\xfb:\xfc\xf3\xfc\xac\xfdg\
\xfe\x22\xff\xdc\xff\x95\x00M\x01\x03\x02\xb6\x02g\x03\x14\
\x04\xbd\x04b\x05\x02\x06\x9c\x061\x07\xc0\x07H\x08\xc9\
\x08D\x09\xb7\x09#\x0a\x87\x0a\xe3\x0a7\x0b\x84\x0b\xc8\
\x0b\x04\x0c8\x0cd\x0c\x88\x0c\xa5\x0c\xba\x0c\xc7\x0c\xce\
\x0c\xcd\x0c\xc6\x0c\xb8\x0c\xa4\x0c\x8b\x0cl\x0cH\x0c\x1f\
\x0c\xf2\x0b\xc1\x0b\x8d\x0bV\x0b\x1c\x0b\xe0\x0a\xa3\x0ac\
\x0a#\x0a\xe2\x09\xa1\x09`\x09 \x09\xe0\x08\xa1\x08d\
\x08(\x08\xed\x07\xb5\x07\x7f\x07K\x07\x19\x07\xea\x06\xbd\
\x06\x92\x06j\x06D\x06!\x06\x00\x06\xe1\x05\xc3\x05\xa7\
\x05\x8d\x05t\x05\x5c\x05D\x05,\x05\x15\x05\xfd\x04\xe5\
\x04\xcb\x04\xb0\x04\x94\x04u\x04S\x04/\x04\x08\x04\xdc\
\x03\xad\x03z\x03B\x03\x05\x03\xc4\x02|\x020\x02\xdd\
\x01\x85\x01'\x01\xc3\x00X\x00\xe9\xffs\xff\xf6\xfet\
\xfe\xeb\xfd^\xfd\xcb\xfc3\xfc\x96\xfb\xf4\xfaO\xfa\xa6\
\xf9\xfa\xf8K\xf8\x9a\xf7\xe8\xf64\xf6\x80\xf5\xcd\xf4\x1a\
\xf4i\xf3\xb9\xf2\x0d\xf2e\xf1\xc0\xf0!\xf0\x87\xef\xf4\
\xeeh\xee\xe4\xedh\xed\xf5\xec\x8c\xec-\xec\xda\xeb\x91\
\xebU\xeb%\xeb\x02\xeb\xec\xea\xe4\xea\xea\xea\xfe\xea \
\xebQ\xeb\x91\xeb\xdf\xeb<\xec\xa7\xec!\xed\xaa\xed@\
\xee\xe4\xee\x96\xefU\xf0 \xf1\xf8\xf1\xdb\xf2\xca\xf3\xc2\
\xf4\xc5\xf5\xd0\xf6\xe3\xf7\xfe\xf8 \xfaG\xfbt\xfc\xa4\
\xfd\xd7\xfe\x0c\x00C\x01z\x02\xb0\x03\xe4\x04\x16\x06E\
\x07o\x08\x93\x09\xb2\x0a\xc9\x0b\xd8\x0c\xde\x0d\xdb\x0e\xce\
\x0f\xb5\x10\x90\x11`\x12\x22\x13\xd6\x13}\x14\x16\x15\x9f\
\x15\x19\x16\x84\x16\xe0\x16+\x17g\x17\x93\x17\xaf\x17\xba\
\x17\xb7\x17\xa3\x17\x80\x17N\x17\x0d\x17\xbe\x16a\x16\xf6\
\x15~\x15\xfa\x14j\x14\xce\x13'\x13w\x12\xbd\x11\xfb\
\x100\x10^\x0f\x86\x0e\xa8\x0d\xc5\x0c\xde\x0b\xf4\x0a\x06\
\x0a\x17\x09'\x086\x07F\x06V\x05h\x04|\x03\x93\
\x02\xae\x01\xcd\x00\xf1\xff\x19\xffG\xfez\xfd\xb5\xfc\xf5\
\xfb=\xfb\x8c\xfa\xe3\xf9B\xf9\xa9\xf8\x17\xf8\x8e\xf7\x0e\
\xf7\x95\xf6&\xf6\xbe\xf5_\xf5\x08\xf5\xb9\xf4r\xf43\
\xf4\xfb\xf3\xcb\xf3\xa3\xf3\x81\xf3f\xf3Q\xf3C\xf3;\
\xf38\xf3;\xf3C\xf3P\xf3b\xf3w\xf3\x91\xf3\xaf\
\xf3\xd0\xf3\xf4\xf3\x1c\xf4F\xf4s\xf4\xa2\xf4\xd3\xf4\x07\
\xf5<\xf5s\xf5\xac\xf5\xe6\xf5\x22\xf6_\xf6\x9d\xf6\xdd\
\xf6\x1d\xf7_\xf7\xa2\xf7\xe7\xf7,\xf8r\xf8\xba\xf8\x03\
\xf9M\xf9\x98\xf9\xe4\xf92\xfa\x81\xfa\xd2\xfa$\xfbw\
\xfb\xcb\xfb!\xfcy\xfc\xd2\xfc,\xfd\x87\xfd\xe4\xfdB\
\xfe\xa1\xfe\x01\xffc\xff\xc4\xff&\x00\x89\x00\xec\x00P\
\x01\xb3\x01\x17\x02z\x02\xdc\x02=\x03\x9d\x03\xfb\x03X\
\x04\xb2\x04\x0a\x05`\x05\xb3\x05\x02\x06N\x06\x96\x06\xda\
\x06\x1a\x07U\x07\x8b\x07\xbb\x07\xe7\x07\x0d\x08-\x08G\
\x08[\x08h\x08o\x08p\x08j\x08]\x08J\x080\
\x08\x10\x08\xe9\x07\xbb\x07\x87\x07M\x07\x0e\x07\xc8\x06}\
\x06-\x06\xd8\x05\x7f\x05!\x05\xc0\x04[\x04\xf3\x03\x89\
\x03\x1d\x03\xb0\x02A\x02\xd2\x01c\x01\xf4\x00\x86\x00\x1a\
\x00\xb1\xffJ\xff\xe6\xfe\x86\xfe*\xfe\xd2\xfd\x7f\xfd3\
\xfd\xec\xfc\xab\xfcq\xfc>\xfc\x13\xfc\xef\xfb\xd4\xfb\xc0\
\xfb\xb5\xfb\xb2\xfb\xb8\xfb\xc6\xfb\xdd\xfb\xfc\xfb$\xfcT\
\xfc\x8c\xfc\xcc\xfc\x14\xfdc\xfd\xba\xfd\x17\xfez\xfe\xe3\
\xfeR\xff\xc5\xff<\x00\xb7\x006\x01\xb7\x01:\x02\xbe\
\x02B\x03\xc7\x03J\x04\xcc\x04L\x05\xc8\x05B\x06\xb6\
\x06&\x07\x90\x07\xf4\x07P\x08\xa6\x08\xf3\x087\x09r\
\x09\xa4\x09\xcc\x09\xe9\x09\xfc\x09\x03\x0a\xff\x09\xf0\x09\xd5\
\x09\xae\x09{\x09=\x09\xf2\x08\x9c\x08;\x08\xce\x07V\
\x07\xd4\x06G\x06\xb0\x05\x10\x05f\x04\xb5\x03\xfb\x02:\
\x02s\x01\xa6\x00\xd4\xff\xfe\xfe#\xfeF\xfdg\xfc\x87\
\xfb\xa6\xfa\xc7\xf9\xe8\xf8\x0c\xf83\xf7]\xf6\x8d\xf5\xc2\
\xf4\xfe\xf3@\xf3\x8b\xf2\xde\xf1;\xf1\xa1\xf0\x12\xf0\x8e\
\xef\x16\xef\xaa\xeeK\xee\xf9\xed\xb4\xed}\xedS\xed8\
\xed+\xed,\xed<\xedZ\xed\x86\xed\xc0\xed\x08\xee^\
\xee\xc1\xee1\xef\xae\xef7\xf0\xcb\xf0k\xf1\x16\xf2\xca\
\xf2\x88\xf3O\xf4\x1e\xf5\xf4\xf5\xd1\xf6\xb4\xf7\x9c\xf8\x89\
\xf9y\xfal\xfba\xfcW\xfdN\xfeD\xff9\x00,\
\x01\x1d\x02\x0b\x03\xf6\x03\xdb\x04\xbb\x05\x96\x06j\x078\
\x08\xfd\x08\xbc\x09q\x0a\x1e\x0b\xc2\x0b]\x0c\xee\x0cu\
\x0d\xf3\x0df\x0e\xce\x0e-\x0f\x81\x0f\xca\x0f\x0a\x10?\
\x10j\x10\x8b\x10\xa2\x10\xb0\x10\xb4\x10\xaf\x10\xa2\x10\x8c\
\x10m\x10G\x10\x1a\x10\xe6\x0f\xab\x0fi\x0f\x22\x0f\xd5\
\x0e\x83\x0e-\x0e\xd2\x0ds\x0d\x11\x0d\xab\x0cC\x0c\xd8\
\x0bk\x0b\xfc\x0a\x8c\x0a\x1b\x0a\xa9\x096\x09\xc2\x08N\
\x08\xdb\x07g\x07\xf4\x06\x81\x06\x0e\x06\x9c\x05+\x05\xba\
\x04J\x04\xdb\x03m\x03\xff\x02\x92\x02&\x02\xbb\x01P\
\x01\xe5\x00{\x00\x12\x00\xa9\xffA\xff\xd8\xfeo\xfe\x06\
\xfe\x9e\xfd5\xfd\xcc\xfcd\xfc\xfb\xfb\x91\xfb(\xfb\xbf\
\xfaU\xfa\xec\xf9\x82\xf9\x19\xf9\xb0\xf8G\xf8\xde\xf7w\
\xf7\x10\xf7\xaa\xf6E\xf6\xe2\xf5\x80\xf5 \xf5\xc2\xf4g\
\xf4\x0e\xf4\xb9\xf3f\xf3\x18\xf3\xcd\xf2\x86\xf2D\xf2\x07\
\xf2\xcf\xf1\x9c\xf1o\xf1H\xf1'\xf1\x0d\xf1\xf9\xf0\xed\
\xf0\xe8\xf0\xea\xf0\xf4\xf0\x06\xf1\x1f\xf1A\xf1j\xf1\x9c\
\xf1\xd6\xf1\x18\xf2b\xf2\xb5\xf2\x0f\xf3q\xf3\xdb\xf3L\
\xf4\xc4\xf4C\xf5\xca\xf5V\xf6\xe9\xf6\x81\xf7\x1f\xf8\xc2\
\xf8i\xf9\x15\xfa\xc4\xfav\xfb+\xfc\xe2\xfc\x9a\xfdT\
\xfe\x0e\xff\xc8\xff\x81\x009\x01\xf0\x01\xa5\x02X\x03\x07\
\x04\xb2\x04Y\x05\xfc\x05\x9a\x062\x07\xc4\x07P\x08\xd5\
\x08T\x09\xcb\x09;\x0a\xa3\x0a\x03\x0b[\x0b\xab\x0b\xf2\
\x0b2\x0ch\x0c\x97\x0c\xbd\x0c\xda\x0c\xf0\x0c\xfe\x0c\x03\
\x0d\x01\x0d\xf8\x0c\xe8\x0c\xd0\x0c\xb2\x0c\x8e\x0cd\x0c4\
\x0c\xff\x0b\xc6\x0b\x88\x0bF\x0b\x01\x0b\xb9\x0an\x0a!\
\x0a\xd2\x09\x81\x090\x09\xdf\x08\x8d\x08;\x08\xea\x07\x9a\
\x07K\x07\xfe\x06\xb2\x06i\x06\x22\x06\xdd\x05\x9b\x05\x5c\
\x05 \x05\xe7\x04\xb1\x04~\x04N\x04!\x04\xf7\x03\xcf\
\x03\xab\x03\x89\x03i\x03L\x031\x03\x17\x03\xfe\x02\xe7\
\x02\xd1\x02\xbb\x02\xa5\x02\x8f\x02y\x02a\x02I\x02/\
\x02\x13\x02\xf5\x01\xd4\x01\xb0\x01\x89\x01_\x011\x01\xfe\
\x00\xc8\x00\x8d\x00M\x00\x09\x00\xc1\xffr\xff\x1f\xff\xc6\
\xfei\xfe\x06\xfe\x9f\xfd2\xfd\xc1\xfcK\xfc\xd1\xfbT\
\xfb\xd2\xfaM\xfa\xc5\xf9:\xf9\xad\xf8\x1e\xf8\x8e\xf7\xfd\
\xf6l\xf6\xdb\xf5K\xf5\xbc\xf40\xf4\xa5\xf3\x1f\xf3\x9c\
\xf2\x1d\xf2\xa3\xf1/\xf1\xc2\xf0[\xf0\xfb\xef\xa4\xefU\
\xef\x0f\xef\xd2\xee\xa0\xeex\xeeZ\xeeH\xeeA\xeeF\
\xeeW\xeeu\xee\x9e\xee\xd4\xee\x17\xeff\xef\xc1\xef)\
\xf0\x9d\xf0\x1e\xf1\xaa\xf1B\xf2\xe5\xf2\x93\xf3K\xf4\x0e\
\xf5\xda\xf5\xaf\xf6\x8c\xf7q\xf8^\xf9Q\xfaI\xfbF\
\xfcH\xfdM\xfeU\xff^\x00i\x01t\x02~\x03\x87\
\x04\x8d\x05\x91\x06\x90\x07\x8b\x08\x80\x09o\x0aW\x0b8\
\x0c\x0f\x0d\xde\x0d\xa3\x0e^\x0f\x0e\x10\xb3\x10K\x11\xd8\
\x11X\x12\xcb\x120\x13\x89\x13\xd3\x13\x10\x14?\x14`\
\x14s\x14x\x14p\x14Z\x146\x14\x06\x14\xc8\x13\x7f\
\x13)\x13\xc7\x12Z\x12\xe2\x11`\x11\xd4\x10@\x10\xa2\
\x0f\xfd\x0eP\x0e\x9d\x0d\xe3\x0c%\x0ca\x0b\x9a\x0a\xcf\
\x09\x02\x093\x08b\x07\x91\x06\xc0\x05\xf0\x04 \x04S\
\x03\x88\x02\xc0\x01\xfb\x00:\x00\x7f\xff\xc8\xfe\x16\xfei\
\xfd\xc2\xfc\x22\xfc\x88\xfb\xf5\xfai\xfa\xe4\xf9f\xf9\xf0\
\xf8\x81\xf8\x1a\xf8\xba\xf7b\xf7\x11\xf7\xc8\xf6\x85\xf6J\
\xf6\x16\xf6\xe9\xf5\xc2\xf5\xa2\xf5\x88\xf5t\xf5e\xf5\x5c\
\xf5Y\xf5Z\xf5`\xf5j\xf5y\xf5\x8b\xf5\xa1\xf5\xba\
\xf5\xd6\xf5\xf6\xf5\x17\xf6;\xf6a\xf6\x89\xf6\xb3\xf6\xde\
\xf6\x0b\xf78\xf7g\xf7\x97\xf7\xc7\xf7\xf8\xf7*\xf8]\
\xf8\x90\xf8\xc3\xf8\xf7\xf8+\xf9`\xf9\x95\xf9\xcb\xf9\x01\
\xfa8\xfao\xfa\xa7\xfa\xe0\xfa\x1a\xfbT\xfb\x8f\xfb\xcb\
\xfb\x08\xfcF\xfc\x85\xfc\xc6\xfc\x07\xfdI\xfd\x8d\xfd\xd2\
\xfd\x18\xfe_\xfe\xa7\xfe\xf0\xfe:\xff\x85\xff\xd0\xff\x1c\
\x00i\x00\xb6\x00\x03\x01Q\x01\x9f\x01\xec\x019\x02\x85\
\x02\xd0\x02\x1a\x03c\x03\xaa\x03\xef\x032\x04s\x04\xb1\
\x04\xec\x04$\x05Y\x05\x8a\x05\xb8\x05\xe1\x05\x06\x06&\
\x06B\x06Y\x06k\x06w\x06\x7f\x06\x81\x06~\x06v\
\x06g\x06T\x06;\x06\x1d\x06\xf9\x05\xd0\x05\xa2\x05o\
\x058\x05\xfc\x04\xbb\x04w\x04/\x04\xe3\x03\x95\x03C\
\x03\xf0\x02\x9a\x02C\x02\xea\x01\x91\x018\x01\xde\x00\x86\
\x00.\x00\xd9\xff\x85\xff4\xff\xe5\xfe\x9a\xfeR\xfe\x0f\
\xfe\xd0\xfd\x97\xfdb\xfd4\xfd\x0b\xfd\xe9\xfc\xcd\xfc\xb8\
\xfc\xaa\xfc\xa3\xfc\xa4\xfc\xac\xfc\xbb\xfc\xd3\xfc\xf1\xfc\x17\
\xfdD\xfdy\xfd\xb5\xfd\xf7\xfdA\xfe\x90\xfe\xe6\xfeA\
\xff\xa2\xff\x06\x00p\x00\xde\x00P\x01\xc4\x01;\x02\xb3\
\x02-\x03\xa7\x03\x22\x04\x9b\x04\x14\x05\x8a\x05\xfe\x05o\
\x06\xdb\x06D\x07\xa7\x07\x04\x08[\x08\xac\x08\xf5\x086\
\x09n\x09\x9e\x09\xc5\x09\xe2\x09\xf4\x09\xfd\x09\xfb\x09\xee\
\x09\xd6\x09\xb4\x09\x86\x09L\x09\x08\x09\xb8\x08^\x08\xf9\
\x07\x88\x07\x0e\x07\x8a\x06\xfb\x05d\x05\xc3\x04\x1a\x04j\
\x03\xb2\x02\xf3\x01.\x01d\x00\x96\xff\xc3\xfe\xed\xfd\x14\
\xfd:\xfc_\xfb\x84\xfa\xa9\xf9\xd0\xf8\xf9\xf7%\xf7U\
\xf6\x8a\xf5\xc5\xf4\x05\xf4M\xf3\x9c\xf2\xf4\xf1U\xf1\xbf\
\xf04\xf0\xb3\xef>\xef\xd4\xeew\xee'\xee\xe3\xed\xad\
\xed\x84\xedh\xed[\xed[\xedi\xed\x86\xed\xb0\xed\xe7\
\xed-\xee\x7f\xee\xdf\xeeK\xef\xc4\xefH\xf0\xd8\xf0t\
\xf1\x19\xf2\xc9\xf2\x82\xf3D\xf4\x0d\xf5\xdf\xf5\xb7\xf6\x95\
\xf7x\xf8`\xf9L\xfa;\xfb,\xfc\x1e\xfd\x12\xfe\x06\
\xff\xf8\xff\xe9\x00\xd8\x01\xc5\x02\xae\x03\x93\x04s\x05N\
\x06#\x07\xf2\x07\xb9\x08y\x091\x0a\xe1\x0a\x89\x0b'\
\x0c\xbc\x0cH\x0d\xca\x0dB\x0e\xb0\x0e\x13\x0fm\x0f\xbc\
\x0f\x02\x10=\x10n\x10\x95\x10\xb2\x10\xc5\x10\xcf\x10\xd0\
\x10\xc8\x10\xb7\x10\x9e\x10}\x10T\x10#\x10\xec\x0f\xae\
\x0fi\x0f\x1e\x0f\xce\x0ey\x0e\x1e\x0e\xbf\x0d]\x0d\xf6\
\x0c\x8c\x0c\x1f\x0c\xaf\x0b=\x0b\xc9\x0aS\x0a\xdb\x09b\
\x09\xe9\x08n\x08\xf3\x07x\x07\xfc\x06\x81\x06\x05\x06\x8a\
\x05\x0f\x05\x95\x04\x1b\x04\xa2\x03)\x03\xb2\x02;\x02\xc4\
\x01O\x01\xda\x00e\x00\xf3\xff\x80\xff\x0e\xff\x9c\xfe,\
\xfe\xbb\xfdK\xfd\xdc\xfcn\xfc\x00\xfc\x92\xfb%\xfb\xb8\
\xfaM\xfa\xe1\xf9w\xf9\x0d\xf9\xa4\xf8<\xf8\xd5\xf7p\
\xf7\x0b\xf7\xa8\xf6G\xf6\xe7\xf5\x8a\xf5.\xf5\xd5\xf4\x7f\
\xf4,\xf4\xdb\xf3\x8e\xf3E\xf3\xff\xf2\xbd\xf2\x80\xf2H\
\xf2\x14\xf2\xe6\xf1\xbd\xf1\x9a\xf1|\xf1e\xf1T\xf1J\
\xf1G\xf1J\xf1U\xf1g\xf1\x81\xf1\xa2\xf1\xca\xf1\xfb\
\xf13\xf2r\xf2\xba\xf2\x08\xf3_\xf3\xbd\xf3\x22\xf4\x8f\
\xf4\x02\xf5}\xf5\xfe\xf5\x85\xf6\x12\xf7\xa5\xf7=\xf8\xda\
\xf8|\xf9!\xfa\xcb\xfax\xfb'\xfc\xd9\xfc\x8d\xfdB\
\xfe\xf8\xfe\xaf\xffd\x00\x1a\x01\xce\x01\x80\x021\x03\xde\
\x03\x88\x04/\x05\xd1\x05o\x06\x07\x07\x9a\x07'\x08\xae\
\x08.\x09\xa7\x09\x18\x0a\x83\x0a\xe5\x0a?\x0b\x92\x0b\xdc\
\x0b\x1d\x0cV\x0c\x87\x0c\xaf\x0c\xce\x0c\xe5\x0c\xf4\x0c\xfa\
\x0c\xf8\x0c\xef\x0c\xde\x0c\xc5\x0c\xa5\x0c~\x0cQ\x0c\x1e\
\x0c\xe5\x0b\xa6\x0bb\x0b\x1a\x0b\xce\x0a}\x0a*\x0a\xd3\
\x09z\x09\x1f\x09\xc2\x08e\x08\x06\x08\xa8\x07I\x07\xeb\
\x06\x8e\x062\x06\xd7\x05\x7f\x05)\x05\xd5\x04\x84\x046\
\x04\xec\x03\xa4\x03`\x03 \x03\xe3\x02\xaa\x02u\x02C\
\x02\x15\x02\xeb\x01\xc4\x01\xa1\x01\x80\x01c\x01I\x011\
\x01\x1c\x01\x08\x01\xf7\x00\xe7\x00\xd8\x00\xca\x00\xbd\x00\xaf\
\x00\xa2\x00\x94\x00\x86\x00v\x00e\x00R\x00<\x00%\
\x00\x0a\x00\xee\xff\xcd\xff\xa9\xff\x81\xffU\xff%\xff\xf1\
\xfe\xb9\xfe|\xfe;\xfe\xf5\xfd\xab\xfd]\xfd\x0a\xfd\xb4\
\xfcY\xfc\xfa\xfb\x98\xfb2\xfb\xc9\xfa]\xfa\xef\xf9\x7f\
\xf9\x0d\xf9\x9a\xf8&\xf8\xb2\xf7=\xf7\xca\xf6W\xf6\xe6\
\xf5w\xf5\x0a\xf5\xa1\xf4<\xf4\xda\xf3~\xf3'\xf3\xd5\
\xf2\x8a\xf2F\xf2\x09\xf2\xd4\xf1\xa7\xf1\x82\xf1f\xf1S\
\xf1J\xf1K\xf1V\xf1k\xf1\x8a\xf1\xb4\xf1\xe8\xf1(\
\xf2q\xf2\xc6\xf2%\xf3\x8e\xf3\x01\xf4\x7f\xf4\x06\xf5\x96\
\xf50\xf6\xd2\xf6}\xf7/\xf8\xe9\xf8\xa9\xf9p\xfa=\
\xfb\x0e\xfc\xe4\xfc\xbe\xfd\x9b\xfe{\xff[\x00=\x01 \
\x02\x02\x03\xe3\x03\xc2\x04\x9e\x05x\x06M\x07\x1e\x08\xe9\
\x08\xaf\x09n\x0a%\x0b\xd5\x0b}\x0c\x1c\x0d\xb1\x0d=\
\x0e\xbe\x0e5\x0f\xa2\x0f\x03\x10X\x10\xa3\x10\xe1\x10\x13\
\x11:\x11T\x11c\x11e\x11\x5c\x11G\x11'\x11\xfc\
\x10\xc5\x10\x84\x108\x10\xe2\x0f\x83\x0f\x1a\x0f\xa9\x0e0\
\x0e\xae\x0d&\x0d\x97\x0c\x02\x0cg\x0b\xc7\x0a#\x0a{\
\x09\xd0\x08\x22\x08s\x07\xc2\x06\x10\x06]\x05\xac\x04\xfb\
\x03K\x03\x9d\x02\xf2\x01I\x01\xa4\x00\x03\x00f\xff\xcd\
\xfe9\xfe\xaa\xfd!\xfd\x9d\xfc\x1f\xfc\xa7\xfb5\xfb\xc9\
\xfad\xfa\x06\xfa\xae\xf9]\xf9\x12\xf9\xcd\xf8\x8f\xf8X\
\xf8&\xf8\xfb\xf7\xd6\xf7\xb6\xf7\x9c\xf7\x88\xf7x\xf7m\
\xf7h\xf7f\xf7i\xf7o\xf7y\xf7\x87\xf7\x98\xf7\xab\
\xf7\xc1\xf7\xda\xf7\xf5\xf7\x11\xf8/\xf8O\xf8p\xf8\x92\
\xf8\xb5\xf8\xd8\xf8\xfd\xf8!\xf9F\xf9k\xf9\x91\xf9\xb6\
\xf9\xdb\xf9\x01\xfa&\xfaK\xfap\xfa\x95\xfa\xba\xfa\xdf\
\xfa\x04\xfb)\xfbN\xfbt\xfb\x99\xfb\xc0\xfb\xe6\xfb\x0d\
\xfc5\xfc]\xfc\x86\xfc\xb0\xfc\xdb\xfc\x07\xfd4\xfdb\
\xfd\x91\xfd\xc2\xfd\xf3\xfd&\xfeZ\xfe\x8f\xfe\xc5\xfe\xfd\
\xfe5\xffo\xff\xa9\xff\xe4\xff\x1f\x00[\x00\x98\x00\xd5\
\x00\x12\x01O\x01\x8c\x01\xc9\x01\x04\x02?\x02y\x02\xb2\
\x02\xe9\x02\x1e\x03Q\x03\x83\x03\xb1\x03\xdd\x03\x07\x04-\
\x04P\x04o\x04\x8b\x04\xa3\x04\xb7\x04\xc7\x04\xd3\x04\xdb\
\x04\xde\x04\xdd\x04\xd7\x04\xcd\x04\xbe\x04\xab\x04\x94\x04x\
\x04X\x044\x04\x0c\x04\xe0\x03\xb0\x03}\x03G\x03\x0e\
\x03\xd2\x02\x95\x02U\x02\x13\x02\xd0\x01\x8c\x01G\x01\x02\
\x01\xbd\x00y\x006\x00\xf5\xff\xb4\xffv\xff:\xff\x01\
\xff\xcc\xfe\x99\xfek\xfeB\xfe\x1c\xfe\xfc\xfd\xe1\xfd\xcb\
\xfd\xbb\xfd\xb1\xfd\xad\xfd\xaf\xfd\xb7\xfd\xc6\xfd\xdb\xfd\xf7\
\xfd\x19\xfeA\xfep\xfe\xa5\xfe\xdf\xfe \xffg\xff\xb2\
\xff\x02\x00X\x00\xb2\x00\x10\x01q\x01\xd6\x01=\x02\xa7\
\x02\x12\x03\x7f\x03\xec\x03Y\x04\xc6\x042\x05\x9d\x05\x05\
\x06j\x06\xcc\x06*\x07\x84\x07\xd8\x07'\x08p\x08\xb3\
\x08\xee\x08!\x09M\x09p\x09\x8b\x09\x9c\x09\xa4\x09\xa3\
\x09\x97\x09\x81\x09b\x097\x09\x03\x09\xc3\x08z\x08&\
\x08\xc8\x07`\x07\xee\x06s\x06\xee\x05`\x05\xca\x04+\
\x04\x85\x03\xd8\x02$\x02j\x01\xab\x00\xe8\xff\x1f\xffT\
\xfe\x85\xfd\xb4\xfc\xe2\xfb\x0f\xfb=\xfak\xf9\x9b\xf8\xce\
\xf7\x04\xf7=\xf6|\xf5\xbf\xf4\x09\xf4Z\xf3\xb2\xf2\x13\
\xf2|\xf1\xef\xf0k\xf0\xf2\xef\x84\xef!\xef\xca\xee\x7f\
\xeeA\xee\x0f\xee\xea\xed\xd3\xed\xc8\xed\xcb\xed\xdc\xed\xf9\
\xed$\xee\x5c\xee\xa2\xee\xf4\xeeR\xef\xbd\xef4\xf0\xb6\
\xf0C\xf1\xdb\xf1}\xf2)\xf3\xde\xf3\x9b\xf4`\xf5-\
\xf6\x00\xf7\xd9\xf7\xb7\xf8\x9a\xf9\x80\xfai\xfbU\xfcC\
\xfd1\xfe\x1f\xff\x0c\x00\xf9\x00\xe4\x01\xcc\x02\xb1\x03\x92\
\x04n\x05F\x06\x18\x07\xe3\x07\xa8\x08f\x09\x1c\x0a\xcb\
\x0ap\x0b\x0e\x0c\xa2\x0c-\x0d\xaf\x0d&\x0e\x94\x0e\xf9\
\x0eS\x0f\xa3\x0f\xe9\x0f%\x10W\x10\x7f\x10\x9d\x10\xb2\
\x10\xbd\x10\xbf\x10\xb8\x10\xa8\x10\x90\x10p\x10G\x10\x17\
\x10\xe0\x0f\xa1\x0f\x5c\x0f\x11\x0f\xc0\x0ej\x0e\x0e\x0e\xad\
\x0dH\x0d\xdf\x0cs\x0c\x03\x0c\x8f\x0b\x1a\x0b\xa1\x0a'\
\x0a\xab\x09-\x09\xae\x08.\x08\xad\x07,\x07\xaa\x06)\
\x06\xa7\x05%\x05\xa4\x04#\x04\xa3\x03#\x03\xa4\x02&\
\x02\xa8\x01,\x01\xb0\x006\x00\xbd\xffE\xff\xcd\xfeW\
\xfe\xe1\xfdm\xfd\xfa\xfc\x88\xfc\x17\xfc\xa7\xfb8\xfb\xcb\
\xfa_\xfa\xf3\xf9\x8a\xf9!\xf9\xba\xf8T\xf8\xf0\xf7\x8e\
\xf7-\xf7\xce\xf6q\xf6\x16\xf6\xbe\xf5h\xf5\x14\xf5\xc3\
\xf4v\xf4+\xf4\xe4\xf3\xa0\xf3`\xf3$\xf3\xed\xf2\xb9\
\xf2\x8b\xf2a\xf2=\xf2\x1d\xf2\x04\xf2\xf0\xf1\xe1\xf1\xd9\
\xf1\xd8\xf1\xdd\xf1\xe8\xf1\xfa\xf1\x13\xf23\xf2Z\xf2\x88\
\xf2\xbd\xf2\xfa\xf2=\xf3\x88\xf3\xda\xf33\xf4\x92\xf4\xf9\
\xf4f\xf5\xd9\xf5S\xf6\xd3\xf6X\xf7\xe3\xf7s\xf8\x08\
\xf9\xa2\xf9@\xfa\xe1\xfa\x86\xfb-\xfc\xd8\xfc\x84\xfd1\
\xfe\xe0\xfe\x90\xff>\x00\xee\x00\x9c\x01I\x02\xf4\x02\x9d\
\x03C\x04\xe6\x04\x84\x05\x1f\x06\xb5\x06F\x07\xd2\x07W\
\x08\xd6\x08O\x09\xc1\x09,\x0a\x8f\x0a\xea\x0a>\x0b\x89\
\x0b\xcc\x0b\x07\x0c9\x0cc\x0c\x85\x0c\x9d\x0c\xae\x0c\xb6\
\x0c\xb6\x0c\xae\x0c\x9d\x0c\x86\x0cf\x0c@\x0c\x12\x0c\xde\
\x0b\xa3\x0bc\x0b\x1d\x0b\xd2\x0a\x82\x0a.\x0a\xd5\x09z\
\x09\x1b\x09\xba\x08V\x08\xf1\x07\x8a\x07#\x07\xbc\x06T\
\x06\xed\x05\x87\x05\x22\x05\xbf\x04^\x04\xff\x03\xa3\x03I\
\x03\xf3\x02\xa1\x02R\x02\x07\x02\xbf\x01|\x01>\x01\x03\
\x01\xcd\x00\x9b\x00m\x00D\x00\x1e\x00\xfe\xff\xe1\xff\xc7\
\xff\xb1\xff\x9f\xff\x8f\xff\x83\xffy\xffq\xffk\xffg\
\xffd\xffc\xffb\xffa\xffa\xff`\xff_\xff\x5c\
\xffX\xffS\xffK\xffB\xff5\xff&\xff\x14\xff\xff\
\xfe\xe6\xfe\xca\xfe\xaa\xfe\x86\xfe^\xfe2\xfe\x02\xfe\xcd\
\xfd\x95\xfdY\xfd\x18\xfd\xd4\xfc\x8d\xfcA\xfc\xf3\xfb\xa1\
\xfbM\xfb\xf6\xfa\x9d\xfaB\xfa\xe6\xf9\x89\xf9+\xf9\xcc\
\xf8n\xf8\x11\xf8\xb4\xf7Y\xf7\x00\xf7\xa9\xf6V\xf6\x06\
\xf6\xb9\xf5r\xf5.\xf5\xf0\xf4\xb8\xf4\x86\xf4Z\xf45\
\xf4\x18\xf4\x02\xf4\xf3\xf3\xed\xf3\xef\xf3\xfa\xf3\x0d\xf4)\
\xf4N\xf4|\xf4\xb3\xf4\xf3\xf4<\xf5\x8e\xf5\xe9\xf5M\
\xf6\xb8\xf6,\xf7\xa8\xf7,\xf8\xb7\xf8I\xf9\xe1\xf9\x7f\
\xfa#\xfb\xcd\xfbz\xfc,\xfd\xe2\xfd\x9a\xfeU\xff\x11\
\x00\xce\x00\x8d\x01K\x02\x09\x03\xc5\x03\x7f\x047\x05\xec\
\x05\x9d\x06J\x07\xf2\x07\x94\x081\x09\xc7\x09V\x0a\xde\
\x0a]\x0b\xd5\x0bD\x0c\xab\x0c\x08\x0d\x5c\x0d\xa6\x0d\xe6\
\x0d\x1c\x0eI\x0ek\x0e\x82\x0e\x90\x0e\x94\x0e\x8d\x0e}\
\x0ec\x0e?\x0e\x12\x0e\xdb\x0d\x9c\x0dU\x0d\x05\x0d\xae\
\x0cO\x0c\xe9\x0b}\x0b\x0a\x0b\x92\x0a\x15\x0a\x93\x09\x0d\
\x09\x84\x08\xf7\x07h\x07\xd7\x06D\x06\xb0\x05\x1c\x05\x88\
\x04\xf4\x03a\x03\xcf\x02?\x02\xb1\x01&\x01\x9e\x00\x19\
\x00\x99\xff\x1c\xff\xa3\xfe/\xfe\xbf\xfdT\xfd\xef\xfc\x8f\
\xfc4\xfc\xde\xfb\x8e\xfbD\xfb\xff\xfa\xc0\xfa\x86\xfaR\
\xfa#\xfa\xf9\xf9\xd5\xf9\xb5\xf9\x9b\xf9\x85\xf9s\xf9f\
\xf9]\xf9X\xf9W\xf9X\xf9]\xf9e\xf9p\xf9}\
\xf9\x8c\xf9\x9d\xf9\xb0\xf9\xc5\xf9\xda\xf9\xf1\xf9\x09\xfa!\
\xfa:\xfaS\xfal\xfa\x86\xfa\x9f\xfa\xb8\xfa\xd1\xfa\xea\
\xfa\x02\xfb\x1a\xfb1\xfbH\xfb^\xfbt\xfb\x8a\xfb\x9f\
\xfb\xb4\xfb\xc8\xfb\xdc\xfb\xf0\xfb\x04\xfc\x18\xfc,\xfc@\
\xfcU\xfcj\xfc\x80\xfc\x96\xfc\xad\xfc\xc5\xfc\xde\xfc\xf8\
\xfc\x13\xfd0\xfdM\xfdl\xfd\x8d\xfd\xaf\xfd\xd2\xfd\xf7\
\xfd\x1d\xfeE\xfen\xfe\x98\xfe\xc4\xfe\xf1\xfe \xffO\
\xff\x80\xff\xb1\xff\xe3\xff\x15\x00H\x00{\x00\xae\x00\xe2\
\x00\x15\x01G\x01y\x01\xaa\x01\xd9\x01\x08\x024\x02_\
\x02\x89\x02\xb0\x02\xd4\x02\xf6\x02\x16\x032\x03L\x03b\
\x03u\x03\x84\x03\x90\x03\x99\x03\x9e\x03\x9f\x03\x9c\x03\x96\
\x03\x8c\x03~\x03m\x03X\x03?\x03$\x03\x05\x03\xe3\
\x02\xbf\x02\x98\x02n\x02C\x02\x15\x02\xe6\x01\xb5\x01\x84\
\x01R\x01\x1f\x01\xec\x00\xba\x00\x88\x00W\x00(\x00\xfb\
\xff\xcf\xff\xa5\xff}\xffY\xff8\xff\x1b\xff\x01\xff\xeb\
\xfe\xd9\xfe\xcd\xfe\xc4\xfe\xc1\xfe\xc3\xfe\xc9\xfe\xd5\xfe\xe7\
\xfe\xfe\xfe\x1a\xff<\xffc\xff\x8f\xff\xc0\xff\xf7\xff1\
\x00q\x00\xb5\x00\xfe\x00J\x01\x9a\x01\xee\x01D\x02\x9c\
\x02\xf7\x02S\x03\xb1\x03\x0f\x04n\x04\xcc\x04)\x05\x86\
\x05\xe0\x059\x06\x8e\x06\xe0\x06.\x07x\x07\xbd\x07\xfd\
\x077\x08k\x08\x98\x08\xbe\x08\xdd\x08\xf4\x08\x03\x09\x09\
\x09\x07\x09\xfc\x08\xe7\x08\xc9\x08\xa2\x08r\x088\x08\xf4\
\x07\xa7\x07Q\x07\xf1\x06\x88\x06\x16\x06\x9c\x05\x19\x05\x8e\
\x04\xfc\x03b\x03\xc1\x02\x1a\x02m\x01\xbb\x00\x04\x00I\
\xff\x8a\xfe\xc9\xfd\x05\xfd?\xfcx\xfb\xb1\xfa\xeb\xf9&\
\xf9b\xf8\xa1\xf7\xe4\xf6+\xf6v\xf5\xc6\xf4\x1d\xf4z\
\xf3\xdf\xf2K\xf2\xc0\xf1>\xf1\xc6\xf0W\xf0\xf3\xef\x9a\
\xefL\xef\x0a\xef\xd3\xee\xa9\xee\x8b\xeey\xeeu\xee|\
\xee\x91\xee\xb2\xee\xe0\xee\x1a\xefa\xef\xb4\xef\x12\xf0}\
\xf0\xf2\xf0s\xf1\xfe\xf1\x93\xf22\xf3\xda\xf3\x8b\xf4C\
\xf5\x04\xf6\xca\xf6\x98\xf7j\xf8B\xf9\x1e\xfa\xfd\xfa\xe0\
\xfb\xc4\xfc\xaa\xfd\x91\xfex\xff]\x00B\x01%\x02\x06\
\x03\xe4\x03\xbd\x04\x93\x05c\x06.\x07\xf3\x07\xb2\x08i\
\x09\x1a\x0a\xc2\x0ab\x0b\xfa\x0b\x89\x0c\x10\x0d\x8d\x0d\x00\
\x0ej\x0e\xca\x0e!\x0fn\x0f\xb0\x0f\xe9\x0f\x19\x10>\
\x10Z\x10l\x10u\x10u\x10l\x10Z\x10@\x10\x1d\
\x10\xf3\x0f\xc1\x0f\x87\x0fG\x0f\x00\x0f\xb3\x0e`\x0e\x07\
\x0e\xa9\x0dF\x0d\xdf\x0cs\x0c\x04\x0c\x91\x0b\x1b\x0b\xa2\
\x0a&\x0a\xa9\x09)\x09\xa8\x08&\x08\xa2\x07\x1e\x07\x99\
\x06\x14\x06\x8f\x05\x0a\x05\x84\x04\x00\x04|\x03\xf8\x02v\
\x02\xf4\x01s\x01\xf3\x00u\x00\xf9\xff}\xff\x02\xff\x89\
\xfe\x11\xfe\x9b\xfd&\xfd\xb3\xfcA\xfc\xd1\xfbb\xfb\xf5\
\xfa\x8a\xfa \xfa\xb9\xf9S\xf9\xef\xf8\x8c\xf8,\xf8\xce\
\xf7r\xf7\x18\xf7\xc0\xf6k\xf6\x18\xf6\xc7\xf5z\xf5/\
\xf5\xe8\xf4\xa3\xf4b\xf4%\xf4\xeb\xf3\xb5\xf3\x83\xf3U\
\xf3+\xf3\x06\xf3\xe6\xf2\xcb\xf2\xb5\xf2\xa4\xf2\x98\xf2\x92\
\xf2\x92\xf2\x98\xf2\xa4\xf2\xb5\xf2\xce\xf2\xec\xf2\x11\xf3<\
\xf3n\xf3\xa7\xf3\xe6\xf3+\xf4w\xf4\xca\xf4\x22\xf5\x82\
\xf5\xe7\xf5R\xf6\xc3\xf6:\xf7\xb6\xf78\xf8\xbe\xf8I\
\xf9\xd8\xf9l\xfa\x03\xfb\x9d\xfb;\xfc\xdb\xfc}\xfd \
\xfe\xc5\xfek\xff\x11\x00\xb7\x00]\x01\x02\x02\xa5\x02G\
\x03\xe6\x03\x82\x04\x1b\x05\xb0\x05B\x06\xce\x06V\x07\xd8\
\x07U\x08\xcb\x08;\x09\xa5\x09\x07\x0ab\x0a\xb6\x0a\x02\
\x0bF\x0b\x82\x0b\xb6\x0b\xe1\x0b\x05\x0c \x0c3\x0c=\
\x0c@\x0c:\x0c,\x0c\x17\x0c\xfa\x0b\xd5\x0b\xaa\x0bw\
\x0b>\x0b\xff\x0a\xba\x0ao\x0a\x1f\x0a\xca\x09q\x09\x14\
\x09\xb4\x08P\x08\xea\x07\x81\x07\x17\x07\xab\x06?\x06\xd2\
\x05f\x05\xf9\x04\x8e\x04$\x04\xbc\x03V\x03\xf2\x02\x91\
\x023\x02\xd8\x01\x81\x01.\x01\xdf\x00\x94\x00N\x00\x0c\
\x00\xd0\xff\x97\xffd\xff5\xff\x0b\xff\xe6\xfe\xc5\xfe\xa9\
\xfe\x91\xfe~\xfeo\xfec\xfe\x5c\xfeX\xfeW\xfeY\
\xfe]\xfed\xfem\xfew\xfe\x83\xfe\x90\xfe\x9d\xfe\xab\
\xfe\xb8\xfe\xc6\xfe\xd2\xfe\xdd\xfe\xe7\xfe\xef\xfe\xf5\xfe\xf9\
\xfe\xfb\xfe\xf9\xfe\xf4\xfe\xed\xfe\xe1\xfe\xd2\xfe\xc0\xfe\xa9\
\xfe\x8f\xfep\xfeN\xfe(\xfe\xfd\xfd\xcf\xfd\x9d\xfdg\
\xfd.\xfd\xf1\xfc\xb2\xfco\xfc*\xfc\xe2\xfb\x98\xfbM\
\xfb\x00\xfb\xb2\xfac\xfa\x14\xfa\xc5\xf9w\xf9)\xf9\xdd\
\xf8\x93\xf8J\xf8\x05\xf8\xc2\xf7\x83\xf7H\xf7\x11\xf7\xdf\
\xf6\xb2\xf6\x8a\xf6h\xf6L\xf66\xf6'\xf6\x1f\xf6\x1e\
\xf6$\xf62\xf6G\xf6c\xf6\x88\xf6\xb4\xf6\xe8\xf6#\
\xf7g\xf7\xb1\xf7\x04\xf8]\xf8\xbd\xf8%\xf9\x92\xf9\x06\
\xfa\x80\xfa\xff\xfa\x84\xfb\x0d\xfc\x9b\xfc-\xfd\xc2\xfdZ\
\xfe\xf4\xfe\x91\xff.\x00\xcc\x00l\x01\x0b\x02\xa9\x02F\
\x03\xe2\x03{\x04\x11\x05\xa4\x054\x06\xbf\x06E\x07\xc6\
\x07A\x08\xb7\x08&\x09\x8e\x09\xf0\x09J\x0a\x9c\x0a\xe7\
\x0a)\x0bd\x0b\x96\x0b\xbf\x0b\xe0\x0b\xf9\x0b\x09\x0c\x10\
\x0c\x0f\x0c\x06\x0c\xf4\x0b\xda\x0b\xb8\x0b\x8f\x0b^\x0b&\
\x0b\xe7\x0a\xa2\x0aV\x0a\x04\x0a\xad\x09Q\x09\xf0\x08\x8a\
\x08!\x08\xb4\x07D\x07\xd2\x06^\x06\xe7\x05p\x05\xf8\
\x04\x7f\x04\x06\x04\x8e\x03\x17\x03\xa0\x02,\x02\xb9\x01H\
\x01\xda\x00o\x00\x07\x00\xa3\xffB\xff\xe5\xfe\x8c\xfe7\
\xfe\xe6\xfd\x9a\xfdR\xfd\x0e\xfd\xd0\xfc\x95\xfc`\xfc/\
\xfc\x02\xfc\xda\xfb\xb6\xfb\x97\xfb{\xfbd\xfbP\xfb@\
\xfb3\xfb*\xfb$\xfb!\xfb \xfb\x22\xfb&\xfb,\
\xfb3\xfb=\xfbH\xfbS\xfb`\xfbn\xfb|\xfb\x8a\
\xfb\x99\xfb\xa8\xfb\xb6\xfb\xc5\xfb\xd3\xfb\xe1\xfb\xee\xfb\xfa\
\xfb\x06\xfc\x11\xfc\x1c\xfc%\xfc.\xfc6\xfc=\xfcD\
\xfcJ\xfcO\xfcT\xfcY\xfc]\xfca\xfce\xfci\
\xfcm\xfcq\xfcv\xfc{\xfc\x81\xfc\x88\xfc\x8f\xfc\x98\
\xfc\xa1\xfc\xac\xfc\xb9\xfc\xc7\xfc\xd6\xfc\xe7\xfc\xfa\xfc\x0e\
\xfd%\xfd=\xfdW\xfds\xfd\x91\xfd\xb0\xfd\xd2\xfd\xf5\
\xfd\x1a\xfeA\xfei\xfe\x93\xfe\xbe\xfe\xea\xfe\x17\xffF\
\xfft\xff\xa4\xff\xd4\xff\x03\x003\x00c\x00\x93\x00\xc2\
\x00\xf0\x00\x1d\x01I\x01t\x01\x9d\x01\xc4\x01\xe9\x01\x0c\
\x02-\x02K\x02g\x02\x80\x02\x96\x02\xaa\x02\xba\x02\xc7\
\x02\xd1\x02\xd8\x02\xdb\x02\xdc\x02\xd9\x02\xd3\x02\xca\x02\xbe\
\x02\xaf\x02\x9d\x02\x89\x02r\x02Y\x02>\x02!\x02\x02\
\x02\xe2\x01\xc1\x01\x9e\x01{\x01X\x015\x01\x11\x01\xee\
\x00\xcc\x00\xab\x00\x8b\x00m\x00Q\x006\x00\x1f\x00\x0a\
\x00\xf9\xff\xea\xff\xde\xff\xd6\xff\xd2\xff\xd2\xff\xd6\xff\xde\
\xff\xea\xff\xfb\xff\x0f\x00(\x00F\x00i\x00\x8f\x00\xba\
\x00\xe9\x00\x1c\x01S\x01\x8d\x01\xcb\x01\x0c\x02P\x02\x96\
\x02\xdf\x02)\x03v\x03\xc3\x03\x11\x04`\x04\xae\x04\xfc\
\x04J\x05\x96\x05\xe0\x05'\x06m\x06\xaf\x06\xed\x06'\
\x07]\x07\x8e\x07\xba\x07\xdf\x07\xff\x07\x19\x08+\x087\
\x08;\x087\x08,\x08\x18\x08\xfd\x07\xd9\x07\xac\x07w\
\x07:\x07\xf4\x06\xa5\x06N\x06\xef\x05\x87\x05\x18\x05\xa1\
\x04\x22\x04\x9d\x03\x10\x03~\x02\xe5\x01F\x01\xa3\x00\xfc\
\xffP\xff\xa0\xfe\xed\xfd8\xfd\x82\xfc\xca\xfb\x11\xfbY\
\xfa\xa1\xf9\xeb\xf87\xf8\x85\xf7\xd7\xf6-\xf6\x88\xf5\xe8\
\xf4M\xf4\xba\xf3-\xf3\xa8\xf2*\xf2\xb6\xf1K\xf1\xe9\
\xf0\x91\xf0C\xf0\x00\xf0\xc8\xef\x9b\xefz\xefd\xefZ\
\xef\x5c\xefj\xef\x83\xef\xa9\xef\xda\xef\x17\xf0`\xf0\xb4\
\xf0\x13\xf1}\xf1\xf2\xf1q\xf2\xf9\xf2\x8b\xf3&\xf4\xca\
\xf4u\xf5(\xf6\xe2\xf6\xa2\xf7h\xf83\xf9\x03\xfa\xd6\
\xfa\xad\xfb\x86\xfca\xfd=\xfe\x1a\xff\xf7\xff\xd2\x00\xad\
\x01\x86\x02\x5c\x03/\x04\xfe\x04\xca\x05\x90\x06Q\x07\x0c\
\x08\xc0\x08n\x09\x15\x0a\xb5\x0aL\x0b\xdb\x0bb\x0c\xe0\
\x0cU\x0d\xc1\x0d#\x0e}\x0e\xcc\x0e\x12\x0fO\x0f\x82\
\x0f\xac\x0f\xcc\x0f\xe2\x0f\xf0\x0f\xf4\x0f\xf0\x0f\xe2\x0f\xcd\
\x0f\xaf\x0f\x89\x0f[\x0f&\x0f\xe9\x0e\xa6\x0e\x5c\x0e\x0d\
\x0e\xb7\x0d\x5c\x0d\xfb\x0c\x96\x0c-\x0c\xbf\x0bN\x0b\xd9\
\x0aa\x0a\xe7\x09j\x09\xeb\x08j\x08\xe8\x07d\x07\xe0\
\x06[\x06\xd5\x05O\x05\xc9\x04C\x04\xbe\x03:\x03\xb6\
\x023\x02\xb0\x010\x01\xb0\x002\x00\xb6\xff;\xff\xc1\
\xfeI\xfe\xd3\xfd_\xfd\xec\xfc|\xfc\x0d\xfc\xa0\xfb6\
\xfb\xcd\xfaf\xfa\x02\xfa\xa0\xf9@\xf9\xe2\xf8\x86\xf8-\
\xf8\xd6\xf7\x81\xf7/\xf7\xe0\xf6\x93\xf6I\xf6\x02\xf6\xbe\
\xf5}\xf5?\xf5\x04\xf5\xcc\xf4\x98\xf4h\xf4<\xf4\x13\
\xf4\xef\xf3\xce\xf3\xb2\xf3\x9b\xf3\x88\xf3z\xf3q\xf3l\
\xf3m\xf3t\xf3\x7f\xf3\x91\xf3\xa7\xf3\xc4\xf3\xe6\xf3\x0e\
\xf4<\xf4p\xf4\xaa\xf4\xe9\xf4/\xf5z\xf5\xcc\xf5#\
\xf6\x7f\xf6\xe1\xf6I\xf7\xb5\xf7'\xf8\x9d\xf8\x18\xf9\x98\
\xf9\x1c\xfa\xa3\xfa.\xfb\xbc\xfbN\xfc\xe1\xfcw\xfd\x0f\
\xfe\xa9\xfeC\xff\xde\xffx\x00\x13\x01\xae\x01G\x02\xdf\
\x02u\x03\x09\x04\x9a\x04(\x05\xb2\x058\x06\xba\x068\
\x07\xb0\x07\x22\x08\x8f\x08\xf6\x08V\x09\xaf\x09\x02\x0aN\
\x0a\x92\x0a\xce\x0a\x03\x0b1\x0bV\x0bs\x0b\x89\x0b\x96\
\x0b\x9c\x0b\x9a\x0b\x8f\x0b~\x0bd\x0bD\x0b\x1c\x0b\xed\
\x0a\xb8\x0a|\x0a;\x0a\xf3\x09\xa6\x09T\x09\xfd\x08\xa2\
\x08C\x08\xe1\x07{\x07\x13\x07\xa9\x06=\x06\xd0\x05b\
\x05\xf4\x04\x85\x04\x17\x04\xaa\x03?\x03\xd5\x02m\x02\x07\
\x02\xa5\x01E\x01\xe9\x00\x90\x00<\x00\xed\xff\xa1\xffZ\
\xff\x18\xff\xda\xfe\xa2\xfen\xfe@\xfe\x17\xfe\xf3\xfd\xd4\
\xfd\xba\xfd\xa5\xfd\x95\xfd\x8a\xfd\x83\xfd\x80\xfd\x82\xfd\x87\
\xfd\x8f\xfd\x9c\xfd\xab\xfd\xbc\xfd\xd0\xfd\xe7\xfd\xfe\xfd\x18\
\xfe2\xfeM\xfeh\xfe\x83\xfe\x9e\xfe\xb8\xfe\xd1\xfe\xe8\
\xfe\xfe\xfe\x12\xff#\xff2\xff>\xffG\xffM\xffO\
\xffN\xffI\xff@\xff3\xff\x22\xff\x0d\xff\xf4\xfe\xd7\
\xfe\xb6\xfe\x91\xfeh\xfe;\xfe\x0b\xfe\xd8\xfd\xa1\xfdh\
\xfd,\xfd\xed\xfc\xad\xfck\xfc'\xfc\xe2\xfb\x9c\xfbV\
\xfb\x10\xfb\xcb\xfa\x86\xfaB\xfa\x00\xfa\xbf\xf9\x82\xf9F\
\xf9\x0e\xf9\xda\xf8\xa9\xf8|\xf8T\xf81\xf8\x13\xf8\xfa\
\xf7\xe7\xf7\xd9\xf7\xd2\xf7\xd1\xf7\xd7\xf7\xe3\xf7\xf5\xf7\x0f\
\xf8/\xf8U\xf8\x83\xf8\xb7\xf8\xf2\xf83\xf9z\xf9\xc8\
\xf9\x1c\xfau\xfa\xd4\xfa8\xfb\xa1\xfb\x0e\xfc\x80\xfc\xf6\
\xfco\xfd\xeb\xfdj\xfe\xeb\xfen\xff\xf2\xffv\x00\xfb\
\x00\x81\x01\x05\x02\x89\x02\x0c\x03\x8c\x03\x0b\x04\x86\x04\xfe\
\x04s\x05\xe4\x05P\x06\xb8\x06\x1b\x07x\x07\xcf\x07!\
\x08l\x08\xb2\x08\xf0\x08(\x09X\x09\x82\x09\xa5\x09\xc1\
\x09\xd5\x09\xe3\x09\xe9\x09\xe8\x09\xe0\x09\xd2\x09\xbd\x09\xa1\
\x09\x7f\x09W\x09)\x09\xf6\x08\xbd\x08\x7f\x08=\x08\xf6\
\x07\xab\x07\x5c\x07\x0a\x07\xb5\x06]\x06\x04\x06\xa8\x05J\
\x05\xec\x04\x8d\x04-\x04\xcd\x03n\x03\x0f\x03\xb1\x02T\
\x02\xf9\x01\xa0\x01I\x01\xf3\x00\xa1\x00Q\x00\x04\x00\xbb\
\xffu\xff1\xff\xf1\xfe\xb5\xfe|\xfeG\xfe\x16\xfe\xe8\
\xfd\xbd\xfd\x97\xfds\xfdT\xfd7\xfd\x1e\xfd\x08\xfd\xf5\
\xfc\xe5\xfc\xd7\xfc\xcc\xfc\xc3\xfc\xbd\xfc\xb8\xfc\xb6\xfc\xb4\
\xfc\xb5\xfc\xb6\xfc\xb9\xfc\xbc\xfc\xc0\xfc\xc4\xfc\xc9\xfc\xce\
\xfc\xd3\xfc\xd7\xfc\xdc\xfc\xe0\xfc\xe3\xfc\xe6\xfc\xe8\xfc\xe9\
\xfc\xe9\xfc\xe9\xfc\xe7\xfc\xe5\xfc\xe1\xfc\xdd\xfc\xd8\xfc\xd2\
\xfc\xcb\xfc\xc3\xfc\xbb\xfc\xb2\xfc\xa8\xfc\x9e\xfc\x94\xfc\x8a\
\xfc\x80\xfcv\xfcl\xfcb\xfcZ\xfcQ\xfcJ\xfcD\
\xfc?\xfc;\xfc9\xfc8\xfc9\xfc;\xfc@\xfcF\
\xfcO\xfcZ\xfcg\xfcv\xfc\x88\xfc\x9c\xfc\xb2\xfc\xcb\
\xfc\xe6\xfc\x03\xfd\x22\xfdD\xfdg\xfd\x8d\xfd\xb5\xfd\xde\
\xfd\x09\xfe5\xfec\xfe\x92\xfe\xc2\xfe\xf3\xfe$\xffV\
\xff\x88\xff\xba\xff\xec\xff\x1d\x00N\x00~\x00\xad\x00\xdb\
\x00\x08\x013\x01\x5c\x01\x83\x01\xa9\x01\xcc\x01\xec\x01\x0b\
\x02&\x02?\x02U\x02i\x02y\x02\x87\x02\x92\x02\x99\
\x02\x9e\x02\xa0\x02\xa0\x02\x9c\x02\x96\x02\x8e\x02\x83\x02v\
\x02g\x02V\x02C\x02/\x02\x1a\x02\x03\x02\xec\x01\xd4\
\x01\xbc\x01\xa4\x01\x8c\x01t\x01]\x01G\x012\x01\x1f\
\x01\x0d\x01\xfd\x00\xef\x00\xe4\x00\xdb\x00\xd5\x00\xd1\x00\xd1\
\x00\xd4\x00\xda\x00\xe4\x00\xf1\x00\x01\x01\x15\x01-\x01H\
\x01f\x01\x88\x01\xae\x01\xd6\x01\x02\x021\x02b\x02\x96\
\x02\xcc\x02\x04\x03>\x03z\x03\xb7\x03\xf5\x033\x04q\
\x04\xb0\x04\xee\x04+\x05f\x05\xa0\x05\xd8\x05\x0d\x06@\
\x06o\x06\x9a\x06\xc2\x06\xe5\x06\x03\x07\x1d\x070\x07?\
\x07G\x07H\x07D\x078\x07%\x07\x0c\x07\xeb\x06\xc3\
\x06\x93\x06[\x06\x1c\x06\xd6\x05\x88\x053\x05\xd6\x04s\
\x04\x08\x04\x97\x03\x1f\x03\xa1\x02\x1d\x02\x94\x01\x05\x01r\
\x00\xdb\xff@\xff\xa1\xfe\xff\xfd[\xfd\xb5\xfc\x0d\xfce\
\xfb\xbd\xfa\x15\xfan\xf9\xc9\xf8&\xf8\x86\xf7\xe9\xf6P\
\xf6\xbc\xf5,\xf5\xa3\xf4\x1f\xf4\xa3\xf3-\xf3\xbf\xf2Z\
\xf2\xfc\xf1\xa8\xf1]\xf1\x1c\xf1\xe5\xf0\xb8\xf0\x95\xf0}\
\xf0p\xf0n\xf0v\xf0\x8a\xf0\xa9\xf0\xd3\xf0\x08\xf1H\
\xf1\x92\xf1\xe7\xf1F\xf2\xaf\xf2\x22\xf3\x9e\xf3#\xf4\xb1\
\xf4G\xf5\xe5\xf5\x8a\xf66\xf7\xe8\xf7\xa0\xf8]\xf9\x1e\
\xfa\xe4\xfa\xad\xfbx\xfcF\xfd\x16\xfe\xe6\xfe\xb7\xff\x86\
\x00V\x01$\x02\xf0\x02\xb9\x03\x7f\x04B\x05\x00\x06\xb9\
\x06m\x07\x1c\x08\xc4\x08f\x09\x00\x0a\x94\x0a \x0b\xa4\
\x0b\x1f\x0c\x93\x0c\xfd\x0c_\x0d\xb8\x0d\x08\x0eO\x0e\x8c\
\x0e\xc1\x0e\xec\x0e\x0e\x0f'\x0f7\x0f>\x0f<\x0f2\
\x0f \x0f\x05\x0f\xe3\x0e\xb8\x0e\x87\x0eN\x0e\x0f\x0e\xc9\
\x0d|\x0d*\x0d\xd3\x0cv\x0c\x14\x0c\xae\x0bC\x0b\xd5\
\x0ac\x0a\xee\x09v\x09\xfc\x08\x7f\x08\x01\x08\x81\x07\x00\
\x07~\x06\xfb\x05w\x05\xf3\x04p\x04\xec\x03i\x03\xe7\
\x02e\x02\xe5\x01e\x01\xe7\x00j\x00\xf0\xffw\xff\xff\
\xfe\x89\xfe\x15\xfe\xa3\xfd3\xfd\xc6\xfcZ\xfc\xf1\xfb\x8a\
\xfb%\xfb\xc2\xfab\xfa\x05\xfa\xa9\xf9Q\xf9\xfa\xf8\xa7\
\xf8U\xf8\x07\xf8\xbb\xf7r\xf7+\xf7\xe8\xf6\xa7\xf6i\
\xf6.\xf6\xf6\xf5\xc2\xf5\x90\xf5b\xf58\xf5\x10\xf5\xed\
\xf4\xcd\xf4\xb1\xf4\x99\xf4\x85\xf4u\xf4j\xf4b\xf4`\
\xf4b\xf4h\xf4s\xf4\x84\xf4\x99\xf4\xb3\xf4\xd2\xf4\xf6\
\xf4 \xf5O\xf5\x83\xf5\xbc\xf5\xfb\xf5>\xf6\x87\xf6\xd5\
\xf6(\xf7\x80\xf7\xdd\xf7?\xf8\xa5\xf8\x10\xf9\x7f\xf9\xf1\
\xf9h\xfa\xe3\xfaa\xfb\xe1\xfbe\xfc\xec\xfct\xfd\xfe\
\xfd\x8a\xfe\x18\xff\xa6\xff3\x00\xc2\x00P\x01\xde\x01k\
\x02\xf6\x02\x80\x03\x07\x04\x8c\x04\x0d\x05\x8c\x05\x06\x06}\
\x06\xef\x06\x5c\x07\xc4\x07'\x08\x84\x08\xdb\x08+\x09u\
\x09\xb9\x09\xf5\x09+\x0aY\x0a\x80\x0a\xa0\x0a\xb8\x0a\xc9\
\x0a\xd2\x0a\xd4\x0a\xce\x0a\xc1\x0a\xac\x0a\x91\x0an\x0aE\
\x0a\x15\x0a\xdf\x09\xa3\x09a\x09\x19\x09\xcc\x08{\x08$\
\x08\xca\x07l\x07\x0b\x07\xa6\x06?\x06\xd6\x05l\x05\x00\
\x05\x93\x04&\x04\xb9\x03L\x03\xe1\x02v\x02\x0e\x02\xa7\
\x01C\x01\xe1\x00\x83\x00(\x00\xd2\xff~\xff/\xff\xe5\
\xfe\x9f\xfe^\xfe\x22\xfe\xeb\xfd\xba\xfd\x8e\xfdg\xfdE\
\xfd)\xfd\x12\xfd\x00\xfd\xf3\xfc\xeb\xfc\xe9\xfc\xea\xfc\xf1\
\xfc\xfb\xfc\x0a\xfd\x1c\xfd2\xfdK\xfdg\xfd\x85\xfd\xa6\
\xfd\xc9\xfd\xed\xfd\x12\xfe8\xfe_\xfe\x86\xfe\xad\xfe\xd3\
\xfe\xf8\xfe\x1c\xff>\xff_\xff}\xff\x99\xff\xb2\xff\xc8\
\xff\xdb\xff\xeb\xff\xf6\xff\xff\xff\x02\x00\x02\x00\xff\xff\xf7\
\xff\xeb\xff\xdb\xff\xc6\xff\xad\xff\x90\xffo\xffJ\xff\x22\
\xff\xf6\xfe\xc6\xfe\x94\xfe^\xfe&\xfe\xeb\xfd\xaf\xfdp\
\xfd0\xfd\xef\xfc\xae\xfck\xfc)\xfc\xe7\xfb\xa5\xfbe\
\xfb&\xfb\xe9\xfa\xae\xfau\xfa@\xfa\x0d\xfa\xde\xf9\xb3\
\xf9\x8c\xf9i\xf9K\xf92\xf9\x1e\xf9\x10\xf9\x07\xf9\x03\
\xf9\x05\xf9\x0e\xf9\x1c\xf90\xf9J\xf9j\xf9\x90\xf9\xbc\
\xf9\xee\xf9&\xfac\xfa\xa5\xfa\xed\xfa:\xfb\x8b\xfb\xe1\
\xfb;\xfc\x99\xfc\xfb\xfc_\xfd\xc7\xfd1\xfe\x9e\xfe\x0c\
\xff{\xff\xec\xff\x5c\x00\xcd\x00>\x01\xaf\x01\x1e\x02\x8c\
\x02\xf8\x02b\x03\xca\x03.\x04\x90\x04\xed\x04G\x05\x9d\
\x05\xee\x05;\x06\x82\x06\xc5\x06\x02\x07:\x07l\x07\x98\
\x07\xbe\x07\xdf\x07\xfa\x07\x0f\x08\x1d\x08&\x08)\x08'\
\x08\x1f\x08\x11\x08\xfe\x07\xe5\x07\xc8\x07\xa6\x07\x7f\x07T\
\x07%\x07\xf2\x06\xbc\x06\x82\x06E\x06\x06\x06\xc4\x05\x80\
\x05:\x05\xf3\x04\xab\x04b\x04\x18\x04\xce\x03\x85\x03;\
\x03\xf2\x02\xaa\x02b\x02\x1c\x02\xd8\x01\x95\x01T\x01\x16\
\x01\xd9\x00\x9f\x00g\x001\x00\x00\x00\xcf\xff\xa2\xffw\
\xffO\xff*\xff\x08\xff\xe8\xfe\xca\xfe\xb0\xfe\x97\xfe\x81\
\xfem\xfe\x5c\xfeL\xfe>\xfe2\xfe'\xfe\x1e\xfe\x15\
\xfe\x0e\xfe\x08\xfe\x03\xfe\xfe\xfd\xf9\xfd\xf5\xfd\xf0\xfd\xec\
\xfd\xe7\xfd\xe3\xfd\xdd\xfd\xd7\xfd\xd1\xfd\xc9\xfd\xc1\xfd\xb8\
\xfd\xae\xfd\xa3\xfd\x97\xfd\x8a\xfd{\xfdl\xfd\x5c\xfdK\
\xfd8\xfd%\xfd\x12\xfd\xfd\xfc\xe8\xfc\xd3\xfc\xbd\xfc\xa6\
\xfc\x90\xfcz\xfcd\xfcO\xfc9\xfc%\xfc\x11\xfc\xff\
\xfb\xed\xfb\xdd\xfb\xcf\xfb\xc2\xfb\xb6\xfb\xad\xfb\xa6\xfb\xa0\
\xfb\x9e\xfb\x9d\xfb\x9f\xfb\xa4\xfb\xab\xfb\xb5\xfb\xc1\xfb\xd0\
\xfb\xe3\xfb\xf7\xfb\x0f\xfc)\xfcF\xfcf\xfc\x88\xfc\xad\
\xfc\xd4\xfc\xfd\xfc(\xfdV\xfd\x85\xfd\xb6\xfd\xe8\xfd\x1c\
\xfeP\xfe\x86\xfe\xbc\xfe\xf3\xfe*\xffa\xff\x99\xff\xcf\
\xff\x05\x00:\x00o\x00\xa2\x00\xd4\x00\x04\x013\x01`\
\x01\x8b\x01\xb4\x01\xda\x01\xfe\x01\x1f\x02>\x02Z\x02s\
\x02\x8a\x02\x9d\x02\xae\x02\xbc\x02\xc8\x02\xd0\x02\xd6\x02\xd9\
\x02\xda\x02\xd8\x02\xd4\x02\xce\x02\xc6\x02\xbc\x02\xb1\x02\xa3\
\x02\x95\x02\x86\x02v\x02e\x02S\x02B\x021\x02\x1f\
\x02\x0f\x02\xff\x01\xf0\x01\xe2\x01\xd5\x01\xcb\x01\xc1\x01\xba\
\x01\xb5\x01\xb2\x01\xb1\x01\xb3\x01\xb7\x01\xbe\x01\xc8\x01\xd5\
\x01\xe4\x01\xf6\x01\x0b\x02#\x02=\x02Z\x02z\x02\x9b\
\x02\xc0\x02\xe6\x02\x0e\x038\x03c\x03\x90\x03\xbd\x03\xeb\
\x03\x1a\x04I\x04x\x04\xa6\x04\xd3\x04\x00\x05*\x05S\
\x05z\x05\x9e\x05\xc0\x05\xde\x05\xf9\x05\x10\x06#\x061\
\x06;\x06@\x06@\x06:\x06.\x06\x1d\x06\x05\x06\xe7\
\x05\xc4\x05\x99\x05h\x051\x05\xf3\x04\xaf\x04d\x04\x12\
\x04\xbb\x03]\x03\xf9\x02\x90\x02!\x02\xad\x014\x01\xb6\
\x003\x00\xae\xff$\xff\x97\xfe\x07\xfeu\xfd\xe0\xfcK\
\xfc\xb5\xfb\x1e\xfb\x87\xfa\xf1\xf9\x5c\xf9\xc9\xf88\xf8\xaa\
\xf7 \xf7\x99\xf6\x16\xf6\x99\xf5 \xf5\xae\xf4B\xf4\xdc\
\xf3~\xf3'\xf3\xd9\xf2\x92\xf2T\xf2\x1f\xf2\xf4\xf1\xd2\
\xf1\xb9\xf1\xaa\xf1\xa5\xf1\xaa\xf1\xb9\xf1\xd3\xf1\xf6\xf1$\
\xf2[\xf2\x9d\xf2\xe8\xf2<\xf3\x9a\xf3\x02\xf4q\xf4\xea\
\xf4j\xf5\xf3\xf5\x82\xf6\x19\xf7\xb6\xf7Y\xf8\x02\xf9\xb0\
\xf9b\xfa\x18\xfb\xd2\xfb\x8e\xfcM\xfd\x0e\xfe\xd0\xfe\x92\
\xffT\x00\x16\x01\xd7\x01\x96\x02S\x03\x0d\x04\xc5\x04x\
\x05'\x06\xd2\x06w\x07\x17\x08\xb0\x08D\x09\xd1\x09V\
\x0a\xd5\x0aL\x0b\xbb\x0b\x22\x0c\x80\x0c\xd7\x0c%\x0dj\
\x0d\xa6\x0d\xda\x0d\x05\x0e(\x0eB\x0eS\x0e[\x0e\x5c\
\x0eT\x0eD\x0e,\x0e\x0c\x0e\xe5\x0d\xb7\x0d\x82\x0dF\
\x0d\x04\x0d\xbc\x0cn\x0c\x1a\x0c\xc2\x0bd\x0b\x03\x0b\x9c\
\x0a3\x0a\xc5\x09U\x09\xe1\x08k\x08\xf3\x07y\x07\xfe\
\x06\x81\x06\x03\x06\x85\x05\x06\x05\x87\x04\x08\x04\x89\x03\x0b\
\x03\x8d\x02\x10\x02\x95\x01\x1a\x01\xa1\x00*\x00\xb5\xffA\
\xff\xcf\xfe_\xfe\xf1\xfd\x86\xfd\x1c\xfd\xb5\xfcP\xfc\xee\
\xfb\x8e\xfb1\xfb\xd6\xfa~\xfa(\xfa\xd5\xf9\x84\xf97\
\xf9\xec\xf8\xa3\xf8^\xf8\x1b\xf8\xda\xf7\x9d\xf7c\xf7+\
\xf7\xf6\xf6\xc5\xf6\x96\xf6j\xf6B\xf6\x1c\xf6\xfa\xf5\xdb\
\xf5\xc0\xf5\xa8\xf5\x93\xf5\x82\xf5u\xf5l\xf5f\xf5e\
\xf5g\xf5m\xf5x\xf5\x87\xf5\x9a\xf5\xb1\xf5\xcd\xf5\xed\
\xf5\x12\xf6<\xf6j\xf6\x9c\xf6\xd3\xf6\x0f\xf7O\xf7\x94\
\xf7\xdd\xf7*\xf8|\xf8\xd2\xf8-\xf9\x8b\xf9\xed\xf9S\
\xfa\xbc\xfa)\xfb\x98\xfb\x0b\xfc\x81\xfc\xf8\xfcr\xfd\xee\
\xfdl\xfe\xeb\xfek\xff\xec\xffl\x00\xed\x00n\x01\xee\
\x01m\x02\xeb\x02g\x03\xe2\x03Y\x04\xce\x04@\x05\xaf\
\x05\x19\x06\x80\x06\xe2\x06@\x07\x98\x07\xec\x079\x08\x82\
\x08\xc4\x08\xff\x085\x09d\x09\x8c\x09\xae\x09\xc9\x09\xdd\
\x09\xea\x09\xf0\x09\xef\x09\xe7\x09\xd8\x09\xc2\x09\xa6\x09\x84\
\x09Z\x09+\x09\xf6\x08\xbb\x08{\x085\x08\xeb\x07\x9c\
\x07H\x07\xf1\x06\x96\x068\x06\xd8\x05t\x05\x0f\x05\xa8\
\x04@\x04\xd8\x03n\x03\x05\x03\x9d\x025\x02\xce\x01i\
\x01\x06\x01\xa6\x00H\x00\xee\xff\x96\xffB\xff\xf2\xfe\xa6\
\xfe_\xfe\x1c\xfe\xde\xfd\xa5\xfdq\xfdB\xfd\x19\xfd\xf5\
\xfc\xd6\xfc\xbd\xfc\xa9\xfc\x9a\xfc\x91\xfc\x8d\xfc\x8e\xfc\x93\
\xfc\x9e\xfc\xad\xfc\xc0\xfc\xd7\xfc\xf2\xfc\x11\xfd3\xfdW\
\xfd\x7f\xfd\xa8\xfd\xd4\xfd\x01\xfe/\xfe^\xfe\x8e\xfe\xbe\
\xfe\xee\xfe\x1d\xffL\xffy\xff\xa5\xff\xcf\xff\xf7\xff\x1b\
\x00=\x00]\x00y\x00\x92\x00\xa8\x00\xb9\x00\xc6\x00\xd0\
\x00\xd5\x00\xd6\x00\xd2\x00\xcb\x00\xbe\x00\xae\x00\x99\x00\x7f\
\x00b\x00A\x00\x1b\x00\xf3\xff\xc6\xff\x96\xffc\xff-\
\xff\xf4\xfe\xba\xfe}\xfe>\xfe\xfe\xfd\xbd\xfd{\xfd8\
\xfd\xf6\xfc\xb4\xfcs\xfc2\xfc\xf3\xfb\xb6\xfb{\xfbC\
\xfb\x0d\xfb\xda\xfa\xaa\xfa~\xfaV\xfa2\xfa\x13\xfa\xf8\
\xf9\xe2\xf9\xd1\xf9\xc5\xf9\xbe\xf9\xbd\xf9\xc1\xf9\xcb\xf9\xda\
\xf9\xee\xf9\x08\xfa(\xfaM\xfaw\xfa\xa7\xfa\xdb\xfa\x15\
\xfbS\xfb\x95\xfb\xdc\xfb'\xfcu\xfc\xc7\xfc\x1c\xfdt\
\xfd\xce\xfd+\xfe\x8a\xfe\xea\xfeK\xff\xad\xff\x0e\x00q\
\x00\xd3\x005\x01\x96\x01\xf5\x01S\x02\xaf\x02\x09\x03`\
\x03\xb4\x03\x05\x04S\x04\x9d\x04\xe3\x04%\x05c\x05\x9d\
\x05\xd2\x05\x02\x06.\x06T\x06v\x06\x93\x06\xab\x06\xbe\
\x06\xcc\x06\xd5\x06\xd9\x06\xd9\x06\xd3\x06\xca\x06\xbc\x06\xaa\
\x06\x94\x06z\x06\x5c\x06;\x06\x17\x06\xf0\x05\xc6\x05\x9a\
\x05k\x05:\x05\x08\x05\xd4\x04\x9f\x04h\x041\x04\xfa\
\x03\xc2\x03\x8a\x03R\x03\x1b\x03\xe4\x02\xae\x02y\x02D\
\x02\x11\x02\xe0\x01\xb0\x01\x81\x01T\x01)\x01\x00\x01\xd9\
\x00\xb3\x00\x8f\x00n\x00N\x000\x00\x14\x00\xfa\xff\xe2\
\xff\xca\xff\xb5\xff\xa1\xff\x8e\xff|\xffl\xff\x5c\xffM\
\xff?\xff2\xff%\xff\x18\xff\x0c\xff\xff\xfe\xf3\xfe\xe6\
\xfe\xd9\xfe\xcb\xfe\xbd\xfe\xae\xfe\x9e\xfe\x8e\xfe|\xfej\
\xfeW\xfeB\xfe-\xfe\x16\xfe\xff\xfd\xe6\xfd\xcd\xfd\xb2\
\xfd\x96\xfdz\xfd\x5c\xfd>\xfd \xfd\x00\xfd\xe1\xfc\xc1\
\xfc\xa1\xfc\x81\xfca\xfcB\xfc#\xfc\x04\xfc\xe7\xfb\xca\
\xfb\xaf\xfb\x95\xfb|\xfbe\xfbP\xfb=\xfb,\xfb\x1d\
\xfb\x11\xfb\x07\xfb\x00\xfb\xfb\xfa\xf9\xfa\xfb\xfa\xff\xfa\x07\
\xfb\x11\xfb\x1f\xfb/\xfbC\xfbZ\xfbt\xfb\x92\xfb\xb2\
\xfb\xd5\xfb\xfb\xfb$\xfcO\xfc}\xfc\xad\xfc\xdf\xfc\x13\
\xfdI\xfd\x81\xfd\xba\xfd\xf5\xfd1\xfem\xfe\xaa\xfe\xe7\
\xfe%\xffc\xff\xa0\xff\xdd\xff\x18\x00T\x00\x8e\x00\xc7\
\x00\xfe\x004\x01h\x01\x99\x01\xc9\x01\xf6\x01!\x02J\
\x02o\x02\x92\x02\xb3\x02\xd0\x02\xea\x02\x02\x03\x17\x03(\
\x037\x03D\x03M\x03T\x03X\x03Z\x03Y\x03W\
\x03R\x03K\x03C\x039\x03-\x03!\x03\x14\x03\x05\
\x03\xf7\x02\xe7\x02\xd8\x02\xc9\x02\xba\x02\xac\x02\x9e\x02\x91\
\x02\x85\x02z\x02q\x02i\x02c\x02_\x02\x5c\x02\x5c\
\x02^\x02a\x02g\x02p\x02z\x02\x87\x02\x95\x02\xa6\
\x02\xb9\x02\xce\x02\xe5\x02\xfe\x02\x18\x034\x03Q\x03o\
\x03\x8e\x03\xae\x03\xce\x03\xee\x03\x0f\x04/\x04N\x04l\
\x04\x8a\x04\xa5\x04\xc0\x04\xd8\x04\xed\x04\x00\x05\x11\x05\x1e\
\x05'\x05-\x05/\x05-\x05&\x05\x1b\x05\x0b\x05\xf6\
\x04\xdc\x04\xbc\x04\x98\x04m\x04>\x04\x08\x04\xce\x03\x8d\
\x03H\x03\xfc\x02\xac\x02V\x02\xfb\x01\x9c\x017\x01\xce\
\x00a\x00\xf1\xff}\xff\x05\xff\x8a\xfe\x0c\xfe\x8d\xfd\x0b\
\xfd\x88\xfc\x04\xfc\x7f\xfb\xfa\xfav\xfa\xf3\xf9p\xf9\xf0\
\xf8q\xf8\xf6\xf7~\xf7\x09\xf7\x98\xf6,\xf6\xc5\xf5c\
\xf5\x07\xf5\xb2\xf4c\xf4\x1a\xf4\xda\xf3\xa0\xf3o\xf3F\
\xf3%\xf3\x0d\xf3\xfd\xf2\xf6\xf2\xf9\xf2\x04\xf3\x19\xf36\
\xf3]\xf3\x8d\xf3\xc6\xf3\x08\xf4R\xf4\xa5\xf4\x01\xf5d\
\xf5\xd0\xf5C\xf6\xbd\xf6>\xf7\xc6\xf7T\xf8\xe8\xf8\x80\
\xf9\x1e\xfa\xc0\xfaf\xfb\x10\xfc\xbc\xfck\xfd\x1b\xfe\xcd\
\xfe\x80\xff2\x00\xe4\x00\x96\x01G\x02\xf6\x02\xa3\x03M\
\x04\xf3\x04\x96\x055\x06\xcf\x06d\x07\xf4\x07\x7f\x08\x03\
\x09\x80\x09\xf7\x09g\x0a\xd0\x0a2\x0b\x8c\x0b\xde\x0b(\
\x0cj\x0c\xa4\x0c\xd6\x0c\x00\x0d\x22\x0d;\x0dL\x0dV\
\x0dW\x0dQ\x0dC\x0d-\x0d\x11\x0d\xed\x0c\xc2\x0c\x91\
\x0cY\x0c\x1b\x0c\xd8\x0b\x8e\x0b@\x0b\xec\x0a\x94\x0a8\
\x0a\xd7\x09s\x09\x0b\x09\xa1\x084\x08\xc4\x07R\x07\xde\
\x06i\x06\xf3\x05{\x05\x03\x05\x8b\x04\x12\x04\x9a\x03\x22\
\x03\xaa\x023\x02\xbe\x01I\x01\xd6\x00d\x00\xf5\xff\x86\
\xff\x1a\xff\xaf\xfeG\xfe\xe0\xfd}\xfd\x1b\xfd\xbc\xfc_\
\xfc\x05\xfc\xae\xfbY\xfb\x07\xfb\xb7\xfaj\xfa \xfa\xd8\
\xf9\x93\xf9Q\xf9\x12\xf9\xd5\xf8\x9b\xf8d\xf80\xf8\xfe\
\xf7\xcf\xf7\xa3\xf7z\xf7T\xf70\xf7\x10\xf7\xf2\xf6\xd8\
\xf6\xc0\xf6\xac\xf6\x9a\xf6\x8c\xf6\x81\xf6y\xf6u\xf6t\
\xf6w\xf6}\xf6\x86\xf6\x93\xf6\xa4\xf6\xb8\xf6\xd1\xf6\xed\
\xf6\x0d\xf70\xf7X\xf7\x84\xf7\xb3\xf7\xe6\xf7\x1e\xf8Y\
\xf8\x98\xf8\xdb\xf8\x22\xf9l\xf9\xba\xf9\x0b\xfa`\xfa\xb9\
\xfa\x14\xfbs\xfb\xd4\xfb8\xfc\x9f\xfc\x08\xfds\xfd\xe0\
\xfdO\xfe\xbf\xfe0\xff\xa2\xff\x14\x00\x87\x00\xfa\x00m\
\x01\xdf\x01Q\x02\xc1\x02/\x03\x9c\x03\x07\x04o\x04\xd5\
\x047\x05\x96\x05\xf2\x05I\x06\x9d\x06\xeb\x065\x07{\
\x07\xba\x07\xf5\x07*\x08Y\x08\x82\x08\xa6\x08\xc3\x08\xda\
\x08\xea\x08\xf5\x08\xf9\x08\xf6\x08\xee\x08\xde\x08\xc9\x08\xae\
\x08\x8c\x08e\x088\x08\x06\x08\xce\x07\x91\x07P\x07\x09\
\x07\xbf\x06p\x06\x1e\x06\xc9\x05p\x05\x15\x05\xb8\x04Y\
\x04\xf8\x03\x96\x033\x03\xd0\x02m\x02\x0a\x02\xa8\x01H\
\x01\xe8\x00\x8b\x000\x00\xd8\xff\x83\xff0\xff\xe1\xfe\x96\
\xfeN\xfe\x0b\xfe\xcd\xfd\x93\xfd]\xfd-\xfd\x02\xfd\xdc\
\xfc\xbc\xfc\xa0\xfc\x8a\xfcy\xfcn\xfch\xfcg\xfck\
\xfcs\xfc\x81\xfc\x93\xfc\xaa\xfc\xc5\xfc\xe3\xfc\x06\xfd+\
\xfdT\xfd\x80\xfd\xae\xfd\xdf\xfd\x11\xfeE\xfez\xfe\xb0\
\xfe\xe6\xfe\x1c\xffR\xff\x88\xff\xbd\xff\xf0\xff!\x00Q\
\x00\x7f\x00\xaa\x00\xd3\x00\xf8\x00\x1b\x019\x01T\x01k\
\x01\x7f\x01\x8e\x01\x98\x01\x9e\x01\xa0\x01\x9d\x01\x96\x01\x8a\
\x01z\x01e\x01K\x01.\x01\x0c\x01\xe6\x00\xbd\x00\x90\
\x00_\x00+\x00\xf5\xff\xbc\xff\x7f\xffA\xff\x01\xff\xc0\
\xfe}\xfe9\xfe\xf5\xfd\xb0\xfdl\xfd(\xfd\xe5\xfc\xa3\
\xfcc\xfc%\xfc\xe8\xfb\xae\xfbw\xfbC\xfb\x13\xfb\xe5\
\xfa\xbc\xfa\x97\xfav\xfaZ\xfaB\xfa/\xfa!\xfa\x18\
\xfa\x14\xfa\x15\xfa\x1c\xfa'\xfa8\xfaN\xfai\xfa\x8a\
\xfa\xaf\xfa\xd9\xfa\x08\xfb;\xfbr\xfb\xae\xfb\xed\xfb1\
\xfcw\xfc\xc1\xfc\x0e\xfd]\xfd\xae\xfd\x02\xfeW\xfe\xae\
\xfe\x06\xff^\xff\xb7\xff\x0f\x00g\x00\xc0\x00\x17\x01m\
\x01\xc2\x01\x15\x02f\x02\xb4\x02\x01\x03J\x03\x91\x03\xd4\
\x03\x14\x04Q\x04\x89\x04\xbe\x04\xf0\x04\x1d\x05F\x05k\
\x05\x8b\x05\xa8\x05\xc0\x05\xd4\x05\xe4\x05\xf0\x05\xf7\x05\xfb\
\x05\xfb\x05\xf7\x05\xf0\x05\xe5\x05\xd6\x05\xc5\x05\xb1\x05\x99\
\x05\x7f\x05c\x05D\x05$\x05\x01\x05\xdd\x04\xb8\x04\x91\
\x04i\x04@\x04\x17\x04\xed\x03\xc3\x03\x99\x03o\x03E\
\x03\x1b\x03\xf2\x02\xc9\x02\xa2\x02{\x02U\x02/\x02\x0b\
\x02\xe8\x01\xc7\x01\xa6\x01\x86\x01h\x01K\x01/\x01\x14\
\x01\xfa\x00\xe1\x00\xc9\x00\xb1\x00\x9b\x00\x85\x00p\x00[\
\x00G\x003\x00\x1f\x00\x0c\x00\xf9\xff\xe5\xff\xd1\xff\xbc\
\xff\xa8\xff\x92\xff|\xffe\xffN\xff5\xff\x1c\xff\x02\
\xff\xe6\xfe\xca\xfe\xac\xfe\x8e\xfeo\xfeN\xfe,\xfe\x0a\
\xfe\xe7\xfd\xc2\xfd\x9d\xfdw\xfdQ\xfd*\xfd\x03\xfd\xdb\
\xfc\xb4\xfc\x8c\xfcd\xfc=\xfc\x16\xfc\xf0\xfb\xcb\xfb\xa7\
\xfb\x83\xfbb\xfbA\xfb#\xfb\x06\xfb\xeb\xfa\xd2\xfa\xbc\
\xfa\xa8\xfa\x96\xfa\x88\xfa|\xfas\xfam\xfak\xfal\
\xfap\xfaw\xfa\x82\xfa\x90\xfa\xa2\xfa\xb7\xfa\xd0\xfa\xeb\
\xfa\x0b\xfb-\xfbS\xfb|\xfb\xa8\xfb\xd6\xfb\x08\xfc<\
\xfcr\xfc\xab\xfc\xe6\xfc\x22\xfda\xfd\xa0\xfd\xe1\xfd$\
\xfef\xfe\xaa\xfe\xee\xfe2\xffv\xff\xb9\xff\xfc\xff>\
\x00\x7f\x00\xbf\x00\xfe\x00;\x01v\x01\xaf\x01\xe7\x01\x1b\
\x02N\x02~\x02\xab\x02\xd5\x02\xfd\x02!\x03C\x03b\
\x03}\x03\x96\x03\xab\x03\xbd\x03\xcd\x03\xd9\x03\xe3\x03\xea\
\x03\xee\x03\xef\x03\xee\x03\xeb\x03\xe6\x03\xdf\x03\xd6\x03\xcb\
\x03\xbf\x03\xb1\x03\xa3\x03\x93\x03\x83\x03s\x03b\x03Q\
\x03@\x03/\x03\x1f\x03\x0f\x03\x00\x03\xf2\x02\xe5\x02\xda\
\x02\xd0\x02\xc7\x02\xc0\x02\xba\x02\xb6\x02\xb4\x02\xb4\x02\xb6\
\x02\xb9\x02\xbe\x02\xc5\x02\xce\x02\xd8\x02\xe4\x02\xf1\x02\x00\
\x03\x10\x03!\x033\x03E\x03X\x03l\x03\x7f\x03\x93\
\x03\xa6\x03\xb9\x03\xca\x03\xdb\x03\xeb\x03\xf9\x03\x05\x04\x0f\
\x04\x17\x04\x1c\x04\x1f\x04\x1e\x04\x1b\x04\x14\x04\x09\x04\xfb\
\x03\xe9\x03\xd3\x03\xb8\x03\x99\x03v\x03N\x03\x22\x03\xf0\
\x02\xbb\x02\x80\x02B\x02\xfe\x01\xb6\x01j\x01\x19\x01\xc5\
\x00l\x00\x10\x00\xb1\xffN\xff\xe8\xfe\x80\xfe\x15\xfe\xa7\
\xfd8\xfd\xc8\xfcV\xfc\xe4\xfbq\xfb\xfe\xfa\x8c\xfa\x1b\
\xfa\xab\xf9=\xf9\xd1\xf8g\xf8\x01\xf8\x9e\xf7>\xf7\xe3\
\xf6\x8c\xf6:\xf6\xee\xf5\xa7\xf5f\xf5+\xf5\xf7\xf4\xca\
\xf4\xa4\xf4\x85\xf4m\xf4^\xf4V\xf4V\xf4^\xf4n\
\xf4\x87\xf4\xa7\xf4\xd0\xf4\x01\xf59\xf5z\xf5\xc3\xf5\x13\
\xf6j\xf6\xc9\xf6.\xf7\x9a\xf7\x0d\xf8\x85\xf8\x04\xf9\x87\
\xf9\x10\xfa\x9d\xfa.\xfb\xc4\xfb\x5c\xfc\xf7\xfc\x95\xfd4\
\xfe\xd5\xfew\xff\x18\x00\xbb\x00]\x01\xfd\x01\x9d\x02;\
\x03\xd6\x03o\x04\x04\x05\x96\x05#\x06\xad\x061\x07\xb1\
\x07+\x08\x9f\x08\x0d\x09u\x09\xd7\x092\x0a\x85\x0a\xd2\
\x0a\x18\x0bV\x0b\x8c\x0b\xbc\x0b\xe3\x0b\x03\x0c\x1c\x0c-\
\x0c7\x0c9\x0c4\x0c(\x0c\x15\x0c\xfb\x0b\xda\x0b\xb3\
\x0b\x86\x0bR\x0b\x19\x0b\xdb\x0a\x97\x0aN\x0a\x00\x0a\xae\
\x09X\x09\xff\x08\xa1\x08A\x08\xdd\x07w\x07\x0f\x07\xa5\
\x069\x06\xcc\x05]\x05\xee\x04~\x04\x0e\x04\x9d\x03-\
\x03\xbd\x02N\x02\xe0\x01s\x01\x06\x01\x9c\x002\x00\xcc\
\xfff\xff\x02\xff\xa1\xfeA\xfe\xe4\xfd\x89\xfd0\xfd\xda\
\xfc\x86\xfc5\xfc\xe7\xfb\x9b\xfbR\xfb\x0b\xfb\xc7\xfa\x86\
\xfaG\xfa\x0c\xfa\xd2\xf9\x9c\xf9h\xf97\xf9\x08\xf9\xdc\
\xf8\xb3\xf8\x8c\xf8h\xf8G\xf8(\xf8\x0c\xf8\xf3\xf7\xdc\
\xf7\xc8\xf7\xb6\xf7\xa8\xf7\x9c\xf7\x93\xf7\x8c\xf7\x89\xf7\x88\
\xf7\x8a\xf7\x8f\xf7\x98\xf7\xa3\xf7\xb1\xf7\xc2\xf7\xd7\xf7\xee\
\xf7\x09\xf8'\xf8I\xf8m\xf8\x95\xf8\xc0\xf8\xef\xf8 \
\xf9U\xf9\x8e\xf9\xc9\xf9\x08\xfaJ\xfa\x8f\xfa\xd7\xfa!\
\xfbo\xfb\xbf\xfb\x12\xfch\xfc\xc0\xfc\x1a\xfdv\xfd\xd4\
\xfd3\xfe\x94\xfe\xf6\xfeZ\xff\xbe\xff!\x00\x86\x00\xeb\
\x00P\x01\xb4\x01\x18\x02{\x02\xdc\x02<\x03\x9a\x03\xf6\
\x03O\x04\xa6\x04\xfa\x04J\x05\x98\x05\xe1\x05'\x06h\
\x06\xa6\x06\xde\x06\x12\x07A\x07k\x07\x8f\x07\xae\x07\xc8\
\x07\xdc\x07\xea\x07\xf3\x07\xf6\x07\xf4\x07\xeb\x07\xdd\x07\xca\
\x07\xb0\x07\x92\x07n\x07D\x07\x16\x07\xe3\x06\xac\x06o\
\x06/\x06\xeb\x05\xa3\x05W\x05\x09\x05\xb8\x04d\x04\x0e\
\x04\xb7\x03]\x03\x03\x03\xa8\x02M\x02\xf2\x01\x96\x01<\
\x01\xe3\x00\x8b\x004\x00\xe1\xff\x8f\xff@\xff\xf4\xfe\xab\
\xfee\xfe#\xfe\xe6\xfd\xac\xfdw\xfdF\xfd\x1a\xfd\xf3\
\xfc\xd1\xfc\xb4\xfc\x9c\xfc\x89\xfc{\xfcr\xfco\xfcp\
\xfcw\xfc\x82\xfc\x91\xfc\xa6\xfc\xbf\xfc\xdb\xfc\xfc\xfc!\
\xfdI\xfdt\xfd\xa2\xfd\xd3\xfd\x06\xfe;\xfeq\xfe\xa9\
\xfe\xe2\xfe\x1c\xffV\xff\x90\xff\xca\xff\x02\x00:\x00q\
\x00\xa6\x00\xd9\x00\x0a\x018\x01c\x01\x8c\x01\xb1\x01\xd2\
\x01\xf0\x01\x0a\x02\x1f\x021\x02>\x02F\x02J\x02I\
\x02D\x02:\x02,\x02\x19\x02\x01\x02\xe5\x01\xc5\x01\xa0\
\x01x\x01K\x01\x1b\x01\xe8\x00\xb1\x00w\x00;\x00\xfd\
\xff\xbc\xffy\xff5\xff\xef\xfe\xa9\xfeb\xfe\x1a\xfe\xd3\
\xfd\x8d\xfdG\xfd\x02\xfd\xbe\xfc}\xfc=\xfc\x00\xfc\xc5\
\xfb\x8e\xfbY\xfb(\xfb\xfb\xfa\xd1\xfa\xac\xfa\x8b\xfao\
\xfaW\xfaD\xfa5\xfa,\xfa(\xfa(\xfa.\xfa9\
\xfaH\xfa]\xfav\xfa\x95\xfa\xb8\xfa\xe0\xfa\x0c\xfb<\
\xfbp\xfb\xa8\xfb\xe4\xfb$\xfcf\xfc\xab\xfc\xf4\xfc>\
\xfd\x8b\xfd\xd9\xfd)\xfez\xfe\xcc\xfe\x1f\xffs\xff\xc6\
\xff\x18\x00k\x00\xbc\x00\x0d\x01]\x01\xab\x01\xf7\x01A\
\x02\x89\x02\xce\x02\x11\x03Q\x03\x8e\x03\xc8\x03\xff\x032\
\x04b\x04\x8e\x04\xb7\x04\xdc\x04\xfd\x04\x1b\x055\x05K\
\x05^\x05m\x05y\x05\x81\x05\x86\x05\x87\x05\x86\x05\x81\
\x05z\x05o\x05c\x05S\x05B\x05.\x05\x18\x05\x01\
\x05\xe7\x04\xcd\x04\xb1\x04\x93\x04u\x04V\x046\x04\x16\
\x04\xf5\x03\xd4\x03\xb3\x03\x92\x03p\x03O\x03.\x03\x0e\
\x03\xed\x02\xce\x02\xae\x02\x8f\x02q\x02S\x026\x02\x19\
\x02\xfd\x01\xe1\x01\xc6\x01\xab\x01\x90\x01v\x01\x5c\x01B\
\x01(\x01\x0f\x01\xf5\x00\xdb\x00\xc1\x00\xa7\x00\x8c\x00q\
\x00U\x009\x00\x1c\x00\xff\xff\xe1\xff\xc2\xff\xa2\xff\x81\
\xff_\xff<\xff\x18\xff\xf3\xfe\xcd\xfe\xa6\xfe~\xfeU\
\xfe,\xfe\x01\xfe\xd6\xfd\xaa\xfd~\xfdQ\xfd$\xfd\xf7\
\xfc\xc9\xfc\x9c\xfco\xfcB\xfc\x15\xfc\xea\xfb\xbf\xfb\x94\
\xfbl\xfbD\xfb\x1e\xfb\xf9\xfa\xd7\xfa\xb6\xfa\x97\xfa{\
\xfaa\xfaJ\xfa6\xfa$\xfa\x16\xfa\x0a\xfa\x02\xfa\xfe\
\xf9\xfc\xf9\xfe\xf9\x04\xfa\x0d\xfa\x1a\xfa+\xfa?\xfaW\
\xfas\xfa\x92\xfa\xb4\xfa\xdb\xfa\x04\xfb1\xfb`\xfb\x93\
\xfb\xc9\xfb\x01\xfc<\xfcy\xfc\xb9\xfc\xfa\xfc>\xfd\x82\
\xfd\xc9\xfd\x10\xfeX\xfe\xa1\xfe\xea\xfe3\xff}\xff\xc6\
\xff\x0e\x00U\x00\x9c\x00\xe2\x00&\x01i\x01\xaa\x01\xe8\
\x01%\x02_\x02\x97\x02\xcc\x02\xfe\x02.\x03Z\x03\x83\
\x03\xaa\x03\xcd\x03\xec\x03\x09\x04\x22\x048\x04K\x04Z\
\x04g\x04p\x04v\x04z\x04z\x04x\x04t\x04m\
\x04d\x04Y\x04L\x04=\x04-\x04\x1b\x04\x08\x04\xf4\
\x03\xe0\x03\xcb\x03\xb5\x03\xa0\x03\x8a\x03u\x03_\x03K\
\x037\x03#\x03\x11\x03\x00\x03\xf0\x02\xe1\x02\xd4\x02\xc8\
\x02\xbd\x02\xb4\x02\xad\x02\xa7\x02\xa3\x02\xa0\x02\x9f\x02\x9f\
\x02\xa1\x02\xa4\x02\xa9\x02\xae\x02\xb4\x02\xbc\x02\xc4\x02\xcc\
\x02\xd5\x02\xde\x02\xe8\x02\xf1\x02\xf9\x02\x01\x03\x09\x03\x0f\
\x03\x14\x03\x17\x03\x19\x03\x19\x03\x17\x03\x13\x03\x0c\x03\x03\
\x03\xf7\x02\xe8\x02\xd5\x02\xc0\x02\xa7\x02\x8a\x02j\x02G\
\x02\x1f\x02\xf4\x01\xc5\x01\x92\x01[\x01!\x01\xe3\x00\xa1\
\x00\x5c\x00\x13\x00\xc9\xffz\xff(\xff\xd3\xfe|\xfe#\
\xfe\xc8\xfdk\xfd\x0c\xfd\xad\xfcL\xfc\xeb\xfb\x8a\xfb)\
\xfb\xc9\xfai\xfa\x0b\xfa\xae\xf9S\xf9\xfb\xf8\xa5\xf8R\
\xf8\x03\xf8\xb7\xf7o\xf7,\xf7\xed\xf6\xb4\xf6\x7f\xf6Q\
\xf6(\xf6\x05\xf6\xe8\xf5\xd2\xf5\xc2\xf5\xba\xf5\xb8\xf5\xbd\
\xf5\xc9\xf5\xdd\xf5\xf7\xf5\x19\xf6B\xf6r\xf6\xa9\xf6\xe7\
\xf6+\xf7w\xf7\xc9\xf7!\xf8\x7f\xf8\xe3\xf8L\xf9\xbb\
\xf9.\xfa\xa7\xfa#\xfb\xa3\xfb'\xfc\xae\xfc8\xfd\xc4\
\xfdR\xfe\xe2\xfer\xff\x02\x00\x94\x00%\x01\xb5\x01E\
\x02\xd3\x02_\x03\xe8\x03o\x04\xf3\x04t\x05\xf0\x05i\
\x06\xdd\x06L\x07\xb6\x07\x1b\x08z\x08\xd3\x08&\x09s\
\x09\xba\x09\xfa\x094\x0af\x0a\x92\x0a\xb7\x0a\xd6\x0a\xed\
\x0a\xfd\x0a\x07\x0b\x0a\x0b\x06\x0b\xfc\x0a\xeb\x0a\xd4\x0a\xb7\
\x0a\x94\x0ak\x0a<\x0a\x08\x0a\xd0\x09\x92\x09O\x09\x09\
\x09\xbe\x08o\x08\x1d\x08\xc7\x07o\x07\x14\x07\xb6\x06W\
\x06\xf5\x05\x92\x05.\x05\xc8\x04b\x04\xfc\x03\x95\x03.\
\x03\xc7\x02a\x02\xfc\x01\x97\x013\x01\xd1\x00p\x00\x10\
\x00\xb3\xffW\xff\xfd\xfe\xa5\xfeO\xfe\xfb\xfd\xaa\xfd[\
\xfd\x0e\xfd\xc4\xfc|\xfc7\xfc\xf4\xfb\xb4\xfbw\xfb<\
\xfb\x03\xfb\xce\xfa\x9a\xfaj\xfa<\xfa\x10\xfa\xe7\xf9\xc0\
\xf9\x9c\xf9z\xf9[\xf9>\xf9$\xf9\x0b\xf9\xf6\xf8\xe2\
\xf8\xd1\xf8\xc2\xf8\xb6\xf8\xac\xf8\xa4\xf8\x9e\xf8\x9b\xf8\x9b\
\xf8\x9c\xf8\xa0\xf8\xa7\xf8\xb0\xf8\xbb\xf8\xc9\xf8\xda\xf8\xed\
\xf8\x03\xf9\x1b\xf96\xf9T\xf9t\xf9\x98\xf9\xbd\xf9\xe6\
\xf9\x11\xfa?\xfap\xfa\xa3\xfa\xd9\xfa\x12\xfbM\xfb\x8b\
\xfb\xcb\xfb\x0d\xfcR\xfc\x9a\xfc\xe3\xfc.\xfd{\xfd\xca\
\xfd\x1b\xfem\xfe\xc0\xfe\x14\xffj\xff\xc0\xff\x16\x00m\
\x00\xc4\x00\x1b\x01r\x01\xc8\x01\x1e\x02r\x02\xc5\x02\x17\
\x03g\x03\xb5\x03\x01\x04J\x04\x91\x04\xd5\x04\x16\x05S\
\x05\x8d\x05\xc3\x05\xf5\x05#\x06L\x06r\x06\x92\x06\xae\
\x06\xc5\x06\xd8\x06\xe5\x06\xed\x06\xf1\x06\xef\x06\xe8\x06\xdc\
\x06\xcb\x06\xb5\x06\x9b\x06{\x06W\x06.\x06\x01\x06\xd0\
\x05\x9a\x05a\x05$\x05\xe4\x04\xa1\x04[\x04\x12\x04\xc7\
\x03z\x03+\x03\xdb\x02\x8a\x028\x02\xe5\x01\x93\x01@\
\x01\xef\x00\x9e\x00N\x00\x00\x00\xb4\xffj\xff\x22\xff\xdd\
\xfe\x9b\xfe\x5c\xfe \xfe\xe8\xfd\xb4\xfd\x84\xfdX\xfd1\
\xfd\x0e\xfd\xf0\xfc\xd6\xfc\xc1\xfc\xb1\xfc\xa6\xfc\x9f\xfc\x9e\
\xfc\xa1\xfc\xa9\xfc\xb5\xfc\xc6\xfc\xdc\xfc\xf5\xfc\x13\xfd4\
\xfdY\xfd\x82\xfd\xad\xfd\xdc\xfd\x0d\xfeA\xfev\xfe\xae\
\xfe\xe6\xfe \xff[\xff\x96\xff\xd2\xff\x0c\x00G\x00\x80\
\x00\xb9\x00\xf0\x00&\x01Y\x01\x8a\x01\xb9\x01\xe4\x01\x0d\
\x022\x02S\x02q\x02\x8b\x02\xa0\x02\xb2\x02\xbf\x02\xc7\
\x02\xcb\x02\xca\x02\xc5\x02\xbb\x02\xac\x02\x99\x02\x81\x02e\
\x02D\x02 \x02\xf7\x01\xca\x01\x99\x01e\x01.\x01\xf3\
\x00\xb6\x00v\x004\x00\xf0\xff\xab\xffc\xff\x1b\xff\xd1\
\xfe\x88\xfe>\xfe\xf4\xfd\xab\xfdc\xfd\x1c\xfd\xd7\xfc\x93\
\xfcQ\xfc\x12\xfc\xd5\xfb\x9b\xfbe\xfb2\xfb\x02\xfb\xd7\
\xfa\xaf\xfa\x8c\xfam\xfaS\xfa=\xfa,\xfa \xfa\x19\
\xfa\x17\xfa\x19\xfa!\xfa-\xfa?\xfaU\xfap\xfa\x8f\
\xfa\xb3\xfa\xdb\xfa\x08\xfb8\xfbl\xfb\xa4\xfb\xe0\xfb\x1e\
\xfc`\xfc\xa4\xfc\xea\xfc3\xfd~\xfd\xca\xfd\x18\xfeg\
\xfe\xb7\xfe\x07\xffX\xff\xa8\xff\xf9\xffH\x00\x97\x00\xe5\
\x002\x01}\x01\xc7\x01\x0e\x02T\x02\x97\x02\xd8\x02\x17\
\x03R\x03\x8b\x03\xc1\x03\xf3\x03#\x04O\x04x\x04\x9e\
\x04\xc0\x04\xdf\x04\xfb\x04\x13\x05(\x05:\x05I\x05T\
\x05]\x05b\x05e\x05e\x05b\x05]\x05U\x05K\
\x05?\x051\x05!\x05\x0f\x05\xfc\x04\xe7\x04\xd1\x04\xb9\
\x04\xa1\x04\x87\x04m\x04R\x046\x04\x1a\x04\xfd\x03\xe0\
\x03\xc2\x03\xa5\x03\x87\x03i\x03K\x03-\x03\x0f\x03\xf1\
\x02\xd3\x02\xb5\x02\x97\x02y\x02[\x02=\x02\x1f\x02\x01\
\x02\xe3\x01\xc4\x01\xa6\x01\x87\x01g\x01H\x01'\x01\x07\
\x01\xe5\x00\xc4\x00\xa1\x00~\x00Z\x005\x00\x0f\x00\xea\
\xff\xc2\xff\x9a\xffq\xffG\xff\x1c\xff\xf0\xfe\xc3\xfe\x96\
\xfeh\xfe9\xfe\x09\xfe\xd9\xfd\xa9\xfdx\xfdF\xfd\x15\
\xfd\xe4\xfc\xb2\xfc\x81\xfcP\xfc \xfc\xf0\xfb\xc1\xfb\x93\
\xfbf\xfb;\xfb\x10\xfb\xe8\xfa\xc1\xfa\x9c\xfaz\xfaY\
\xfa;\xfa \xfa\x07\xfa\xf1\xf9\xde\xf9\xcf\xf9\xc2\xf9\xb9\
\xf9\xb4\xf9\xb1\xf9\xb3\xf9\xb8\xf9\xc1\xf9\xce\xf9\xde\xf9\xf2\
\xf9\x0a\xfa&\xfaE\xfah\xfa\x8e\xfa\xb8\xfa\xe6\xfa\x17\
\xfbK\xfb\x82\xfb\xbc\xfb\xf8\xfb7\xfcy\xfc\xbd\xfc\x02\
\xfdJ\xfd\x93\xfd\xdd\xfd)\xfeu\xfe\xc2\xfe\x0f\xff]\
\xff\xaa\xff\xf7\xffC\x00\x8f\x00\xd9\x00#\x01k\x01\xb1\
\x01\xf5\x017\x02w\x02\xb5\x02\xef\x02'\x03\x5c\x03\x8f\
\x03\xbe\x03\xe9\x03\x12\x047\x04X\x04v\x04\x91\x04\xa8\
\x04\xbc\x04\xcc\x04\xd9\x04\xe3\x04\xe9\x04\xec\x04\xed\x04\xea\
\x04\xe4\x04\xdc\x04\xd1\x04\xc4\x04\xb4\x04\xa3\x04\x8f\x04z\
\x04d\x04L\x043\x04\x19\x04\xfe\x03\xe3\x03\xc7\x03\xab\
\x03\x90\x03t\x03Y\x03>\x03$\x03\x0a\x03\xf2\x02\xdb\
\x02\xc4\x02\xaf\x02\x9c\x02\x89\x02x\x02i\x02[\x02O\
\x02D\x02:\x022\x02+\x02&\x02\x22\x02\x1f\x02\x1d\
\x02\x1c\x02\x1c\x02\x1d\x02\x1e\x02\x1f\x02!\x02#\x02$\
\x02&\x02&\x02&\x02&\x02$\x02!\x02\x1c\x02\x16\
\x02\x0f\x02\x05\x02\xf9\x01\xeb\x01\xda\x01\xc7\x01\xb2\x01\x99\
\x01~\x01`\x01?\x01\x1a\x01\xf3\x00\xc9\x00\x9b\x00k\
\x007\x00\x01\x00\xc8\xff\x8c\xffM\xff\x0c\xff\xc8\xfe\x82\
\xfe:\xfe\xf0\xfd\xa4\xfdW\xfd\x09\xfd\xb9\xfci\xfc\x19\
\xfc\xc8\xfbx\xfb(\xfb\xd9\xfa\x8b\xfa>\xfa\xf3\xf9\xaa\
\xf9c\xf9\x1f\xf9\xde\xf8\xa0\xf8f\xf8/\xf8\xfd\xf7\xcf\
\xf7\xa5\xf7\x80\xf7a\xf7F\xf71\xf7\x22\xf7\x18\xf7\x15\
\xf7\x17\xf7\x1f\xf7.\xf7C\xf7^\xf7\x7f\xf7\xa7\xf7\xd4\
\xf7\x08\xf8B\xf8\x81\xf8\xc7\xf8\x11\xf9b\xf9\xb7\xf9\x12\
\xfaq\xfa\xd5\xfa=\xfb\xa9\xfb\x18\xfc\x8b\xfc\x00\xfdy\
\xfd\xf3\xfdp\xfe\xee\xfem\xff\xed\xffl\x00\xec\x00l\
\x01\xeb\x01i\x02\xe5\x02`\x03\xd8\x03N\x04\xc1\x040\
\x05\x9c\x05\x05\x06i\x06\xc8\x06#\x07y\x07\xca\x07\x15\
\x08[\x08\x9c\x08\xd6\x08\x0b\x099\x09b\x09\x84\x09\xa0\
\x09\xb6\x09\xc6\x09\xd0\x09\xd4\x09\xd1\x09\xc9\x09\xbb\x09\xa7\
\x09\x8d\x09n\x09J\x09!\x09\xf3\x08\xc0\x08\x89\x08M\
\x08\x0e\x08\xcb\x07\x84\x07:\x07\xed\x06\x9e\x06K\x06\xf7\
\x05\xa1\x05I\x05\xf0\x04\x95\x04:\x04\xde\x03\x82\x03%\
\x03\xc9\x02l\x02\x11\x02\xb5\x01[\x01\x02\x01\xaa\x00S\
\x00\xff\xff\xab\xffY\xff\x09\xff\xbb\xfeo\xfe%\xfe\xdd\
\xfd\x98\xfdU\xfd\x14\xfd\xd6\xfc\x9a\xfc`\xfc)\xfc\xf5\
\xfb\xc2\xfb\x93\xfbe\xfb:\xfb\x11\xfb\xeb\xfa\xc7\xfa\xa5\
\xfa\x86\xfai\xfaM\xfa4\xfa\x1e\xfa\x09\xfa\xf6\xf9\xe5\
\xf9\xd7\xf9\xca\xf9\xbf\xf9\xb7\xf9\xb0\xf9\xab\xf9\xa8\xf9\xa7\
\xf9\xa8\xf9\xab\xf9\xaf\xf9\xb6\xf9\xbf\xf9\xca\xf9\xd6\xf9\xe5\
\xf9\xf6\xf9\x09\xfa\x1e\xfa5\xfaN\xfai\xfa\x87\xfa\xa6\
\xfa\xc8\xfa\xec\xfa\x13\xfb;\xfbf\xfb\x93\xfb\xc2\xfb\xf3\
\xfb&\xfc\x5c\xfc\x93\xfc\xcc\xfc\x08\xfdE\xfd\x84\xfd\xc4\
\xfd\x06\xfeJ\xfe\x8e\xfe\xd4\xfe\x1b\xffc\xff\xac\xff\xf5\
\xff>\x00\x88\x00\xd2\x00\x1c\x01f\x01\xaf\x01\xf7\x01?\
\x02\x85\x02\xca\x02\x0e\x03O\x03\x8f\x03\xcd\x03\x08\x04A\
\x04v\x04\xa9\x04\xd9\x04\x06\x05/\x05T\x05v\x05\x94\
\x05\xad\x05\xc3\x05\xd5\x05\xe2\x05\xeb\x05\xef\x05\xef\x05\xeb\
\x05\xe2\x05\xd5\x05\xc3\x05\xad\x05\x93\x05u\x05S\x05,\
\x05\x02\x05\xd5\x04\xa4\x04o\x048\x04\xfd\x03\xc0\x03\x81\
\x03?\x03\xfc\x02\xb7\x02q\x02)\x02\xe1\x01\x98\x01O\
\x01\x07\x01\xbe\x00v\x000\x00\xeb\xff\xa7\xffe\xff%\
\xff\xe7\xfe\xac\xfet\xfe?\xfe\x0d\xfe\xdf\xfd\xb4\xfd\x8d\
\xfdj\xfdK\xfd0\xfd\x1a\xfd\x08\xfd\xfa\xfc\xf1\xfc\xed\
\xfc\xec\xfc\xf1\xfc\xf9\xfc\x06\xfd\x17\xfd-\xfdF\xfdc\
\xfd\x84\xfd\xa8\xfd\xcf\xfd\xfa\xfd'\xfeW\xfe\x89\xfe\xbd\
\xfe\xf3\xfe+\xffc\xff\x9d\xff\xd7\xff\x10\x00K\x00\x85\
\x00\xbe\x00\xf7\x00.\x01c\x01\x97\x01\xc8\x01\xf7\x01$\
\x02M\x02t\x02\x97\x02\xb6\x02\xd2\x02\xea\x02\xfd\x02\x0d\
\x03\x18\x03\x1e\x03!\x03\x1e\x03\x17\x03\x0c\x03\xfc\x02\xe7\
\x02\xce\x02\xb0\x02\x8e\x02i\x02>\x02\x11\x02\xdf\x01\xaa\
\x01q\x016\x01\xf7\x00\xb6\x00s\x00.\x00\xe8\xff\x9f\
\xffU\xff\x0b\xff\xc0\xfet\xfe)\xfe\xde\xfd\x94\xfdK\
\xfd\x03\xfd\xbd\xfcy\xfc7\xfc\xf7\xfb\xba\xfb\x81\xfbJ\
\xfb\x17\xfb\xe8\xfa\xbc\xfa\x95\xfar\xfaS\xfa9\xfa#\
\xfa\x12\xfa\x06\xfa\xfe\xf9\xfc\xf9\xfe\xf9\x05\xfa\x11\xfa\x22\
\xfa8\xfaR\xfap\xfa\x93\xfa\xba\xfa\xe6\xfa\x15\xfbH\
\xfb\x7f\xfb\xb9\xfb\xf6\xfb6\xfcy\xfc\xbe\xfc\x05\xfdO\
\xfd\x9a\xfd\xe6\xfd4\xfe\x82\xfe\xd2\xfe!\xffq\xff\xc0\
\xff\x0e\x00]\x00\xab\x00\xf7\x00C\x01\x8c\x01\xd5\x01\x1b\
\x02_\x02\xa1\x02\xe0\x02\x1e\x03X\x03\x90\x03\xc4\x03\xf6\
\x03%\x04Q\x04z\x04\x9f\x04\xc2\x04\xe1\x04\xfd\x04\x16\
\x05,\x05?\x05O\x05\x5c\x05f\x05m\x05q\x05s\
\x05s\x05p\x05j\x05c\x05Y\x05M\x05@\x050\
\x05\x1f\x05\x0d\x05\xf9\x04\xe3\x04\xcd\x04\xb5\x04\x9d\x04\x83\
\x04i\x04M\x041\x04\x15\x04\xf8\x03\xda\x03\xbc\x03\x9d\
\x03~\x03_\x03?\x03\x1f\x03\xfe\x02\xde\x02\xbd\x02\x9b\
\x02y\x02W\x024\x02\x11\x02\xed\x01\xc9\x01\xa5\x01\x7f\
\x01Z\x013\x01\x0c\x01\xe4\x00\xbc\x00\x93\x00i\x00>\
\x00\x13\x00\xe7\xff\xba\xff\x8c\xff^\xff.\xff\xfe\xfe\xce\
\xfe\x9c\xfej\xfe8\xfe\x05\xfe\xd2\xfd\x9e\xfdj\xfd6\
\xfd\x02\xfd\xcf\xfc\x9b\xfch\xfc5\xfc\x03\xfc\xd2\xfb\xa2\
\xfbr\xfbE\xfb\x18\xfb\xed\xfa\xc4\xfa\x9c\xfaw\xfaT\
\xfa3\xfa\x15\xfa\xf9\xf9\xe0\xf9\xca\xf9\xb7\xf9\xa8\xf9\x9b\
\xf9\x92\xf9\x8c\xf9\x8a\xf9\x8c\xf9\x91\xf9\x9a\xf9\xa7\xf9\xb8\
\xf9\xcc\xf9\xe4\xf9\x00\xfa \xfaC\xfaj\xfa\x95\xfa\xc3\
\xfa\xf5\xfa)\xfba\xfb\x9c\xfb\xda\xfb\x1a\xfc]\xfc\xa2\
\xfc\xe9\xfc2\xfd|\xfd\xc9\xfd\x16\xfed\xfe\xb4\xfe\x03\
\xffS\xff\xa3\xff\xf3\xffA\x00\x90\x00\xde\x00*\x01u\
\x01\xbf\x01\x07\x02L\x02\x90\x02\xd1\x02\x0f\x03K\x03\x84\
\x03\xba\x03\xec\x03\x1c\x04H\x04p\x04\x95\x04\xb7\x04\xd4\
\x04\xee\x04\x05\x05\x18\x05'\x053\x05;\x05@\x05A\
\x05?\x05:\x052\x05'\x05\x19\x05\x08\x05\xf5\x04\xe0\
\x04\xc9\x04\xaf\x04\x94\x04x\x04Z\x04;\x04\x1b\x04\xfa\
\x03\xd8\x03\xb7\x03\x94\x03r\x03P\x03/\x03\x0d\x03\xed\
\x02\xcd\x02\xae\x02\x90\x02s\x02X\x02=\x02$\x02\x0d\
\x02\xf7\x01\xe2\x01\xcf\x01\xbe\x01\xae\x01\xa0\x01\x93\x01\x87\
\x01}\x01t\x01m\x01f\x01`\x01\x5c\x01X\x01T\
\x01Q\x01O\x01L\x01J\x01G\x01D\x01A\x01=\
\x018\x012\x01+\x01\x22\x01\x18\x01\x0d\x01\x00\x01\xf1\
\x00\xe0\x00\xcc\x00\xb7\x00\x9f\x00\x85\x00i\x00J\x00)\
\x00\x05\x00\xe0\xff\xb7\xff\x8c\xff^\xff.\xff\xfc\xfe\xc8\
\xfe\x92\xfeY\xfe\x1f\xfe\xe4\xfd\xa7\xfdh\xfd)\xfd\xe9\
\xfc\xa8\xfcg\xfc&\xfc\xe4\xfb\xa3\xfbc\xfb#\xfb\xe5\
\xfa\xa8\xfam\xfa3\xfa\xfc\xf9\xc8\xf9\x96\xf9f\xf9;\
\xf9\x12\xf9\xee\xf8\xcd\xf8\xb0\xf8\x98\xf8\x84\xf8u\xf8j\
\xf8e\xf8e\xf8i\xf8s\xf8\x82\xf8\x97\xf8\xb1\xf8\xd0\
\xf8\xf5\xf8\x1e\xf9M\xf9\x82\xf9\xbb\xf9\xf9\xf9<\xfa\x83\
\xfa\xcf\xfa \xfbt\xfb\xcc\xfb(\xfc\x87\xfc\xe9\xfcM\
\xfd\xb5\xfd\x1e\xfe\x89\xfe\xf6\xfed\xff\xd3\xffA\x00\xb1\
\x00 \x01\x8f\x01\xfd\x01k\x02\xd6\x02@\x03\xa8\x03\x0d\
\x04p\x04\xcf\x04,\x05\x84\x05\xd9\x05*\x06w\x06\xc0\
\x06\x03\x07B\x07}\x07\xb2\x07\xe1\x07\x0c\x081\x08Q\
\x08k\x08\x80\x08\x8f\x08\x99\x08\x9e\x08\x9d\x08\x97\x08\x8b\
\x08{\x08e\x08K\x08,\x08\x08\x08\xe0\x07\xb4\x07\x84\
\x07O\x07\x18\x07\xdd\x06\x9f\x06]\x06\x1a\x06\xd3\x05\x8b\
\x05A\x05\xf4\x04\xa7\x04X\x04\x08\x04\xb7\x03f\x03\x14\
\x03\xc2\x02p\x02\x1f\x02\xce\x01}\x01.\x01\xdf\x00\x92\
\x00F\x00\xfc\xff\xb3\xffk\xff%\xff\xe1\xfe\x9f\xfe_\
\xfe!\xfe\xe6\xfd\xac\xfdt\xfd?\xfd\x0c\xfd\xdb\xfc\xad\
\xfc\x80\xfcV\xfc.\xfc\x08\xfc\xe5\xfb\xc3\xfb\xa4\xfb\x87\
\xfbk\xfbR\xfb;\xfb%\xfb\x12\xfb\x00\xfb\xf0\xfa\xe1\
\xfa\xd5\xfa\xca\xfa\xc0\xfa\xb8\xfa\xb2\xfa\xad\xfa\xaa\xfa\xa9\
\xfa\xa9\xfa\xaa\xfa\xad\xfa\xb1\xfa\xb7\xfa\xbf\xfa\xc8\xfa\xd2\
\xfa\xde\xfa\xec\xfa\xfb\xfa\x0c\xfb\x1e\xfb2\xfbH\xfb_\
\xfbx\xfb\x93\xfb\xb0\xfb\xce\xfb\xee\xfb\x10\xfc3\xfcY\
\xfc\x80\xfc\xa9\xfc\xd4\xfc\x00\xfd.\xfd^\xfd\x8f\xfd\xc2\
\xfd\xf6\xfd,\xfec\xfe\x9b\xfe\xd4\xfe\x0e\xffJ\xff\x86\
\xff\xc2\xff\x00\x00<\x00z\x00\xb8\x00\xf6\x004\x01q\
\x01\xae\x01\xea\x01%\x02_\x02\x97\x02\xce\x02\x04\x037\
\x03i\x03\x99\x03\xc6\x03\xf0\x03\x18\x04=\x04_\x04~\
\x04\x9a\x04\xb3\x04\xc8\x04\xd9\x04\xe7\x04\xf1\x04\xf8\x04\xfa\
\x04\xf9\x04\xf4\x04\xec\x04\xdf\x04\xcf\x04\xbb\x04\xa3\x04\x88\
\x04i\x04G\x04\x22\x04\xf9\x03\xce\x03\x9f\x03o\x03;\
\x03\x06\x03\xce\x02\x95\x02Z\x02\x1e\x02\xe1\x01\xa3\x01d\
\x01%\x01\xe6\x00\xa8\x00i\x00,\x00\xf0\xff\xb5\xff{\
\xffC\xff\x0d\xff\xd9\xfe\xa8\xfey\xfeM\xfe$\xfe\xff\
\xfd\xdc\xfd\xbe\xfd\xa3\xfd\x8b\xfdx\xfdh\xfd\x5c\xfdU\
\xfdQ\xfdR\xfdV\xfd_\xfdk\xfd|\xfd\x90\xfd\xa8\
\xfd\xc3\xfd\xe2\xfd\x04\xfe)\xfeQ\xfe|\xfe\xa9\xfe\xd8\
\xfe\x09\xff=\xffq\xff\xa7\xff\xdd\xff\x13\x00K\x00\x83\
\x00\xba\x00\xf1\x00'\x01\x5c\x01\x8f\x01\xc1\x01\xf1\x01\x1f\
\x02K\x02s\x02\x99\x02\xbc\x02\xdb\x02\xf7\x02\x0f\x03$\
\x034\x03@\x03H\x03L\x03K\x03F\x03=\x03/\
\x03\x1c\x03\x06\x03\xeb\x02\xcb\x02\xa8\x02\x80\x02U\x02&\
\x02\xf3\x01\xbd\x01\x84\x01H\x01\x09\x01\xc7\x00\x83\x00>\
\x00\xf7\xff\xae\xffd\xff\x1a\xff\xce\xfe\x82\xfe7\xfe\xec\
\xfd\xa1\xfdW\xfd\x0f\xfd\xc8\xfc\x83\xfcA\xfc\x00\xfc\xc2\
\xfb\x88\xfbP\xfb\x1b\xfb\xeb\xfa\xbe\xfa\x94\xfao\xfaO\
\xfa2\xfa\x1a\xfa\x07\xfa\xf8\xf9\xee\xf9\xe9\xf9\xe9\xf9\xed\
\xf9\xf6\xf9\x04\xfa\x17\xfa.\xfaI\xfai\xfa\x8d\xfa\xb6\
\xfa\xe2\xfa\x12\xfbF\xfb}\xfb\xb8\xfb\xf5\xfb5\xfcx\
\xfc\xbe\xfc\x05\xfdN\xfd\x99\xfd\xe5\xfd3\xfe\x81\xfe\xd0\
\xfe\x1f\xffn\xff\xbe\xff\x0c\x00Z\x00\xa7\x00\xf4\x00?\
\x01\x89\x01\xd1\x01\x17\x02\x5c\x02\x9e\x02\xde\x02\x1c\x03W\
\x03\x8f\x03\xc5\x03\xf8\x03'\x04T\x04~\x04\xa5\x04\xc9\
\x04\xea\x04\x08\x05#\x05:\x05O\x05a\x05p\x05|\
\x05\x85\x05\x8b\x05\x8f\x05\x91\x05\x8f\x05\x8c\x05\x86\x05~\
\x05t\x05g\x05Y\x05J\x058\x05%\x05\x10\x05\xfa\
\x04\xe3\x04\xca\x04\xb0\x04\x95\x04y\x04\x5c\x04>\x04 \
\x04\x00\x04\xe0\x03\xbf\x03\x9e\x03|\x03Y\x036\x03\x12\
\x03\xed\x02\xc8\x02\xa2\x02|\x02U\x02.\x02\x06\x02\xdd\
\x01\xb4\x01\x8b\x01`\x015\x01\x09\x01\xdd\x00\xb0\x00\x82\
\x00T\x00%\x00\xf6\xff\xc6\xff\x95\xffc\xff1\xff\xfe\
\xfe\xcb\xfe\x97\xfec\xfe/\xfe\xfa\xfd\xc5\xfd\x90\xfd[\
\xfd&\xfd\xf1\xfc\xbd\xfc\x89\xfcU\xfc\x22\xfc\xf0\xfb\xbf\
\xfb\x8f\xfb`\xfb2\xfb\x06\xfb\xdc\xfa\xb3\xfa\x8c\xfah\
\xfaE\xfa%\xfa\x08\xfa\xed\xf9\xd5\xf9\xc0\xf9\xae\xf9\x9f\
\xf9\x94\xf9\x8b\xf9\x86\xf9\x85\xf9\x87\xf9\x8d\xf9\x97\xf9\xa4\
\xf9\xb5\xf9\xca\xf9\xe3\xf9\xff\xf9\x1f\xfaC\xfaj\xfa\x95\
\xfa\xc3\xfa\xf5\xfa*\xfbb\xfb\x9d\xfb\xda\xfb\x1b\xfc^\
\xfc\xa3\xfc\xeb\xfc4\xfd\x7f\xfd\xcc\xfd\x19\xfeh\xfe\xb8\
\xfe\x09\xffY\xff\xaa\xff\xfb\xffK\x00\x9a\x00\xe9\x007\
\x01\x84\x01\xcf\x01\x18\x02`\x02\xa5\x02\xe8\x02(\x03f\
\x03\xa0\x03\xd8\x03\x0d\x04>\x04l\x04\x96\x04\xbd\x04\xe0\
\x04\x00\x05\x1c\x053\x05H\x05X\x05e\x05n\x05s\
\x05u\x05s\x05n\x05f\x05Z\x05L\x05:\x05&\
\x05\x0f\x05\xf6\x04\xda\x04\xbd\x04\x9d\x04|\x04Y\x045\
\x04\x10\x04\xea\x03\xc3\x03\x9b\x03t\x03L\x03$\x03\xfc\
\x02\xd5\x02\xae\x02\x88\x02c\x02?\x02\x1c\x02\xfa\x01\xd9\
\x01\xba\x01\x9c\x01\x80\x01f\x01M\x015\x01 \x01\x0c\
\x01\xf9\x00\xe8\x00\xd9\x00\xcb\x00\xbf\x00\xb4\x00\xab\x00\xa2\
\x00\x9b\x00\x95\x00\x8f\x00\x8a\x00\x86\x00\x82\x00\x7f\x00{\
\x00x\x00t\x00q\x00l\x00g\x00b\x00[\x00S\
\x00J\x00@\x005\x00(\x00\x19\x00\x08\x00\xf7\xff\xe3\
\xff\xcc\xff\xb4\xff\x9a\xff~\xff`\xff@\xff\x1d\xff\xf9\
\xfe\xd3\xfe\xab\xfe\x81\xfeV\xfe)\xfe\xfb\xfd\xcb\xfd\x9a\
\xfdi\xfd6\xfd\x03\xfd\xcf\xfc\x9b\xfcg\xfc4\xfc\x00\
\xfc\xcd\xfb\x9b\xfbk\xfb;\xfb\x0d\xfb\xe1\xfa\xb6\xfa\x8e\
\xfah\xfaE\xfa%\xfa\x08\xfa\xee\xf9\xd7\xf9\xc4\xf9\xb5\
\xf9\xaa\xf9\xa2\xf9\x9f\xf9\xa0\xf9\xa6\xf9\xaf\xf9\xbe\xf9\xd0\
\xf9\xe8\xf9\x04\xfa$\xfaI\xfar\xfa\xa0\xfa\xd2\xfa\x08\
\xfbB\xfb\x80\xfb\xc2\xfb\x07\xfcP\xfc\x9c\xfc\xeb\xfc=\
\xfd\x92\xfd\xe9\xfdB\xfe\x9c\xfe\xf9\xfeV\xff\xb5\xff\x13\
\x00r\x00\xd2\x002\x01\x90\x01\xef\x01L\x02\xa8\x02\x02\
\x03Z\x03\xb0\x03\x04\x04U\x04\xa3\x04\xee\x045\x05y\
\x05\xba\x05\xf6\x05.\x06c\x06\x92\x06\xbe\x06\xe4\x06\x06\
\x07$\x07<\x07P\x07_\x07j\x07o\x07p\x07l\
\x07d\x07W\x07F\x070\x07\x17\x07\xf9\x06\xd7\x06\xb2\
\x06\x89\x06\x5c\x06-\x06\xfa\x05\xc5\x05\x8d\x05R\x05\x16\
\x05\xd7\x04\x97\x04U\x04\x11\x04\xcd\x03\x88\x03B\x03\xfb\
\x02\xb4\x02n\x02'\x02\xe0\x01\x9a\x01U\x01\x10\x01\xcc\
\x00\x89\x00G\x00\x07\x00\xc9\xff\x8c\xffP\xff\x16\xff\xde\
\xfe\xa7\xfer\xfe@\xfe\x0f\xfe\xe0\xfd\xb4\xfd\x89\xfd`\
\xfd9\xfd\x15\xfd\xf2\xfc\xd1\xfc\xb2\xfc\x95\xfcz\xfca\
\xfcI\xfc3\xfc\x1f\xfc\x0d\xfc\xfc\xfb\xec\xfb\xde\xfb\xd2\
\xfb\xc7\xfb\xbd\xfb\xb5\xfb\xad\xfb\xa8\xfb\xa3\xfb\x9f\xfb\x9d\
\xfb\x9c\xfb\x9b\xfb\x9c\xfb\x9e\xfb\xa2\xfb\xa6\xfb\xab\xfb\xb1\
\xfb\xb9\xfb\xc1\xfb\xcb\xfb\xd6\xfb\xe2\xfb\xef\xfb\xfe\xfb\x0e\
\xfc\x1f\xfc1\xfcD\xfcY\xfcp\xfc\x87\xfc\xa1\xfc\xbb\
\xfc\xd7\xfc\xf5\xfc\x13\xfd4\xfdV\xfdy\xfd\x9d\xfd\xc3\
\xfd\xeb\xfd\x13\xfe=\xfei\xfe\x95\xfe\xc3\xfe\xf1\xfe!\
\xffQ\xff\x82\xff\xb4\xff\xe6\xff\x18\x00K\x00~\x00\xb2\
\x00\xe5\x00\x18\x01J\x01}\x01\xae\x01\xde\x01\x0e\x02<\
\x02j\x02\x95\x02\xbf\x02\xe7\x02\x0e\x032\x03T\x03t\
\x03\x91\x03\xac\x03\xc4\x03\xd9\x03\xeb\x03\xfa\x03\x06\x04\x10\
\x04\x15\x04\x18\x04\x18\x04\x14\x04\x0d\x04\x02\x04\xf5\x03\xe4\
\x03\xd0\x03\xba\x03\xa0\x03\x83\x03c\x03A\x03\x1c\x03\xf5\
\x02\xcc\x02\xa1\x02s\x02D\x02\x14\x02\xe2\x01\xaf\x01{\
\x01G\x01\x12\x01\xdd\x00\xa8\x00s\x00>\x00\x0b\x00\xd9\
\xff\xa7\xffw\xffH\xff\x1c\xff\xf1\xfe\xc8\xfe\xa2\xfe\x7f\
\xfe^\xfe@\xfe%\xfe\x0d\xfe\xf9\xfd\xe8\xfd\xda\xfd\xd0\
\xfd\xc9\xfd\xc6\xfd\xc7\xfd\xcb\xfd\xd3\xfd\xde\xfd\xed\xfd\xff\
\xfd\x14\xfe-\xfeI\xfeh\xfe\x8a\xfe\xae\xfe\xd5\xfe\xfe\
\xfe)\xffV\xff\x85\xff\xb5\xff\xe6\xff\x17\x00J\x00}\
\x00\xb1\x00\xe4\x00\x17\x01I\x01z\x01\xab\x01\xd9\x01\x06\
\x021\x02Z\x02\x81\x02\xa4\x02\xc5\x02\xe3\x02\xfe\x02\x15\
\x03)\x039\x03E\x03M\x03R\x03R\x03N\x03F\
\x039\x03)\x03\x14\x03\xfb\x02\xde\x02\xbd\x02\x98\x02o\
\x02C\x02\x13\x02\xdf\x01\xa9\x01o\x013\x01\xf4\x00\xb3\
\x00o\x00*\x00\xe4\xff\x9c\xffS\xff\x09\xff\xbf\xfet\
\xfe*\xfe\xe0\xfd\x96\xfdN\xfd\x07\xfd\xc1\xfc}\xfc;\
\xfc\xfc\xfb\xbf\xfb\x85\xfbN\xfb\x1a\xfb\xea\xfa\xbe\xfa\x95\
\xfap\xfaO\xfa3\xfa\x1b\xfa\x07\xfa\xf8\xf9\xee\xf9\xe8\
\xf9\xe7\xf9\xea\xf9\xf2\xf9\xff\xf9\x10\xfa&\xfa@\xfa_\
\xfa\x82\xfa\xa9\xfa\xd3\xfa\x02\xfb4\xfbj\xfb\xa3\xfb\xdf\
\xfb\x1d\xfc_\xfc\xa3\xfc\xe9\xfc1\xfdz\xfd\xc6\xfd\x12\
\xfe_\xfe\xad\xfe\xfc\xfeK\xff\x9a\xff\xe9\xff6\x00\x83\
\x00\xd0\x00\x1c\x01f\x01\xaf\x01\xf7\x01<\x02\x80\x02\xc1\
\x02\x00\x03=\x03w\x03\xaf\x03\xe4\x03\x16\x04E\x04r\
\x04\x9b\x04\xc1\x04\xe5\x04\x05\x05#\x05=\x05T\x05h\
\x05z\x05\x88\x05\x94\x05\x9d\x05\xa3\x05\xa6\x05\xa7\x05\xa5\
\x05\xa1\x05\x9b\x05\x92\x05\x87\x05z\x05k\x05Z\x05H\
\x053\x05\x1d\x05\x06\x05\xed\x04\xd2\x04\xb7\x04\x9a\x04|\
\x04\x5c\x04<\x04\x1b\x04\xf9\x03\xd6\x03\xb2\x03\x8d\x03h\
\x03A\x03\x1b\x03\xf3\x02\xcb\x02\xa2\x02x\x02N\x02#\
\x02\xf8\x01\xcc\x01\x9f\x01r\x01D\x01\x16\x01\xe7\x00\xb7\
\x00\x87\x00V\x00%\x00\xf4\xff\xc2\xff\x8f\xff\x5c\xff(\
\xff\xf5\xfe\xc0\xfe\x8c\xfeW\xfe\x22\xfe\xed\xfd\xb8\xfd\x83\
\xfdN\xfd\x1a\xfd\xe5\xfc\xb2\xfc~\xfcL\xfc\x1a\xfc\xe9\
\xfb\xb9\xfb\x8b\xfb]\xfb1\xfb\x07\xfb\xde\xfa\xb7\xfa\x92\
\xfao\xfaO\xfa0\xfa\x15\xfa\xfb\xf9\xe5\xf9\xd2\xf9\xc1\
\xf9\xb4\xf9\xa9\xf9\xa2\xf9\x9f\xf9\x9e\xf9\xa1\xf9\xa8\xf9\xb3\
\xf9\xc1\xf9\xd2\xf9\xe7\xf9\x00\xfa\x1d\xfa=\xfaa\xfa\x88\
\xfa\xb2\xfa\xe0\xfa\x11\xfbF\xfb}\xfb\xb8\xfb\xf5\xfb4\
\xfcw\xfc\xbb\xfc\x02\xfdJ\xfd\x94\xfd\xe0\xfd-\xfe{\
\xfe\xca\xfe\x1a\xffj\xff\xba\xff\x0a\x00Z\x00\xa9\x00\xf8\
\x00E\x01\x92\x01\xdc\x01&\x02m\x02\xb2\x02\xf6\x026\
\x03t\x03\xaf\x03\xe7\x03\x1c\x04N\x04}\x04\xa8\x04\xcf\
\x04\xf3\x04\x13\x05/\x05G\x05\x5c\x05m\x05z\x05\x83\
\x05\x89\x05\x8b\x05\x89\x05\x83\x05{\x05n\x05_\x05M\
\x057\x05\x1f\x05\x04\x05\xe7\x04\xc7\x04\xa5\x04\x81\x04\x5c\
\x045\x04\x0c\x04\xe3\x03\xb8\x03\x8d\x03a\x034\x03\x08\
\x03\xdc\x02\xaf\x02\x83\x02X\x02-\x02\x03\x02\xdb\x01\xb3\
\x01\x8c\x01g\x01C\x01!\x01\x01\x01\xe2\x00\xc5\x00\xaa\
\x00\x90\x00x\x00b\x00N\x00<\x00,\x00\x1d\x00\x0f\
\x00\x04\x00\xfb\xff\xf2\xff\xea\xff\xe4\xff\xdf\xff\xda\xff\xd7\
\xff\xd4\xff\xd2\xff\xd0\xff\xce\xff\xcc\xff\xcb\xff\xc9\xff\xc7\
\xff\xc5\xff\xc1\xff\xbe\xff\xb9\xff\xb3\xff\xac\xff\xa4\xff\x9b\
\xff\x90\xff\x84\xffw\xffg\xffV\xffD\xff0\xff\x1a\
\xff\x02\xff\xe8\xfe\xcd\xfe\xb1\xfe\x92\xfes\xfeQ\xfe/\
\xfe\x0b\xfe\xe6\xfd\xc1\xfd\x9a\xfdr\xfdK\xfd\x22\xfd\xfa\
\xfc\xd1\xfc\xa9\xfc\x80\xfcY\xfc2\xfc\x0c\xfc\xe7\xfb\xc3\
\xfb\xa1\xfb\x81\xfbb\xfbF\xfb,\xfb\x14\xfb\xff\xfa\xed\
\xfa\xdd\xfa\xd1\xfa\xc7\xfa\xc2\xfa\xbf\xfa\xc0\xfa\xc5\xfa\xcd\
\xfa\xd9\xfa\xe9\xfa\xfd\xfa\x14\xfb/\xfbN\xfbq\xfb\x97\
\xfb\xc1\xfb\xef\xfb \xfcT\xfc\x8c\xfc\xc6\xfc\x04\xfdD\
\xfd\x87\xfd\xcc\xfd\x14\xfe]\xfe\xa8\xfe\xf5\xfeC\xff\x92\
\xff\xe2\xff1\x00\x82\x00\xd3\x00#\x01s\x01\xc3\x01\x11\
\x02_\x02\xab\x02\xf5\x02>\x03\x84\x03\xc8\x03\x09\x04H\
\x04\x84\x04\xbc\x04\xf2\x04$\x05S\x05}\x05\xa5\x05\xc8\
\x05\xe7\x05\x03\x06\x1a\x06-\x06<\x06H\x06N\x06Q\
\x06P\x06K\x06B\x065\x06%\x06\x10\x06\xf8\x05\xdd\
\x05\xbf\x05\x9d\x05x\x05Q\x05'\x05\xfa\x04\xcb\x04\x9a\
\x04h\x043\x04\xfd\x03\xc5\x03\x8c\x03R\x03\x18\x03\xdc\
\x02\xa0\x02d\x02(\x02\xec\x01\xb0\x01u\x01:\x01\x00\
\x01\xc7\x00\x8e\x00W\x00 \x00\xec\xff\xb9\xff\x87\xffV\
\xff'\xff\xf9\xfe\xcd\xfe\xa3\xfe{\xfeT\xfe/\xfe\x0c\
\xfe\xea\xfd\xca\xfd\xad\xfd\x90\xfdv\xfd]\xfdE\xfd0\
\xfd\x1b\xfd\x09\xfd\xf7\xfc\xe7\xfc\xd9\xfc\xcb\xfc\xbf\xfc\xb4\
\xfc\xaa\xfc\xa1\xfc\x9a\xfc\x93\xfc\x8d\xfc\x88\xfc\x84\xfc\x80\
\xfc~\xfc|\xfc{\xfc{\xfc{\xfc|\xfc~\xfc\x81\
\xfc\x84\xfc\x88\xfc\x8d\xfc\x92\xfc\x99\xfc\xa0\xfc\xa8\xfc\xb0\
\xfc\xba\xfc\xc5\xfc\xd0\xfc\xdc\xfc\xea\xfc\xf8\xfc\x08\xfd\x19\
\xfd+\xfd>\xfdR\xfdg\xfd~\xfd\x96\xfd\xaf\xfd\xc9\
\xfd\xe5\xfd\x02\xfe \xfe?\xfe`\xfe\x81\xfe\xa4\xfe\xc8\
\xfe\xed\xfe\x12\xff9\xff`\xff\x89\xff\xb1\xff\xdb\xff\x04\
\x00.\x00X\x00\x82\x00\xad\x00\xd7\x00\x01\x01+\x01T\
\x01|\x01\xa4\x01\xca\x01\xf0\x01\x14\x027\x02X\x02x\
\x02\x96\x02\xb2\x02\xcd\x02\xe5\x02\xfb\x02\x0e\x03\x1f\x03.\
\x03:\x03D\x03K\x03O\x03P\x03O\x03K\x03D\
\x03:\x03.\x03\x1f\x03\x0e\x03\xfa\x02\xe3\x02\xca\x02\xaf\
\x02\x91\x02r\x02P\x02-\x02\x08\x02\xe1\x01\xba\x01\x91\
\x01g\x01<\x01\x11\x01\xe6\x00\xba\x00\x8e\x00c\x007\
\x00\x0d\x00\xe4\xff\xbb\xff\x94\xffn\xffI\xff'\xff\x06\
\xff\xe7\xfe\xcb\xfe\xb1\xfe\x99\xfe\x84\xfer\xfec\xfeW\
\xfeM\xfeG\xfeD\xfeD\xfeG\xfeM\xfeW\xfec\
\xfes\xfe\x85\xfe\x9a\xfe\xb3\xfe\xcd\xfe\xeb\xfe\x0b\xff-\
\xffQ\xffw\xff\x9f\xff\xc8\xff\xf3\xff\x1d\x00J\x00x\
\x00\xa5\x00\xd4\x00\x02\x01/\x01]\x01\x89\x01\xb5\x01\xdf\
\x01\x08\x02/\x02T\x02w\x02\x98\x02\xb6\x02\xd2\x02\xea\
\x02\x00\x03\x12\x03!\x03,\x034\x038\x038\x035\
\x03-\x03\x22\x03\x13\x03\xff\x02\xe8\x02\xcd\x02\xaf\x02\x8c\
\x02f\x02=\x02\x10\x02\xdf\x01\xac\x01v\x01=\x01\x01\
\x01\xc3\x00\x83\x00A\x00\xfe\xff\xb9\xffs\xff,\xff\xe4\
\xfe\x9c\xfeT\xfe\x0c\xfe\xc5\xfd~\xfd8\xfd\xf4\xfc\xb1\
\xfcp\xfc1\xfc\xf4\xfb\xba\xfb\x82\xfbN\xfb\x1d\xfb\xef\
\xfa\xc4\xfa\x9d\xfaz\xfa\x5c\xfaA\xfa*\xfa\x18\xfa\x0a\
\xfa\x01\xfa\xfc\xf9\xfb\xf9\xff\xf9\x08\xfa\x15\xfa&\xfa<\
\xfaV\xfau\xfa\x97\xfa\xbd\xfa\xe7\xfa\x15\xfbG\xfb{\
\xfb\xb3\xfb\xee\xfb,\xfcl\xfc\xaf\xfc\xf4\xfc:\xfd\x83\
\xfd\xcd\xfd\x18\xfed\xfe\xb1\xfe\xff\xfeM\xff\x9b\xff\xe8\
\xff5\x00\x82\x00\xce\x00\x19\x01c\x01\xab\x01\xf2\x017\
\x02{\x02\xbc\x02\xfb\x028\x03r\x03\xaa\x03\xdf\x03\x12\
\x04B\x04n\x04\x98\x04\xbf\x04\xe3\x04\x04\x05\x22\x05=\
\x05U\x05j\x05|\x05\x8b\x05\x97\x05\xa1\x05\xa7\x05\xab\
\x05\xac\x05\xab\x05\xa7\x05\xa0\x05\x98\x05\x8d\x05\x7f\x05p\
\x05_\x05K\x056\x05\x1f\x05\x07\x05\xed\x04\xd1\x04\xb4\
\x04\x96\x04v\x04U\x043\x04\x10\x04\xeb\x03\xc6\x03\xa0\
\x03y\x03Q\x03)\x03\xff\x02\xd5\x02\xab\x02\x7f\x02S\
\x02&\x02\xf9\x01\xcb\x01\x9d\x01n\x01?\x01\x0f\x01\xdf\
\x00\xae\x00|\x00K\x00\x19\x00\xe7\xff\xb4\xff\x81\xffN\
\xff\x1a\xff\xe7\xfe\xb3\xfe~\xfeJ\xfe\x16\xfe\xe2\xfd\xae\
\xfd{\xfdG\xfd\x14\xfd\xe2\xfc\xb0\xfc\x7f\xfcN\xfc\x1f\
\xfc\xf0\xfb\xc3\xfb\x96\xfbk\xfbB\xfb\x1a\xfb\xf4\xfa\xcf\
\xfa\xad\xfa\x8c\xfan\xfaR\xfa9\xfa\x22\xfa\x0e\xfa\xfc\
\xf9\xee\xf9\xe2\xf9\xd9\xf9\xd4\xf9\xd1\xf9\xd2\xf9\xd7\xf9\xde\
\xf9\xe9\xf9\xf8\xf9\x0a\xfa\x1f\xfa8\xfaT\xfat\xfa\x97\
\xfa\xbe\xfa\xe8\xfa\x15\xfbE\xfbx\xfb\xae\xfb\xe7\xfb#\
\xfca\xfc\xa1\xfc\xe4\xfc(\xfdo\xfd\xb7\xfd\x01\xfeL\
\xfe\x98\xfe\xe5\xfe3\xff\x81\xff\xcf\xff\x1c\x00j\x00\xb8\
\x00\x04\x01P\x01\x9b\x01\xe4\x01,\x02r\x02\xb6\x02\xf8\
\x027\x03t\x03\xaf\x03\xe6\x03\x1a\x04K\x04y\x04\xa4\
\x04\xca\x04\xee\x04\x0d\x05)\x05B\x05V\x05g\x05s\
\x05|\x05\x82\x05\x83\x05\x81\x05{\x05r\x05e\x05U\
\x05B\x05,\x05\x13\x05\xf7\x04\xd8\x04\xb7\x04\x94\x04n\
\x04G\x04\x1e\x04\xf3\x03\xc7\x03\x9a\x03l\x03=\x03\x0e\
\x03\xde\x02\xaf\x02\x7f\x02O\x02 \x02\xf2\x01\xc4\x01\x97\
\x01k\x01A\x01\x17\x01\xef\x00\xc9\x00\xa4\x00\x81\x00`\
\x00A\x00#\x00\x08\x00\xef\xff\xd8\xff\xc2\xff\xae\xff\x9d\
\xff\x8d\xff\x7f\xffs\xffi\xff`\xffY\xffS\xffO\
\xffK\xffI\xffH\xffH\xffI\xffJ\xffK\xffM\
\xffO\xffR\xffT\xffU\xffW\xffX\xffX\xffX\
\xffV\xffT\xffQ\xffL\xffF\xff?\xff7\xff-\
\xff\x22\xff\x15\xff\x06\xff\xf7\xfe\xe5\xfe\xd3\xfe\xbe\xfe\xa9\
\xfe\x92\xfey\xfe`\xfeE\xfe)\xfe\x0c\xfe\xef\xfd\xd1\
\xfd\xb2\xfd\x93\xfds\xfdT\xfd4\xfd\x15\xfd\xf6\xfc\xd8\
\xfc\xba\xfc\x9d\xfc\x81\xfcg\xfcM\xfc6\xfc \xfc\x0c\
\xfc\xfa\xfb\xea\xfb\xdc\xfb\xd1\xfb\xc9\xfb\xc3\xfb\xc0\xfb\xbf\
\xfb\xc2\xfb\xc8\xfb\xd1\xfb\xdd\xfb\xec\xfb\xfe\xfb\x13\xfc,\
\xfcH\xfcf\xfc\x88\xfc\xad\xfc\xd5\xfc\x00\xfd-\xfd]\
\xfd\x90\xfd\xc4\xfd\xfb\xfd5\xfep\xfe\xac\xfe\xeb\xfe*\
\xffk\xff\xad\xff\xef\xff1\x00t\x00\xb7\x00\xfb\x00=\
\x01\x80\x01\xc1\x01\x02\x02A\x02\x7f\x02\xbc\x02\xf6\x02/\
\x03f\x03\x9a\x03\xcc\x03\xfb\x03'\x04Q\x04x\x04\x9b\
\x04\xbc\x04\xd9\x04\xf2\x04\x09\x05\x1c\x05+\x057\x05@\
\x05E\x05G\x05E\x05@\x057\x05,\x05\x1d\x05\x0b\
\x05\xf7\x04\xdf\x04\xc5\x04\xa8\x04\x88\x04g\x04C\x04\x1d\
\x04\xf5\x03\xcc\x03\xa1\x03t\x03G\x03\x18\x03\xe8\x02\xb8\
\x02\x87\x02V\x02$\x02\xf2\x01\xc1\x01\x8f\x01^\x01-\
\x01\xfd\x00\xce\x00\x9f\x00q\x00D\x00\x19\x00\xef\xff\xc6\
\xff\x9e\xffw\xffR\xff.\xff\x0b\xff\xea\xfe\xcb\xfe\xad\
\xfe\x90\xfeu\xfe\x5c\xfeD\xfe-\xfe\x18\xfe\x04\xfe\xf1\
\xfd\xe0\xfd\xd0\xfd\xc1\xfd\xb3\xfd\xa6\xfd\x9a\xfd\x90\xfd\x86\
\xfd}\xfdu\xfdm\xfdf\xfd`\xfd[\xfdV\xfdR\
\xfdN\xfdJ\xfdG\xfdE\xfdC\xfdA\xfd@\xfd?\
\xfd>\xfd>\xfd>\xfd?\xfd@\xfdB\xfdD\xfdF\
\xfdI\xfdM\xfdQ\xfdV\xfd\x5c\xfdb\xfdi\xfdq\
\xfdz\xfd\x84\xfd\x8e\xfd\x9a\xfd\xa7\xfd\xb5\xfd\xc3\xfd\xd3\
\xfd\xe4\xfd\xf7\xfd\x0a\xfe\x1e\xfe4\xfeK\xfec\xfe|\
\xfe\x96\xfe\xb2\xfe\xce\xfe\xeb\xfe\x0a\xff)\xffI\xffj\
\xff\x8b\xff\xad\xff\xd0\xff\xf3\xff\x15\x009\x00]\x00\x80\
\x00\xa4\x00\xc7\x00\xea\x00\x0d\x01/\x01P\x01p\x01\x90\
\x01\xae\x01\xcb\x01\xe7\x01\x01\x02\x1a\x021\x02F\x02Y\
\x02k\x02z\x02\x88\x02\x93\x02\x9c\x02\xa3\x02\xa7\x02\xa9\
\x02\xa9\x02\xa7\x02\xa2\x02\x9b\x02\x91\x02\x85\x02w\x02g\
\x02U\x02A\x02+\x02\x13\x02\xf9\x01\xde\x01\xc1\x01\xa3\
\x01\x83\x01c\x01B\x01 \x01\xfd\x00\xda\x00\xb7\x00\x94\
\x00q\x00N\x00,\x00\x0a\x00\xea\xff\xca\xff\xab\xff\x8e\
\xffr\xffX\xff?\xff(\xff\x14\xff\x01\xff\xf1\xfe\xe3\
\xfe\xd8\xfe\xcf\xfe\xc8\xfe\xc4\xfe\xc3\xfe\xc5\xfe\xc9\xfe\xd0\
\xfe\xda\xfe\xe6\xfe\xf5\xfe\x06\xff\x1a\xff0\xffH\xffc\
\xff\x80\xff\x9e\xff\xbe\xff\xe0\xff\x03\x00'\x00M\x00s\
\x00\x9b\x00\xc2\x00\xea\x00\x12\x01:\x01b\x01\x89\x01\xaf\
\x01\xd4\x01\xf8\x01\x1a\x02;\x02Z\x02w\x02\x92\x02\xaa\
\x02\xc0\x02\xd3\x02\xe3\x02\xf0\x02\xfa\x02\x01\x03\x05\x03\x05\
\x03\x01\x03\xfa\x02\xf0\x02\xe2\x02\xd0\x02\xbb\x02\xa2\x02\x85\
\x02e\x02B\x02\x1c\x02\xf2\x01\xc5\x01\x95\x01c\x01.\
\x01\xf6\x00\xbc\x00\x80\x00B\x00\x03\x00\xc3\xff\x81\xff>\
\xff\xfa\xfe\xb6\xfeq\xfe-\xfe\xe9\xfd\xa5\xfdb\xfd!\
\xfd\xe0\xfc\xa1\xfcd\xfc)\xfc\xf0\xfb\xba\xfb\x86\xfbV\
\xfb(\xfb\xfe\xfa\xd7\xfa\xb3\xfa\x94\xfax\xfa`\xfaL\
\xfa<\xfa1\xfa)\xfa&\xfa(\xfa-\xfa7\xfaE\
\xfaX\xfan\xfa\x89\xfa\xa8\xfa\xca\xfa\xf0\xfa\x1a\xfbH\
\xfby\xfb\xad\xfb\xe4\xfb\x1e\xfc[\xfc\x9a\xfc\xdb\xfc\x1f\
\xfdd\xfd\xab\xfd\xf3\xfd=\xfe\x87\xfe\xd2\xfe\x1e\xffj\
\xff\xb6\xff\x01\x00M\x00\x98\x00\xe2\x00+\x01s\x01\xba\
\x01\x00\x02C\x02\x85\x02\xc5\x02\x02\x03>\x03w\x03\xad\
\x03\xe1\x03\x12\x04A\x04l\x04\x95\x04\xbb\x04\xde\x04\xfe\
\x04\x1b\x055\x05L\x05`\x05q\x05\x7f\x05\x8b\x05\x93\
\x05\x99\x05\x9c\x05\x9c\x05\x99\x05\x94\x05\x8d\x05\x83\x05w\
\x05i\x05X\x05E\x051\x05\x1a\x05\x02\x05\xe8\x04\xcc\
\x04\xaf\x04\x91\x04q\x04O\x04-\x04\x09\x04\xe4\x03\xbe\
\x03\x97\x03o\x03G\x03\x1d\x03\xf3\x02\xc8\x02\x9c\x02p\
\x02C\x02\x16\x02\xe8\x01\xb9\x01\x8a\x01[\x01+\x01\xfb\
\x00\xca\x00\x99\x00h\x007\x00\x05\x00\xd4\xff\xa2\xffo\
\xff=\xff\x0a\xff\xd8\xfe\xa5\xfes\xfeA\xfe\x0f\xfe\xdd\
\xfd\xab\xfdz\xfdI\xfd\x18\xfd\xe9\xfc\xba\xfc\x8b\xfc^\
\xfc1\xfc\x06\xfc\xdb\xfb\xb2\xfb\x8a\xfbd\xfb?\xfb\x1c\
\xfb\xfb\xfa\xdb\xfa\xbe\xfa\xa2\xfa\x89\xfar\xfa^\xfaL\
\xfa=\xfa0\xfa'\xfa \xfa\x1c\xfa\x1b\xfa\x1d\xfa\x22\
\xfa*\xfa6\xfaE\xfaW\xfal\xfa\x85\xfa\xa1\xfa\xc0\
\xfa\xe2\xfa\x07\xfb0\xfb[\xfb\x8a\xfb\xbb\xfb\xef\xfb&\
\xfc_\xfc\x9a\xfc\xd8\xfc\x18\xfdZ\xfd\x9d\xfd\xe3\xfd)\
\xfeq\xfe\xba\xfe\x04\xffN\xff\x99\xff\xe4\xff.\x00y\
\x00\xc3\x00\x0d\x01V\x01\x9e\x01\xe4\x01*\x02m\x02\xae\
\x02\xee\x02+\x03f\x03\x9e\x03\xd4\x03\x06\x046\x04b\
\x04\x8b\x04\xb1\x04\xd3\x04\xf2\x04\x0d\x05$\x058\x05H\
\x05T\x05\x5c\x05a\x05b\x05`\x05Z\x05P\x05C\
\x053\x05\x1f\x05\x08\x05\xef\x04\xd2\x04\xb3\x04\x91\x04m\
\x04G\x04\x1f\x04\xf5\x03\xc9\x03\x9c\x03n\x03>\x03\x0e\
\x03\xdd\x02\xac\x02z\x02H\x02\x17\x02\xe5\x01\xb4\x01\x84\
\x01U\x01'\x01\xf9\x00\xcd\x00\xa3\x00z\x00R\x00-\
\x00\x09\x00\xe8\xff\xc8\xff\xaa\xff\x8e\xffu\xff]\xffG\
\xff4\xff#\xff\x13\xff\x06\xff\xfb\xfe\xf2\xfe\xea\xfe\xe4\
\xfe\xe0\xfe\xde\xfe\xdd\xfe\xdd\xfe\xdf\xfe\xe1\xfe\xe5\xfe\xea\
\xfe\xef\xfe\xf5\xfe\xfb\xfe\x01\xff\x08\xff\x0f\xff\x15\xff\x1c\
\xff!\xff'\xff,\xff0\xff3\xff5\xff7\xff7\
\xff6\xff4\xff0\xff+\xff%\xff\x1d\xff\x14\xff\x0a\
\xff\xfe\xfe\xf1\xfe\xe2\xfe\xd2\xfe\xc1\xfe\xaf\xfe\x9b\xfe\x86\
\xfeq\xfe[\xfeC\xfe,\xfe\x13\xfe\xfb\xfd\xe2\xfd\xc9\
\xfd\xb0\xfd\x97\xfd\x7f\xfdg\xfdO\xfd9\xfd#\xfd\x0f\
\xfd\xfb\xfc\xe9\xfc\xd9\xfc\xca\xfc\xbd\xfc\xb2\xfc\xa9\xfc\xa2\
\xfc\x9d\xfc\x9b\xfc\x9b\xfc\x9d\xfc\xa2\xfc\xa9\xfc\xb3\xfc\xc0\
\xfc\xcf\xfc\xe1\xfc\xf6\xfc\x0d\xfd'\xfdD\xfdc\xfd\x84\
\xfd\xa8\xfd\xce\xfd\xf6\xfd \xfeL\xfez\xfe\xa9\xfe\xdb\
\xfe\x0d\xffA\xffv\xff\xab\xff\xe2\xff\x18\x00O\x00\x86\
\x00\xbe\x00\xf5\x00,\x01b\x01\x97\x01\xcc\x01\x00\x022\
\x02c\x02\x92\x02\xc0\x02\xeb\x02\x15\x03<\x03b\x03\x85\
\x03\xa5\x03\xc3\x03\xde\x03\xf7\x03\x0c\x04\x1f\x04/\x04=\
\x04G\x04O\x04S\x04U\x04T\x04P\x04I\x04@\
\x044\x04&\x04\x15\x04\x02\x04\xec\x03\xd5\x03\xbb\x03\xa0\
\x03\x83\x03d\x03C\x03\x22\x03\xff\x02\xda\x02\xb5\x02\x8f\
\x02i\x02B\x02\x1a\x02\xf3\x01\xcb\x01\xa3\x01{\x01S\
\x01,\x01\x05\x01\xdf\x00\xb9\x00\x94\x00p\x00M\x00+\
\x00\x0a\x00\xea\xff\xcb\xff\xad\xff\x90\xffu\xffZ\xffA\
\xff)\xff\x13\xff\xfd\xfe\xe9\xfe\xd6\xfe\xc4\xfe\xb3\xfe\xa3\
\xfe\x94\xfe\x86\xfey\xfem\xfeb\xfeX\xfeN\xfeE\
\xfe<\xfe5\xfe-\xfe&\xfe \xfe\x1a\xfe\x14\xfe\x0f\
\xfe\x0a\xfe\x05\xfe\x00\xfe\xfb\xfd\xf7\xfd\xf3\xfd\xee\xfd\xea\
\xfd\xe6\xfd\xe2\xfd\xdf\xfd\xdb\xfd\xd8\xfd\xd4\xfd\xd1\xfd\xce\
\xfd\xcc\xfd\xc9\xfd\xc7\xfd\xc6\xfd\xc4\xfd\xc4\xfd\xc3\xfd\xc4\
\xfd\xc5\xfd\xc6\xfd\xc9\xfd\xcc\xfd\xd0\xfd\xd5\xfd\xdb\xfd\xe1\
\xfd\xe9\xfd\xf2\xfd\xfc\xfd\x07\xfe\x13\xfe \xfe.\xfe>\
\xfeO\xfea\xfet\xfe\x88\xfe\x9d\xfe\xb4\xfe\xcb\xfe\xe4\
\xfe\xfd\xfe\x18\xff3\xffO\xffl\xff\x89\xff\xa7\xff\xc6\
\xff\xe4\xff\x02\x00\x22\x00A\x00`\x00\x7f\x00\x9e\x00\xbc\
\x00\xda\x00\xf8\x00\x14\x010\x01K\x01d\x01}\x01\x94\
\x01\xaa\x01\xbe\x01\xd1\x01\xe2\x01\xf2\x01\x00\x02\x0c\x02\x16\
\x02\x1e\x02$\x02(\x02+\x02+\x02)\x02%\x02\x1f\
\x02\x18\x02\x0e\x02\x02\x02\xf5\x01\xe6\x01\xd5\x01\xc3\x01\xaf\
\x01\x9a\x01\x84\x01l\x01T\x01:\x01 \x01\x05\x01\xea\
\x00\xce\x00\xb2\x00\x97\x00{\x00`\x00E\x00*\x00\x11\
\x00\xf9\xff\xe1\xff\xcb\xff\xb5\xff\xa2\xff\x8f\xff\x7f\xffp\
\xffc\xffX\xffN\xffG\xffC\xff@\xff?\xffA\
\xffE\xffL\xffT\xff_\xffl\xff{\xff\x8c\xff\x9f\
\xff\xb4\xff\xcb\xff\xe3\xff\xfe\xff\x18\x005\x00S\x00r\
\x00\x92\x00\xb3\x00\xd4\x00\xf5\x00\x17\x018\x01Z\x01{\
\x01\x9b\x01\xbb\x01\xd9\x01\xf6\x01\x12\x02-\x02F\x02\x5c\
\x02q\x02\x84\x02\x94\x02\xa2\x02\xad\x02\xb5\x02\xbb\x02\xbe\
\x02\xbd\x02\xba\x02\xb3\x02\xa9\x02\x9c\x02\x8c\x02x\x02a\
\x02G\x02*\x02\x0a\x02\xe7\x01\xc1\x01\x98\x01l\x01=\
\x01\x0d\x01\xda\x00\xa4\x00m\x004\x00\xfa\xff\xbe\xff\x81\
\xffC\xff\x04\xff\xc5\xfe\x85\xfeE\xfe\x05\xfe\xc6\xfd\x88\
\xfdJ\xfd\x0d\xfd\xd2\xfc\x98\xfc`\xfc*\xfc\xf6\xfb\xc5\
\xfb\x96\xfbj\xfbA\xfb\x1b\xfb\xf9\xfa\xda\xfa\xbe\xfa\xa6\
\xfa\x92\xfa\x81\xfau\xfal\xfah\xfag\xfak\xfas\
\xfa~\xfa\x8e\xfa\xa2\xfa\xba\xfa\xd5\xfa\xf4\xfa\x17\xfb>\
\xfbh\xfb\x95\xfb\xc5\xfb\xf9\xfb/\xfch\xfc\xa3\xfc\xe1\
\xfc \xfdb\xfd\xa5\xfd\xea\xfd0\xfew\xfe\xbf\xfe\x08\
\xffQ\xff\x9b\xff\xe4\xff,\x00u\x00\xbd\x00\x04\x01K\
\x01\x90\x01\xd4\x01\x16\x02W\x02\x96\x02\xd3\x02\x0d\x03F\
\x03|\x03\xb0\x03\xe1\x03\x10\x04<\x04e\x04\x8b\x04\xaf\
\x04\xd0\x04\xed\x04\x08\x05 \x055\x05G\x05V\x05b\
\x05k\x05r\x05u\x05v\x05u\x05q\x05j\x05a\
\x05U\x05G\x057\x05%\x05\x11\x05\xfb\x04\xe3\x04\xc9\
\x04\xae\x04\x91\x04r\x04R\x040\x04\x0e\x04\xea\x03\xc5\
\x03\x9f\x03x\x03P\x03'\x03\xfd\x02\xd3\x02\xa8\x02|\
\x02P\x02#\x02\xf6\x01\xc8\x01\x9a\x01k\x01<\x01\x0d\
\x01\xde\x00\xae\x00~\x00N\x00\x1e\x00\xee\xff\xbe\xff\x8d\
\xff]\xff-\xff\xfc\xfe\xcc\xfe\x9c\xfel\xfe<\xfe\x0d\
\xfe\xde\xfd\xaf\xfd\x81\xfdT\xfd'\xfd\xfa\xfc\xcf\xfc\xa4\
\xfcz\xfcQ\xfc)\xfc\x03\xfc\xdd\xfb\xb9\xfb\x96\xfbu\
\xfbU\xfb7\xfb\x1b\xfb\x01\xfb\xe9\xfa\xd2\xfa\xbe\xfa\xad\
\xfa\x9d\xfa\x90\xfa\x86\xfa~\xfay\xfav\xfav\xfaz\
\xfa\x80\xfa\x88\xfa\x94\xfa\xa3\xfa\xb5\xfa\xca\xfa\xe2\xfa\xfd\
\xfa\x1a\xfb;\xfb_\xfb\x85\xfb\xaf\xfb\xdb\xfb\x09\xfc:\
\xfcn\xfc\xa4\xfc\xdc\xfc\x17\xfdS\xfd\x91\xfd\xd1\xfd\x12\
\xfeU\xfe\x99\xfe\xdd\xfe#\xffi\xff\xb0\xff\xf7\xff=\
\x00\x83\x00\xca\x00\x0f\x01T\x01\x98\x01\xdb\x01\x1d\x02]\
\x02\x9b\x02\xd7\x02\x11\x03I\x03~\x03\xb1\x03\xe1\x03\x0e\
\x048\x04_\x04\x83\x04\xa4\x04\xc1\x04\xdb\x04\xf1\x04\x03\
\x05\x13\x05\x1e\x05&\x05*\x05+\x05(\x05\x22\x05\x18\
\x05\x0b\x05\xfa\x04\xe7\x04\xd0\x04\xb7\x04\x9a\x04{\x04Z\
\x046\x04\x10\x04\xe8\x03\xbe\x03\x92\x03e\x036\x03\x07\
\x03\xd6\x02\xa5\x02s\x02A\x02\x0e\x02\xdc\x01\xaa\x01x\
\x01G\x01\x17\x01\xe8\x00\xb9\x00\x8c\x00`\x006\x00\x0d\
\x00\xe7\xff\xc2\xff\x9f\xff~\xff_\xffB\xff'\xff\x0e\
\xff\xf8\xfe\xe3\xfe\xd1\xfe\xc1\xfe\xb4\xfe\xa8\xfe\x9f\xfe\x98\
\xfe\x92\xfe\x8f\xfe\x8d\xfe\x8d\xfe\x8f\xfe\x92\xfe\x97\xfe\x9c\
\xfe\xa3\xfe\xab\xfe\xb4\xfe\xbe\xfe\xc8\xfe\xd3\xfe\xde\xfe\xe9\
\xfe\xf5\xfe\x00\xff\x0b\xff\x16\xff \xff*\xff3\xff;\
\xffB\xffI\xffN\xffR\xffU\xffV\xffW\xffV\
\xffS\xffP\xffJ\xffD\xff<\xff3\xff(\xff\x1c\
\xff\x0f\xff\x01\xff\xf1\xfe\xe1\xfe\xcf\xfe\xbd\xfe\xaa\xfe\x97\
\xfe\x83\xfen\xfeZ\xfeE\xfe0\xfe\x1b\xfe\x07\xfe\xf3\
\xfd\xdf\xfd\xcc\xfd\xba\xfd\xa9\xfd\x99\xfd\x8a\xfd}\xfdq\
\xfdf\xfd]\xfdV\xfdQ\xfdM\xfdL\xfdM\xfdO\
\xfdT\xfd[\xfde\xfdp\xfd~\xfd\x8e\xfd\xa0\xfd\xb5\
\xfd\xcb\xfd\xe4\xfd\xff\xfd\x1c\xfe:\xfe[\xfe}\xfe\xa1\
\xfe\xc6\xfe\xed\xfe\x15\xff>\xffi\xff\x94\xff\xc0\xff\xec\
\xff\x18\x00E\x00s\x00\xa0\x00\xcd\x00\xfa\x00&\x01R\
\x01}\x01\xa7\x01\xd0\x01\xf7\x01\x1e\x02B\x02f\x02\x87\
\x02\xa7\x02\xc5\x02\xe1\x02\xfb\x02\x12\x03(\x03;\x03L\
\x03Z\x03g\x03q\x03x\x03}\x03\x80\x03\x81\x03\x7f\
\x03{\x03u\x03m\x03b\x03V\x03G\x037\x03%\
\x03\x12\x03\xfd\x02\xe6\x02\xce\x02\xb5\x02\x9b\x02\x80\x02d\
\x02G\x02*\x02\x0c\x02\xed\x01\xcf\x01\xb0\x01\x91\x01r\
\x01S\x014\x01\x16\x01\xf8\x00\xdb\x00\xbe\x00\xa1\x00\x86\
\x00k\x00Q\x008\x00\x1f\x00\x08\x00\xf2\xff\xdc\xff\xc8\
\xff\xb4\xff\xa1\xff\x8f\xff~\xffn\xff_\xffQ\xffC\
\xff7\xff+\xff\x1f\xff\x15\xff\x0b\xff\x02\xff\xf9\xfe\xf0\
\xfe\xe8\xfe\xe1\xfe\xd9\xfe\xd2\xfe\xcb\xfe\xc5\xfe\xbe\xfe\xb8\
\xfe\xb1\xfe\xab\xfe\xa4\xfe\x9e\xfe\x97\xfe\x90\xfe\x8a\xfe\x83\
\xfe|\xfeu\xfem\xfef\xfe_\xfeW\xfeP\xfeH\
\xfeA\xfe9\xfe2\xfe+\xfe$\xfe\x1d\xfe\x16\xfe\x10\
\xfe\x0b\xfe\x05\xfe\x01\xfe\xfc\xfd\xf9\xfd\xf6\xfd\xf4\xfd\xf3\
\xfd\xf3\xfd\xf3\xfd\xf5\xfd\xf8\xfd\xfb\xfd\x00\xfe\x06\xfe\x0d\
\xfe\x16\xfe\x1f\xfe*\xfe6\xfeD\xfeR\xfeb\xfes\
\xfe\x85\xfe\x99\xfe\xad\xfe\xc3\xfe\xd9\xfe\xf1\xfe\x09\xff#\
\xff=\xffX\xffs\xff\x8f\xff\xab\xff\xc8\xff\xe5\xff\x01\
\x00\x1e\x00;\x00W\x00t\x00\x90\x00\xab\x00\xc6\x00\xe0\
\x00\xfa\x00\x12\x01)\x01@\x01U\x01h\x01{\x01\x8b\
\x01\x9b\x01\xa9\x01\xb5\x01\xbf\x01\xc8\x01\xcf\x01\xd4\x01\xd7\
\x01\xd9\x01\xd9\x01\xd7\x01\xd4\x01\xce\x01\xc7\x01\xbf\x01\xb5\
\x01\xa9\x01\x9c\x01\x8e\x01~\x01n\x01\x5c\x01I\x016\
\x01\x22\x01\x0d\x01\xf8\x00\xe2\x00\xcd\x00\xb7\x00\xa1\x00\x8c\
\x00v\x00b\x00N\x00:\x00(\x00\x16\x00\x06\x00\xf7\
\xff\xe9\xff\xdd\xff\xd2\xff\xc8\xff\xc0\xff\xba\xff\xb5\xff\xb3\
\xff\xb2\xff\xb3\xff\xb5\xff\xba\xff\xc0\xff\xc9\xff\xd3\xff\xdf\
\xff\xec\xff\xfc\xff\x0b\x00\x1e\x002\x00G\x00]\x00t\
\x00\x8d\x00\xa6\x00\xc0\x00\xda\x00\xf5\x00\x10\x01+\x01F\
\x01a\x01{\x01\x95\x01\xae\x01\xc6\x01\xdd\x01\xf3\x01\x07\
\x02\x1a\x02+\x02:\x02H\x02S\x02\x5c\x02b\x02g\
\x02h\x02g\x02d\x02]\x02T\x02H\x029\x02'\
\x02\x13\x02\xfb\x01\xe1\x01\xc4\x01\xa4\x01\x82\x01]\x016\
\x01\x0c\x01\xe0\x00\xb2\x00\x82\x00P\x00\x1c\x00\xe8\xff\xb1\
\xffz\xffA\xff\x08\xff\xce\xfe\x93\xfeY\xfe\x1f\xfe\xe5\
\xfd\xab\xfdr\xfd:\xfd\x03\xfd\xce\xfc\x9a\xfch\xfc8\
\xfc\x0a\xfc\xde\xfb\xb5\xfb\x8e\xfbj\xfbJ\xfb,\xfb\x11\
\xfb\xfa\xfa\xe7\xfa\xd6\xfa\xca\xfa\xc1\xfa\xbc\xfa\xba\xfa\xbd\
\xfa\xc3\xfa\xcd\xfa\xda\xfa\xec\xfa\x01\xfb\x1a\xfb6\xfbV\
\xfby\xfb\x9f\xfb\xc9\xfb\xf6\xfb%\xfcW\xfc\x8c\xfc\xc4\
\xfc\xfd\xfc9\xfdv\xfd\xb6\xfd\xf6\xfd9\xfe|\xfe\xc0\
\xfe\x05\xffJ\xff\x90\xff\xd6\xff\x1a\x00`\x00\xa5\x00\xe9\
\x00-\x01o\x01\xb0\x01\xf0\x01/\x02k\x02\xa6\x02\xdf\
\x02\x16\x03K\x03}\x03\xad\x03\xdb\x03\x06\x04.\x04T\
\x04w\x04\x97\x04\xb4\x04\xcf\x04\xe6\x04\xfb\x04\x0d\x05\x1c\
\x05(\x052\x058\x05<\x05=\x05<\x058\x052\
\x05)\x05\x1e\x05\x10\x05\x01\x05\xef\x04\xdb\x04\xc5\x04\xae\
\x04\x94\x04y\x04\x5c\x04>\x04\x1f\x04\xfe\x03\xdb\x03\xb8\
\x03\x93\x03m\x03G\x03\x1f\x03\xf7\x02\xce\x02\xa4\x02z\
\x02O\x02$\x02\xf8\x01\xcb\x01\x9f\x01r\x01E\x01\x17\
\x01\xea\x00\xbc\x00\x8e\x00`\x002\x00\x04\x00\xd7\xff\xa9\
\xff{\xffM\xff\x1f\xff\xf2\xfe\xc5\xfe\x98\xfek\xfe?\
\xfe\x13\xfe\xe8\xfd\xbd\xfd\x93\xfdi\xfd@\xfd\x17\xfd\xf0\
\xfc\xc9\xfc\xa3\xfc~\xfcZ\xfc7\xfc\x16\xfc\xf6\xfb\xd7\
\xfb\xb9\xfb\x9d\xfb\x83\xfbj\xfbS\xfb>\xfb+\xfb\x19\
\xfb\x0a\xfb\xfd\xfa\xf2\xfa\xea\xfa\xe4\xfa\xe0\xfa\xdf\xfa\xe0\
\xfa\xe4\xfa\xea\xfa\xf3\xfa\xff\xfa\x0e\xfb\x1f\xfb3\xfbJ\
\xfbc\xfb\x7f\xfb\x9e\xfb\xbf\xfb\xe3\xfb\x0a\xfc3\xfc^\
\xfc\x8c\xfc\xbc\xfc\xee\xfc#\xfdY\xfd\x91\xfd\xcb\xfd\x06\
\xfeB\xfe\x80\xfe\xbf\xfe\xff\xfe@\xff\x81\xff\xc3\xff\x04\
\x00F\x00\x88\x00\xc9\x00\x0a\x01J\x01\x8a\x01\xc8\x01\x05\
\x02A\x02{\x02\xb3\x02\xea\x02\x1e\x03P\x03\x7f\x03\xac\
\x03\xd7\x03\xfe\x03#\x04E\x04c\x04~\x04\x97\x04\xab\
\x04\xbd\x04\xcb\x04\xd6\x04\xdd\x04\xe1\x04\xe1\x04\xde\x04\xd8\
\x04\xce\x04\xc1\x04\xb1\x04\x9e\x04\x88\x04o\x04T\x046\
\x04\x15\x04\xf2\x03\xcd\x03\xa5\x03|\x03R\x03%\x03\xf8\
\x02\xc9\x02\x99\x02i\x028\x02\x06\x02\xd5\x01\xa3\x01q\
\x01@\x01\x0f\x01\xdf\x00\xb0\x00\x82\x00U\x00)\x00\x00\
\x00\xd7\xff\xb0\xff\x8b\xffg\xffF\xff&\xff\x09\xff\xee\
\xfe\xd5\xfe\xbf\xfe\xaa\xfe\x98\xfe\x88\xfe{\xfep\xfeg\
\xfe`\xfe[\xfeX\xfeW\xfeX\xfe[\xfe`\xfef\
\xfen\xfew\xfe\x81\xfe\x8d\xfe\x99\xfe\xa6\xfe\xb4\xfe\xc3\
\xfe\xd2\xfe\xe1\xfe\xf0\xfe\x00\xff\x0f\xff\x1e\xff-\xff;\
\xffI\xffV\xffb\xffm\xffw\xff\x81\xff\x89\xff\x8f\
\xff\x95\xff\x99\xff\x9c\xff\x9d\xff\x9d\xff\x9b\xff\x98\xff\x94\
\xff\x8e\xff\x87\xff\x7f\xffu\xffj\xff^\xffP\xffB\
\xff3\xff#\xff\x12\xff\x00\xff\xef\xfe\xdc\xfe\xca\xfe\xb7\
\xfe\xa4\xfe\x91\xfe\x7f\xfel\xfeZ\xfeI\xfe9\xfe)\
\xfe\x1a\xfe\x0d\xfe\x00\xfe\xf5\xfd\xeb\xfd\xe2\xfd\xdb\xfd\xd6\
\xfd\xd2\xfd\xd0\xfd\xd0\xfd\xd2\xfd\xd6\xfd\xdb\xfd\xe2\xfd\xec\
\xfd\xf7\xfd\x04\xfe\x13\xfe$\xfe7\xfeL\xfeb\xfez\
\xfe\x94\xfe\xaf\xfe\xcc\xfe\xea\xfe\x09\xff)\xffJ\xffm\
\xff\x90\xff\xb4\xff\xd8\xff\xfd\xff!\x00F\x00k\x00\x90\
\x00\xb5\x00\xd9\x00\xfd\x00 \x01C\x01e\x01\x86\x01\xa5\
\x01\xc4\x01\xe1\x01\xfd\x01\x17\x020\x02G\x02\x5c\x02p\
\x02\x82\x02\x92\x02\xa0\x02\xad\x02\xb7\x02\xc0\x02\xc6\x02\xcb\
\x02\xce\x02\xcf\x02\xce\x02\xcb\x02\xc7\x02\xc1\x02\xb9\x02\xb0\
\x02\xa5\x02\x99\x02\x8b\x02}\x02m\x02[\x02I\x026\
\x02\x22\x02\x0e\x02\xf9\x01\xe3\x01\xcd\x01\xb6\x01\xa0\x01\x89\
\x01r\x01[\x01D\x01-\x01\x17\x01\x00\x01\xea\x00\xd5\
\x00\xc0\x00\xac\x00\x98\x00\x84\x00r\x00`\x00N\x00>\
\x00.\x00\x1f\x00\x10\x00\x02\x00\xf6\xff\xe9\xff\xdd\xff\xd2\
\xff\xc7\xff\xbc\xff\xb3\xff\xa9\xff\xa0\xff\x98\xff\x8f\xff\x87\
\xff\x80\xffx\xffp\xffi\xffb\xffZ\xffS\xffK\
\xffD\xff<\xff4\xff,\xff#\xff\x1b\xff\x12\xff\x08\
\xff\xff\xfe\xf5\xfe\xeb\xfe\xe0\xfe\xd6\xfe\xcb\xfe\xbf\xfe\xb4\
\xfe\xa8\xfe\x9d\xfe\x91\xfe\x85\xfey\xfem\xfeb\xfeV\
\xfeK\xfe@\xfe6\xfe+\xfe\x22\xfe\x19\xfe\x10\xfe\x08\
\xfe\x01\xfe\xfb\xfd\xf6\xfd\xf1\xfd\xee\xfd\xec\xfd\xea\xfd\xea\
\xfd\xeb\xfd\xee\xfd\xf2\xfd\xf6\xfd\xfd\xfd\x04\xfe\x0d\xfe\x18\
\xfe#\xfe0\xfe?\xfeN\xfe_\xfeq\xfe\x85\xfe\x99\
\xfe\xaf\xfe\xc5\xfe\xdd\xfe\xf5\xfe\x0f\xff)\xffD\xff_\
\xffz\xff\x97\xff\xb3\xff\xcf\xff\xec\xff\x08\x00$\x00@\
\x00\x5c\x00w\x00\x92\x00\xac\x00\xc5\x00\xde\x00\xf5\x00\x0c\
\x01!\x015\x01H\x01Y\x01i\x01x\x01\x85\x01\x90\
\x01\x9a\x01\xa3\x01\xaa\x01\xaf\x01\xb2\x01\xb4\x01\xb4\x01\xb3\
\x01\xb0\x01\xac\x01\xa6\x01\x9f\x01\x97\x01\x8d\x01\x82\x01v\
\x01i\x01[\x01M\x01=\x01-\x01\x1d\x01\x0c\x01\xfa\
\x00\xe9\x00\xd8\x00\xc7\x00\xb5\x00\xa5\x00\x94\x00\x85\x00v\
\x00g\x00Z\x00M\x00B\x007\x00.\x00&\x00\x1f\
\x00\x1a\x00\x16\x00\x14\x00\x13\x00\x14\x00\x16\x00\x1a\x00\x1f\
\x00%\x00-\x007\x00B\x00N\x00\x5c\x00j\x00z\
\x00\x8b\x00\x9d\x00\xaf\x00\xc2\x00\xd6\x00\xea\x00\xff\x00\x13\
\x01(\x01=\x01Q\x01e\x01y\x01\x8c\x01\x9e\x01\xaf\
\x01\xbf\x01\xce\x01\xdc\x01\xe8\x01\xf2\x01\xfb\x01\x02\x02\x07\
\x02\x09\x02\x0a\x02\x09\x02\x05\x02\xff\x01\xf6\x01\xec\x01\xde\
\x01\xce\x01\xbc\x01\xa7\x01\x90\x01v\x01Z\x01<\x01\x1b\
\x01\xf8\x00\xd3\x00\xac\x00\x84\x00Y\x00,\x00\xff\xff\xd0\
\xff\xa0\xffn\xff;\xff\x08\xff\xd4\xfe\xa0\xfel\xfe7\
\xfe\x03\xfe\xcf\xfd\x9c\xfdi\xfd7\xfd\x07\xfd\xd8\xfc\xaa\
\xfc~\xfcT\xfc,\xfc\x06\xfc\xe3\xfb\xc2\xfb\xa4\xfb\x88\
\xfbo\xfbZ\xfbG\xfb8\xfb,\xfb#\xfb\x1e\xfb\x1c\
\xfb\x1e\xfb#\xfb+\xfb7\xfbG\xfbZ\xfbp\xfb\x8a\
\xfb\xa6\xfb\xc6\xfb\xe9\xfb\x10\xfc8\xfcd\xfc\x92\xfc\xc3\
\xfc\xf6\xfc+\xfdc\xfd\x9c\xfd\xd6\xfd\x13\xfeP\xfe\x8f\
\xfe\xce\xfe\x0f\xffP\xff\x91\xff\xd2\xff\x13\x00T\x00\x95\
\x00\xd5\x00\x15\x01T\x01\x91\x01\xce\x01\x09\x02C\x02{\
\x02\xb1\x02\xe5\x02\x17\x03G\x03u\x03\xa0\x03\xc9\x03\xf0\
\x03\x14\x045\x04T\x04p\x04\x8a\x04\xa0\x04\xb4\x04\xc6\
\x04\xd4\x04\xe0\x04\xe9\x04\xef\x04\xf3\x04\xf4\x04\xf3\x04\xef\
\x04\xe9\x04\xe0\x04\xd5\x04\xc8\x04\xb8\x04\xa7\x04\x94\x04~\
\x04g\x04N\x044\x04\x18\x04\xfa\x03\xdc\x03\xbb\x03\x9a\
\x03w\x03T\x03/\x03\x0a\x03\xe3\x02\xbc\x02\x95\x02l\
\x02C\x02\x1a\x02\xf0\x01\xc6\x01\x9b\x01q\x01F\x01\x1b\
\x01\xef\x00\xc4\x00\x99\x00m\x00B\x00\x17\x00\xed\xff\xc1\
\xff\x97\xffl\xffB\xff\x17\xff\xee\xfe\xc4\xfe\x9b\xfer\
\xfeJ\xfe\x22\xfe\xfb\xfd\xd4\xfd\xae\xfd\x88\xfdc\xfd?\
\xfd\x1c\xfd\xf9\xfc\xd7\xfc\xb7\xfc\x97\xfcx\xfc[\xfc>\
\xfc#\xfc\x0a\xfc\xf1\xfb\xda\xfb\xc5\xfb\xb1\xfb\x9f\xfb\x8f\
\xfb\x80\xfbs\xfbh\xfb`\xfbY\xfbT\xfbR\xfbQ\
\xfbS\xfbW\xfb^\xfbg\xfbr\xfb\x80\xfb\x90\xfb\xa3\
\xfb\xb8\xfb\xd0\xfb\xe9\xfb\x06\xfc$\xfcF\xfci\xfc\x8e\
\xfc\xb6\xfc\xe0\xfc\x0c\xfd:\xfdj\xfd\x9b\xfd\xce\xfd\x03\
\xfe9\xfeq\xfe\xa9\xfe\xe3\xfe\x1d\xffX\xff\x94\xff\xd0\
\xff\x0c\x00H\x00\x85\x00\xc1\x00\xfc\x007\x01r\x01\xab\
\x01\xe3\x01\x1a\x02P\x02\x84\x02\xb6\x02\xe6\x02\x15\x03A\
\x03j\x03\x91\x03\xb6\x03\xd8\x03\xf7\x03\x14\x04-\x04D\
\x04W\x04g\x04t\x04~\x04\x85\x04\x88\x04\x89\x04\x86\
\x04\x80\x04w\x04j\x04[\x04I\x044\x04\x1d\x04\x02\
\x04\xe6\x03\xc7\x03\xa5\x03\x82\x03\x5c\x035\x03\x0c\x03\xe1\
\x02\xb6\x02\x89\x02[\x02,\x02\xfd\x01\xcd\x01\x9d\x01m\
\x01=\x01\x0d\x01\xde\x00\xb0\x00\x82\x00U\x00)\x00\xff\
\xff\xd6\xff\xae\xff\x88\xffc\xff@\xff \xff\x01\xff\xe4\
\xfe\xca\xfe\xb1\xfe\x9b\xfe\x87\xfev\xfef\xfeY\xfeO\
\xfeF\xfe@\xfe<\xfe:\xfe:\xfe<\xfe@\xfeF\
\xfeM\xfeW\xfea\xfem\xfez\xfe\x89\xfe\x98\xfe\xa9\
\xfe\xba\xfe\xcb\xfe\xde\xfe\xf0\xfe\x03\xff\x16\xff(\xff;\
\xffM\xff_\xffp\xff\x80\xff\x90\xff\x9f\xff\xad\xff\xb9\
\xff\xc5\xff\xcf\xff\xd8\xff\xe0\xff\xe6\xff\xeb\xff\xef\xff\xf1\
\xff\xf1\xff\xf0\xff\xee\xff\xea\xff\xe5\xff\xde\xff\xd6\xff\xcc\
\xff\xc2\xff\xb6\xff\xa9\xff\x9b\xff\x8c\xff|\xffl\xff[\
\xffI\xff7\xff%\xff\x13\xff\x00\xff\xee\xfe\xdb\xfe\xc9\
\xfe\xb8\xfe\xa7\xfe\x96\xfe\x87\xfex\xfej\xfe]\xfeQ\
\xfeG\xfe>\xfe6\xfe0\xfe+\xfe(\xfe&\xfe&\
\xfe(\xfe,\xfe1\xfe8\xfe@\xfeK\xfeW\xfed\
\xfes\xfe\x84\xfe\x97\xfe\xaa\xfe\xc0\xfe\xd6\xfe\xee\xfe\x07\
\xff!\xff<\xffX\xffu\xff\x92\xff\xb0\xff\xce\xff\xed\
\xff\x0b\x00*\x00I\x00g\x00\x86\x00\xa4\x00\xc2\x00\xe0\
\x00\xfc\x00\x18\x013\x01M\x01f\x01~\x01\x95\x01\xab\
\x01\xbf\x01\xd2\x01\xe4\x01\xf4\x01\x03\x02\x10\x02\x1c\x02&\
\x02/\x026\x02;\x02?\x02B\x02C\x02C\x02A\
\x02>\x02:\x024\x02-\x02%\x02\x1c\x02\x12\x02\x08\
\x02\xfc\x01\xef\x01\xe2\x01\xd4\x01\xc6\x01\xb7\x01\xa8\x01\x98\
\x01\x88\x01x\x01h\x01X\x01H\x018\x01(\x01\x18\
\x01\x09\x01\xf9\x00\xea\x00\xdc\x00\xcd\x00\xbf\x00\xb2\x00\xa5\
\x00\x98\x00\x8c\x00\x81\x00u\x00j\x00`\x00V\x00L\
\x00C\x00:\x001\x00)\x00!\x00\x19\x00\x11\x00\x09\
\x00\x01\x00\xfb\xff\xf3\xff\xeb\xff\xe3\xff\xdb\xff\xd3\xff\xcb\
\xff\xc2\xff\xb9\xff\xaf\xff\xa6\xff\x9c\xff\x91\xff\x86\xff{\
\xffo\xffc\xffW\xffJ\xff<\xff.\xff \xff\x12\
\xff\x03\xff\xf4\xfe\xe5\xfe\xd5\xfe\xc5\xfe\xb6\xfe\xa6\xfe\x96\
\xfe\x86\xfew\xfeg\xfeX\xfeJ\xfe;\xfe.\xfe \
\xfe\x14\xfe\x08\xfe\xfd\xfd\xf3\xfd\xea\xfd\xe1\xfd\xda\xfd\xd4\
\xfd\xcf\xfd\xcb\xfd\xc9\xfd\xc8\xfd\xc8\xfd\xca\xfd\xcd\xfd\xd1\
\xfd\xd7\xfd\xde\xfd\xe7\xfd\xf2\xfd\xfd\xfd\x0b\xfe\x19\xfe)\
\xfe:\xfeM\xfea\xfev\xfe\x8c\xfe\xa3\xfe\xbc\xfe\xd5\
\xfe\xef\xfe\x0a\xff%\xffA\xff^\xffz\xff\x98\xff\xb5\
\xff\xd2\xff\xef\xff\x0b\x00(\x00E\x00a\x00|\x00\x97\
\x00\xb1\x00\xca\x00\xe3\x00\xfa\x00\x10\x01%\x019\x01K\
\x01\x5c\x01l\x01z\x01\x87\x01\x92\x01\x9b\x01\xa4\x01\xaa\
\x01\xaf\x01\xb3\x01\xb5\x01\xb5\x01\xb4\x01\xb2\x01\xae\x01\xa9\
\x01\xa3\x01\x9b\x01\x93\x01\x89\x01\x7f\x01t\x01g\x01[\
\x01M\x01?\x011\x01#\x01\x14\x01\x06\x01\xf7\x00\xe9\
\x00\xdb\x00\xcd\x00\xbf\x00\xb3\x00\xa6\x00\x9b\x00\x90\x00\x87\
\x00~\x00v\x00o\x00j\x00e\x00b\x00`\x00_\
\x00_\x00a\x00d\x00h\x00m\x00s\x00{\x00\x83\
\x00\x8d\x00\x97\x00\xa3\x00\xaf\x00\xbc\x00\xc9\x00\xd7\x00\xe5\
\x00\xf4\x00\x03\x01\x12\x01!\x01/\x01>\x01L\x01Y\
\x01f\x01r\x01}\x01\x87\x01\x90\x01\x98\x01\x9e\x01\xa3\
\x01\xa6\x01\xa8\x01\xa8\x01\xa6\x01\xa2\x01\x9d\x01\x95\x01\x8b\
\x01\x80\x01r\x01b\x01P\x01<\x01&\x01\x0d\x01\xf3\
\x00\xd7\x00\xb9\x00\x99\x00w\x00S\x00.\x00\x07\x00\xe0\
\xff\xb7\xff\x8d\xffa\xff5\xff\x08\xff\xdb\xfe\xad\xfe~\
\xfeP\xfe\x22\xfe\xf4\xfd\xc7\xfd\x9a\xfdn\xfdC\xfd\x19\
\xfd\xf0\xfc\xc9\xfc\xa3\xfc\x80\xfc^\xfc>\xfc \xfc\x05\
\xfc\xec\xfb\xd6\xfb\xc2\xfb\xb1\xfb\xa3\xfb\x98\xfb\x90\xfb\x8b\
\xfb\x89\xfb\x8a\xfb\x8e\xfb\x96\xfb\xa0\xfb\xae\xfb\xbf\xfb\xd3\
\xfb\xea\xfb\x04\xfc!\xfc@\xfcc\xfc\x88\xfc\xb0\xfc\xda\
\xfc\x06\xfd5\xfde\xfd\x98\xfd\xcc\xfd\x02\xfe9\xfer\
\xfe\xac\xfe\xe6\xfe!\xff]\xff\x9a\xff\xd6\xff\x12\x00N\
\x00\x8a\x00\xc6\x00\x01\x01;\x01u\x01\xad\x01\xe4\x01\x1a\
\x02N\x02\x81\x02\xb1\x02\xe0\x02\x0d\x038\x03a\x03\x87\
\x03\xab\x03\xcd\x03\xec\x03\x09\x04$\x04;\x04P\x04c\
\x04s\x04\x81\x04\x8b\x04\x94\x04\x99\x04\x9d\x04\x9e\x04\x9c\
\x04\x98\x04\x92\x04\x89\x04~\x04r\x04c\x04R\x04?\
\x04*\x04\x14\x04\xfc\x03\xe3\x03\xc8\x03\xab\x03\x8d\x03n\
\x03N\x03-\x03\x0b\x03\xe8\x02\xc4\x02\xa0\x02{\x02U\
\x02.\x02\x08\x02\xe0\x01\xb9\x01\x91\x01i\x01A\x01\x19\
\x01\xf0\x00\xc8\x00\x9f\x00w\x00O\x00'\x00\x00\x00\xd8\
\xff\xb1\xff\x89\xffc\xff<\xff\x16\xff\xf0\xfe\xca\xfe\xa5\
\xfe\x81\xfe]\xfe9\xfe\x16\xfe\xf3\xfd\xd2\xfd\xb0\xfd\x90\
\xfdp\xfdQ\xfd3\xfd\x16\xfd\xf9\xfc\xdd\xfc\xc3\xfc\xa9\
\xfc\x91\xfcz\xfcc\xfcO\xfc;\xfc)\xfc\x18\xfc\x09\
\xfc\xfb\xfb\xee\xfb\xe4\xfb\xdb\xfb\xd4\xfb\xce\xfb\xcb\xfb\xc9\
\xfb\xca\xfb\xcc\xfb\xd0\xfb\xd6\xfb\xdf\xfb\xe9\xfb\xf6\xfb\x05\
\xfc\x16\xfc)\xfc>\xfcV\xfco\xfc\x8b\xfc\xa8\xfc\xc8\
\xfc\xea\xfc\x0e\xfd3\xfd[\xfd\x84\xfd\xaf\xfd\xdb\xfd\x09\
\xfe8\xfei\xfe\x9b\xfe\xce\xfe\x01\xff6\xffk\xff\xa1\
\xff\xd7\xff\x0d\x00D\x00z\x00\xb1\x00\xe7\x00\x1c\x01Q\
\x01\x85\x01\xb8\x01\xea\x01\x1b\x02J\x02x\x02\xa4\x02\xcf\
\x02\xf7\x02\x1d\x03A\x03c\x03\x82\x03\x9f\x03\xb9\x03\xd0\
\x03\xe5\x03\xf7\x03\x06\x04\x12\x04\x1c\x04\x22\x04%\x04&\
\x04#\x04\x1e\x04\x16\x04\x0a\x04\xfc\x03\xec\x03\xd8\x03\xc3\
\x03\xaa\x03\x8f\x03r\x03S\x032\x03\x0f\x03\xea\x02\xc4\
\x02\x9c\x02s\x02I\x02\x1e\x02\xf2\x01\xc5\x01\x98\x01j\
\x01=\x01\x0f\x01\xe2\x00\xb5\x00\x89\x00]\x002\x00\x08\
\x00\xe1\xff\xb9\xff\x93\xffn\xffK\xff*\xff\x0b\xff\xed\
\xfe\xd2\xfe\xb8\xfe\xa1\xfe\x8c\xfey\xfeh\xfeZ\xfeM\
\xfeC\xfe<\xfe6\xfe3\xfe1\xfe2\xfe5\xfe:\
\xfeA\xfeI\xfeS\xfe_\xfel\xfez\xfe\x8a\xfe\x9b\
\xfe\xad\xfe\xc0\xfe\xd3\xfe\xe7\xfe\xfc\xfe\x11\xff&\xff;\
\xffP\xffe\xffy\xff\x8d\xff\xa1\xff\xb4\xff\xc6\xff\xd7\
\xff\xe7\xff\xf6\xff\x03\x00\x10\x00\x1b\x00%\x00.\x005\
\x00:\x00>\x00A\x00B\x00A\x00?\x00<\x007\
\x000\x00(\x00\x1f\x00\x15\x00\x09\x00\xfd\xff\xef\xff\xe0\
\xff\xd0\xff\xc0\xff\xaf\xff\x9d\xff\x8a\xffw\xffd\xffQ\
\xff>\xff+\xff\x18\xff\x05\xff\xf3\xfe\xe1\xfe\xd0\xfe\xc0\
\xfe\xb0\xfe\xa1\xfe\x94\xfe\x87\xfe|\xfer\xfei\xfea\
\xfe[\xfeW\xfeT\xfeR\xfe\
\x00\x00x\xc0\
R\
IFF\xb8x\x00\x00WAVEfmt \x10\
\x00\x00\x00\x01\x00\x01\x00D\xac\x00\x00\x88X\x01\x00\x02\
\x00\x10\x00data\x94x\x00\x00\x00\x00^\x0e]\
\x1c\xa2)\xd95\xb3@\xeeIRQ\xb6V\xfeY\x1f\
[\x1cZ\x07W\x01R7K\xe1BD9\xa7.Z\
#\xac\x17\xf0\x0bs\x00\x80\xf5U\xeb/\xe2<\xda\xa0\
\xd3r\xce\xbe\xca\x82\xc8\xb4\xc7:\xc8\xf5\xc9\xbc\xccb\
\xd0\xb3\xd4|\xd9\x87\xde\xa4\xe3\xa3\xe8\x5c\xed\xad\xf1|\
\xf5\xb7\xf8V\xfbZ\xfd\xcc\xfe\xbc\xffB\x00|\x00\x8a\
\x00\x8f\x00\xaf\x00\x0a\x01\xc1\x01\xed\x02\xa1\x04\xe9\x06\xcb\
\x09@\x0d<\x11\xa8\x15f\x1aO\x1f9$\xf2(I\
-\x0a1\x034\x046\xe46\x816\xc04\x921\xf2\
,\xe8&\x86\x1f\xec\x16D\x0d\xc5\x02\xac\xf7?\xec\xc8\
\xe0\x97\xd5\xfb\xcaB\xc1\xb5\xb8\x97\xb1$\xac\x8b\xa8\xf0\
\xa6i\xa7\xfe\xa9\xa8\xaeP\xb5\xd2\xbd\xfb\xc7\x8d\xd3?\
\xe0\xc1\xed\xba\xfb\xcf\x09\xa6\x17\xe4$51I<\xda\
E\xb0M\x9cS~WFY\xf2X\x8eV6R\x12\
LWDB;\x191)&\xbf\x1a,\x0f\xbe\x03\xbf\
\xf8q\xee\x11\xe5\xd1\xdc\xd9\xd5D\xd0\x22\xccv\xc98\
\xc8U\xc8\xaf\xc9#\xcc\x84\xcf\xa2\xd3I\xd8F\xddg\
\xe2{\xe7Y\xec\xdb\xf0\xe5\xf4b\xf8G\xfb\x8f\xfdA\
\xffh\x00\x1c\x01v\x01\x94\x01\x98\x01\xa4\x01\xdb\x01\x5c\
\x02B\x03\xa3\x04\x8f\x06\x0d\x09\x1c\x0c\xb2\x0f\xbe\x13%\
\x18\xc4\x1cu!\x09&R*\x1c.71s3\xa7\
4\xae4k3\xcc0\xc7,`'\xa5 \xb1\x18\xa8\
\x0f\xbb\x05$\xfb#\xf0\x00\xe5\x07\xda\x84\xcf\xc5\xc5\x11\
\xbd\xae\xb5\xd8\xaf\xc1\xab\x90\xa9_\xa9<\xab#\xaf\x05\
\xb5\xc2\xbc.\xc6\x10\xd1$\xdd\x1d\xea\xa8\xf7l\x05\x11\
\x13= \x9c,\xde7\xbbA\xf8IbP\xd5T=\
W\x93W\xddU2R\xb5L\x96E\x0e=_3\xd2\
(\xb4\x1dS\x12\xfc\x06\xfb\xfb\x92\xf1\x01\xe8}\xdf/\
\xd88\xd2\xab\xcd\x90\xca\xe3\xc8\x95\xc8\x8c\xc9\xa8\xcb\xbf\
\xce\xa2\xd2\x22\xd7\x09\xdc&\xe1H\xe6C\xeb\xf1\xef2\
\xf4\xed\xf7\x14\xfb\xa0\xfd\x93\xff\xf5\x00\xda\x01Y\x02\x8d\
\x02\x97\x02\x99\x02\xb3\x02\x06\x03\xaf\x03\xc6\x04\x5c\x06|\
\x08(\x0b[\x0e\x08\x12\x16\x16i\x1a\xdc\x1eE#w\
'B+u.\xe20_2\xc52\xf51\xdb/i\
,\x9f'\x86!3\x1a\xc7\x11m\x08[\xfe\xcb\xf3\x02\
\xe9I\xde\xe9\xd3/\xcaa\xc1\xc5\xb9\x97\xb3\x0e\xafR\
\xac\x82\xab\xaf\xac\xdb\xaf\xfc\xb4\xf8\xbb\xa8\xc4\xd9\xceK\
\xda\xb7\xe6\xcd\xf37\x01\xa0\x0e\xb0\x1b\x13(w3\x95\
=-F\x0bM\x08R\x08U\x02V\xf6T\xf6Q \
M\x9eF\xa6>v5T+\x89 a\x15+\x0a1\
\xff\xb7\xf4\xfd\xea;\xe2\x9f\xdaK\xd4X\xcf\xd0\xcb\xb4\
\xc9\xfa\xc8\x8c\xc9L\xcb\x14\xce\xb8\xd1\x08\xd6\xd2\xda\xe4\
\xdf\x0d\xe5\x1f\xea\xf2\xeec\xf3Y\xf7\xc1\xfa\x8f\xfd\xc3\
\xffb\x01{\x02#\x03t\x03\x8b\x03\x89\x03\x8f\x03\xbd\
\x031\x04\x05\x05L\x06\x13\x08b\x0a5\x0d\x83\x109\
\x14>\x18o\x1c\xa8 \xbc$\x7f(\xc1+U.\x0f\
0\xca0d0\xc5.\xde+\xa8'+\x22v\x1b\xa5\
\x13\xde\x0aP\x017\xf7\xce\xec\x5c\xe2)\xd8}\xce\xa0\
\xc5\xd6\xbd^\xb7m\xb22\xaf\xcc\xadS\xae\xcc\xb02\
\xb5q\xbbg\xc3\xe6\xcc\xb4\xd7\x8e\xe3)\xf03\xfdW\
\x0aA\x17\x9c#\x18/k9TB\x9cI\x18O\xaa\
RAT\xdbS\x83QSMpG\x0b@^7\xab\
-:#U\x18H\x0d\x5c\x02\xda\xf7\x00\xee\x09\xe5%\
\xdd{\xd6%\xd14\xcd\xac\xca\x86\xc9\xb0\xc9\x11\xcb\x86\
\xcd\xe4\xd0\xff\xd4\xa5\xd9\xa4\xde\xcc\xe3\xee\xe8\xe0\xed}\
\xf2\xa9\xf6M\xfa\x5c\xfd\xd1\xff\xad\x01\xfe\x02\xd4\x03F\
\x04q\x04r\x04l\x04}\x04\xc4\x04\x5c\x05[\x06\xd1\
\x07\xc6\x09=\x0c/\x0f\x8d\x12A\x16.\x1a1\x1e\x22\
\x22\xd5%\x1d)\xce+\xbd-\xc1.\xbb.\x8d-'\
+\x80'\x98\x22|\x1cC\x15\x0d\x0d\x07\x04f\xfab\
\xf0>\xe6?\xdc\xac\xd2\xca\xc9\xde\xc1&\xbb\xdb\xb5+\
\xb2;\xb0$\xb0\xf2\xb1\xa3\xb5)\xbbh\xc26\xcb_\
\xd5\xa4\xe0\xbf\xeca\xf98\x06\xf1\x12;\x1f\xc3*A\
5q>\x19F\x0bL&PTR\x8eR\xdbPO\
M\x0bH;A\x159\xd7/\xc7%+\x1bO\x10|\
\x05\xfa\xfa\x08\xf1\xe4\xe7\xbf\xdf\xc4\xd8\x11\xd3\xba\xce\xc7\
\xcb6\xca\xf8\xc9\xf8\xca\x15\xcd)\xd0\x09\xd4\x84\xd8j\
\xdd\x8a\xe2\xb4\xe7\xbe\xec\x82\xf1\xde\xf5\xbc\xf9\x09\xfd\xbd\
\xff\xd8\x01b\x03i\x04\x01\x05E\x05R\x05F\x05B\
\x05e\x05\xc9\x05\x87\x06\xb1\x07S\x09q\x0b\x09\x0e\x10\
\x11t\x14\x1a\x18\xe3\x1b\xaa\x1fG#\x8d&R)k\
+\xb0,\xfe,9,K*)'\xd0\x22H\x1d\xa3\
\x16\xfe\x0e\x80\x06Y\xfd\xbe\xf3\xee\xe9+\xe0\xb9\xd6\xdd\
\xcd\xd9\xc5\xed\xbeR\xb99\xb5\xc9\xb2\x1e\xb2I\xb3L\
\xb6\x1f\xbb\xa9\xc1\xc8\xc9K\xd3\xf9\xdd\x8e\xe9\xc2\xf5D\
\x02\xc5\x0e\xf3\x1a~&\x1c1\x87:\x85B\xe4H\x7f\
M=P\x12Q\x00P\x16MpH7B\x9a:\xd6\
1,(\xe1\x1d>\x13\x8c\x08\x12\xfe\x12\xf4\xc8\xeak\
\xe2%\xdb\x1a\xd5a\xd0\x07\xcd\x0b\xcbe\xca\x01\xcb\xc4\
\xcc\x89\xcf(\xd3r\xd78\xdcI\xe1u\xe6\x91\xebt\
\xf0\xfc\xf4\x0f\xf9\x97\xfc\x8a\xff\xe3\x01\xa7\x03\xe2\x04\xa5\
\x05\x08\x06%\x06\x1c\x06\x0a\x06\x0f\x06G\x06\xcb\x06\xb0\
\x07\x04\x09\xce\x0a\x10\x0d\xc1\x0f\xd4\x121\x16\xbd\x19V\
\x1d\xd6 \x13$\xe3&\x1d)\x98*2+\xcb*M\
)\xa9&\xd7\x22\xde\x1d\xc9\x17\xb3\x10\xbc\x08\x10\x00\xe2\
\xf6l\xed\xeb\xe3\xa3\xda\xd5\xd1\xc4\xc9\xaf\xc2\xd0\xbcX\
\xb8r\xb5=\xb4\xcd\xb4*\xb7O\xbb)\xc1\x9a\xc8w\
\xd1\x8b\xdb\x98\xe6X\xf2\x80\xfe\xbf\x0a\xc8\x16K\x22\xfe\
,\x9b6\xe4>\xa7E\xbaJ\x00NiO\xf4N\xa9\
L\xa1H\xfeB\xee;\xa83i*u \x13\x16\x8a\
\x0b \x01\x19\xf7\xb2\xed#\xe5\x9b\xdd>\xd7(\xd2h\
\xce\x03\xcc\xf5\xca-\xcb\x92\xcc\x05\xcf^\xd2r\xd6\x11\
\xdb\x0c\xe03\xe5Z\xeaW\xef\x05\xf4H\xf8\x09\xfc8\
\xff\xce\x01\xce\x03?\x050\x06\xb6\x06\xea\x06\xe9\x06\xd0\
\x06\xbf\x06\xd3\x06%\x07\xcb\x07\xd7\x08R\x0aA\x0c\x9e\
\x0e`\x11t\x14\xc1\x17'\x1b\x84\x1e\xb0!\x84$\xd6\
&\x7f(Z)I)1(\x02&\xb1\x22@\x1e\xb7\
\x18,\x12\xbb\x0a\x8c\x02\xce\xf9\xb5\xf0}\xe7f\xde\xb0\
\xd5\x9c\xcdh\xc6O\xc0\x83\xbb2\xb8}\xb6{\xb69\
\xb8\xb6\xbb\xe4\xc0\xaa\xc7\xe2\xcf\x5c\xd9\xdd\xe3%\xef\xea\
\xfa\xe0\x06\xbc\x12-\x1e\xeb(\xaf2;;WB\xd9\
G\x9fK\x97M\xb9M\x0aL\x9eH\x92C\x10=J\
5|,\xe5\x22\xca\x18r\x0e!\x04\x1c\xfa\xa0\xf0\xe7\
\xe7\x22\xe0y\xd9\x0b\xd4\xe9\xcf\x1f\xcd\xa8\xcb{\xcb\x82\
\xcc\x9e\xce\xad\xd1\x84\xd5\xf7\xd9\xd5\xde\xf1\xe3\x1c\xe9-\
\xee\xfc\xf2k\xf7`\xfb\xc9\xfe\x9b\x01\xd7\x03\x7f\x05\xa1\
\x06O\x07\x9e\x07\xac\x07\x93\x07t\x07j\x07\x90\x07\xff\
\x07\xc8\x08\xf9\x09\x99\x0b\xa6\x0d\x18\x10\xe2\x12\xec\x15\x1d\
\x19R\x1ch\x1f7\x22\x99$f&z'\xb5'\xfb\
&8%a\x22r\x1ep\x19m\x13\x81\x0c\xcf\x04\x82\
\xfc\xca\xf3\xe1\xea\x02\xe2k\xd9]\xd1\x15\xca\xcc\xc3\xb7\
\xbe\x05\xbb\xd9\xb8O\xb8v\xb9Q\xbc\xd9\xc0\xf6\xc6\x8a\
\xcei\xd7]\xe1(\xec\x85\xf7,\x03\xd1\x0e(\x1a\xe7\
$\xc8.\x8b7\xf8>\xdfD\x1fI\x9eKQL;\
KhH\xf3C\x00>\xbe6d.0%c\x1bB\
\x11\x12\x07\x16\xfd\x8e\xf3\xb3\xea\xb9\xe2\xca\xdb\x08\xd6\x8a\
\xd1[\xce\x7f\xcc\xec\xcb\x92\xccV\xce\x16\xd1\xac\xd4\xec\
\xd8\xa9\xdd\xb2\xe2\xdb\xe7\xf9\xec\xe3\xf1y\xf6\x9e\xfa>\
\xfeK\x01\xc2\x03\xa3\x05\xf8\x06\xd0\x07@\x08b\x08P\
\x08)\x08\x08\x08\x0a\x08H\x08\xd5\x08\xc1\x09\x16\x0b\xd5\
\x0c\xfa\x0ey\x11A\x148\x17A\x1a;\x1d\x00 j\
\x22S$\x96%\x14&\xae%P$\xea!w\x1e\xf7\
\x19x\x14\x0f\x0e\xd9\x06\xfe\xfe\xab\xf6\x15\xeet\xe5\x05\
\xdd\x05\xd5\xb1\xcdC\xc7\xf0\xc1\xe7\xbdO\xbbE\xba\xdd\
\xba\x1e\xbd\x03\xc1}\xc6o\xcd\xb3\xd5\x17\xdfb\xe9R\
\xf4\xa3\xff\x0a\x0b>\x16\xf5 \xea*\xda3\x8d;\xd2\
A\x81F\x81I\xc0J=J\x01H!D\xbe>\x01\
8 0S'\xda\x1d\xf7\x13\xf0\x09\x05\x00y\xf6\x84\
\xed\x5c\xe5.\xde\x1e\xd8G\xd3\xb8\xcfw\xcd\x80\xcc\xc4\
\xcc-\xce\x9b\xd0\xec\xd3\xf4\xd7\x88\xdcy\xe1\x99\xe6\xbd\
\xeb\xbd\xf0t\xf5\xc5\xf9\x99\xfd\xdf\x00\x90\x03\xaa\x054\
\x07:\x08\xcf\x08\x0a\x09\x04\x09\xdb\x08\xab\x08\x90\x08\xa3\
\x08\xfa\x08\xa7\x09\xb5\x0a*\x0c\x03\x0e9\x10\xbd\x12y\
\x15S\x18+\x1b\xdf\x1dI F\x22\xb1#i$O\
$M#Q!R\x1eO\x1aP\x15f\x0f\xac\x08C\
\x01X\xf9\x18\xf1\xbb\xe8{\xe0\x92\xd8<\xd1\xb2\xca*\
\xc5\xd5\xc0\xda\xbdZ\xbck\xbc\x18\xbeb\xc1;\xc6\x8e\
\xcc7\xd4\x0b\xdd\xd3\xe6S\xf1G\xfci\x07r\x12\x18\
\x1d\x16'*0\x1a8\xb3>\xcaCBG\x08I\x14\
IkG\x1eDJ?\x159\xaf1M). \x91\
\x16\xb9\x0c\xe7\x02^\xf9V\xf0\x08\xe8\xa2\xe0J\xda\x1f\
\xd53\xd1\x90\xce5\xcd\x17\xcd#\xce=\xd0D\xd3\x0f\
\xd7u\xdbG\xe0Y\xe5~\xea\x8d\xef`\xf4\xd9\xf8\xdc\
\xfcX\x00A\x03\x95\x05U\x07\x8b\x08H\x09\xa1\x09\xad\
\x09\x89\x09P\x09\x1e\x09\x0d\x095\x09\xa8\x09u\x0a\xa3\
\x0b3\x0d!\x0fa\x11\xe0\x13\x87\x169\x19\xd6\x1b;\
\x1eD \xce!\xb7\x22\xe1\x223\x22\x99 \x08\x1e{\
\x1a\xf7\x15\x8a\x10I\x0aT\x03\xd1\xfb\xeb\xf3\xd7\xeb\xcb\
\xe3\x00\xdc\xb0\xd4\x15\xceb\xc8\xca\xc3v\xc0\x89\xbe\x1b\
\xbe=\xbf\xf0\xc1/\xc6\xe5\xcb\xf6\xd28\xdb|\xe4\x87\
\xee\x1a\xf9\xf0\x03\xc6\x0eR\x19Q#\x80,\xa34\x86\
;\xfd@\xe6D+G\xc1G\xa7F\xecC\xa7?\xfa\
9\x103\x1e+]\x22\x0c\x19j\x0f\xb9\x05:\xfc(\
\xf3\xba\xea#\xe3\x8a\xdc\x0f\xd7\xcb\xd2\xc9\xcf\x0b\xce\x8b\
\xcd9\xce\xfd\xcf\xb6\xd2@\xd6r\xda \xdf\x1d\xe4<\
\xe9T\xee?\xf3\xd9\xf7\x09\xfc\xb8\xff\xd8\x02d\x05Z\
\x07\xc3\x08\xac\x09&\x0aJ\x0a0\x0a\xf4\x09\xb2\x09\x84\
\x09\x82\x09\xc2\x09R\x0a=\x0b\x87\x0c.\x0e*\x10l\
\x12\xdd\x14f\x17\xe7\x19@\x1cO\x1e\xf0\x1f\x02!g\
!\x04!\xc5\x1f\x9a\x1d~\x1ap\x16|\x11\xb3\x0b0\
\x05\x16\xfe\x8e\xf6\xc6\xee\xf5\xe6O\xdf\x0e\xd8h\xd1\x94\
\xcb\xc3\xc6\x1f\xc3\xce\xc0\xeb\xbf\x88\xc0\xad\xc2U\xc6s\
\xcb\xec\xd1\x9e\xd9[\xe2\xee\xeb\x1b\xf6\xa0\x00;\x0b\xa6\
\x15\x9d\x1f\xdd(+1O8\x1d>pB-EF\
F\xb8E\x8bC\xd3?\xae:D4\xc5,g$f\
\x1b\x01\x12x\x08\x0c\xff\xf6\xf5q\xed\xae\xe5\xda\xde\x17\
\xd9~\xd4\x1f\xd1\x01\xcf \xcep\xce\xda\xcfC\xd2\x88\
\xd5\x82\xd9\x06\xde\xe8\xe2\xfc\xe7\x17\xed\x12\xf2\xcb\xf6\x22\
\xfb\x01\xffU\x02\x18\x05F\x07\xe2\x08\xf8\x09\x98\x0a\xd7\
\x0a\xcd\x0a\x95\x0aI\x0a\x04\x0a\xdf\x09\xf0\x09I\x0a\xf6\
\x0a\xfd\x0b`\x0d\x19\x0f\x1c\x11W\x13\xb2\x15\x13\x18[\
\x1ah\x1c\x19\x1eM\x1f\xe5\x1f\xc6\x1f\xd9\x1e\x0e\x1d[\
\x1a\xbe\x16?\x12\xeb\x0c\xd9\x06(\x00\x00\xf9\x89\xf1\xf6\
\xe9|\xe2Q\xdb\xaa\xd4\xbd\xce\xbc\xc9\xd3\xc5'\xc3\xd7\
\xc1\xf7\xc1\x93\xc3\xab\xc64\xcb\x19\xd1;\xd8q\xe0\x8a\
\xe9M\xf3|\xfd\xd5\x07\x17\x12\xfd\x1bE%\xb4-\x11\
5.;\xe1?\x10C\xa7D\xa0D\xfeB\xd2?5\
;K5A.J&\x9f\x1d}\x14\x22\x0b\xce\x01\xbd\
\xf8(\xf0B\xe89\xe12\xdbI\xd6\x92\xd2\x16\xd0\xd5\
\xce\xc6\xce\xd6\xcf\xed\xd1\xe9\xd4\xa6\xd8\xfb\xdc\xbc\xe1\xbe\
\xe6\xd7\xeb\xde\xf0\xae\xf5)\xfa3\xfe\xba\x01\xb3\x04\x17\
\x07\xe8\x08.\x0a\xf6\x0aU\x0b`\x0b0\x0b\xe0\x0a\x8a\
\x0aH\x0a1\x0aX\x0a\xcb\x0a\x94\x0b\xb5\x0c,\x0e\xf1\
\x0f\xf3\x11\x1f\x14\x5c\x16\x8c\x18\x92\x1aL\x1c\x9a\x1d]\
\x1ez\x1e\xd8\x1de\x1c\x15\x1a\xe4\x16\xd5\x12\xf3\x0dP\
\x08\x0a\x02A\xfb\x1e\xf4\xcf\xec\x86\xe5x\xde\xd8\xd7\xdb\
\xd1\xb3\xcc\x8d\xc8\x8f\xc5\xdb\xc3\x87\xc3\xa1\xc4.\xc7'\
\xcb{\xd0\x0f\xd7\xbd\xdeZ\xe7\xaf\xf0\x83\xfa\x95\x04\xa6\
\x0es\x18\xbc!C*\xd0128?=\xd7@\xe6\
B`CFB\xa3?\x8d;$6\x91/\x04(\xb4\
\x1f\xdb\x16\xb5\x0d\x81\x04|\xfb\xdd\xf2\xdb\xea\xa4\xe3_\
\xdd,\xd8!\xd4J\xd1\xaa\xcf<\xcf\xf1\xcf\xb3\xd1c\
\xd4\xdf\xd7\x00\xdc\x9b\xe0\x87\xe5\x97\xea\xa3\xef\x87\xf4 \
\xf9R\xfd\x08\x014\x04\xce\x06\xd4\x08K\x0a?\x0b\xc1\
\x0b\xe5\x0b\xc3\x0bt\x0b\x14\x0b\xbc\x0a\x82\x0a|\x0a\xba\
\x0aH\x0b*\x0cb\x0d\xe8\x0e\xb1\x10\xac\x12\xc1\x14\xd6\
\x16\xcf\x18\x8c\x1a\xed\x1b\xd4\x1c$\x1d\xc5\x1c\xa3\x1b\xb0\
\x19\xe5\x16A\x13\xcd\x0e\x98\x09\xbb\x03T\xfd\x86\xf6\x7f\
\xefl\xe8\x81\xe1\xef\xda\xea\xd4\xa4\xcfJ\xcb\x04\xc8\xf3\
\xc53\xc5\xd3\xc5\xdb\xc7I\xcb\x0f\xd0\x16\xd6>\xdd]\
\xe5B\xee\xb6\xf7|\x01V\x0b\x03\x15C\x1e\xda&\x8e\
.,5\x8b:\x86>\x06A\xfcAeAH?\xb8\
;\xd06\xb60\x97)\xa5!\x19\x19.\x10!\x07/\
\xfe\x8e\xf5w\xed\x18\xe6\x9c\xdf#\xda\xc8\xd5\x99\xd2\x9d\
\xd0\xd2\xcf+\xd0\x96\xd1\xf8\xd3/\xd7\x18\xdb\x88\xdfW\
\xe4Y\xe9f\xeeV\xf3\x09\xf8_\xfcA\x00\x9f\x03m\
\x06\xa7\x08Q\x0ar\x0b\x1a\x0c[\x0cL\x0c\x05\x0c\xa0\
\x0b6\x0b\xe0\x0a\xb3\x0a\xc1\x0a\x17\x0b\xbe\x0b\xb8\x0c\x02\
\x0e\x91\x0fX\x11C\x13:\x15 \x17\xda\x18G\x1aJ\
\x1b\xc7\x1b\xa4\x1b\xcc\x1a/\x19\xc3\x16\x86\x13|\x0f\xb3\
\x0a=\x057\xff\xc2\xf8\x05\xf2-\xebj\xe4\xed\xdd\xe9\
\xd7\x8d\xd2\x07\xce\x81\xca\x1d\xc8\xf8\xc6&\xc7\xb0\xc8\x97\
\xcb\xd3\xcfQ\xd5\xf3\xdb\x94\xe3\x06\xec\x17\xf5\x8c\xfe(\
\x08\xad\x11\xdd\x1a{#N+!2\xc87\x1f<\x09\
?u@]@\xc3>\xb7;P7\xb01\x00+p\
#7\x1b\x8d\x12\xad\x09\xd3\x008\xf8\x12\xf0\x93\xe8\xe5\
\xe1-\xdc\x86\xd7\x03\xd4\xad\xd1\x86\xd0\x84\xd0\x97\xd1\xa8\
\xd3\x98\xd6C\xda\x84\xde1\xe3\x1f\xe8'\xed \xf2\xe7\
\xf6\x5c\xfbg\xff\xf3\x02\xf3\x05b\x08>\x0a\x8f\x0b`\
\x0c\xc2\x0c\xca\x0c\x8f\x0c*\x0c\xb5\x0bH\x0b\xf9\x0a\xdd\
\x0a\x00\x0bo\x0b.\x0c<\x0d\x92\x0e%\x10\xe3\x11\xb7\
\x13\x87\x158\x17\xab\x18\xc4\x19f\x1ax\x1a\xe2\x19\x94\
\x18\x82\x16\xa6\x13\x03\x10\xa1\x0b\x91\x06\xec\x00\xd0\xfaa\
\xf4\xc8\xed3\xe7\xd1\xe0\xd4\xdaj\xd5\xc1\xd0\x04\xcdU\
\xca\xd4\xc8\x96\xc8\xa8\xc9\x10\xcc\xc6\xcf\xbc\xd4\xd9\xda\xfc\
\xe1\xfb\xe9\xa5\xf2\xc4\xfb\x1d\x05u\x0e\x8e\x17+ \x13\
(\x13/\xfb4\xa49\xf2<\xce>0?\x16>\x8b\
;\xa47~2@,\x16%3\x1d\xce\x14\x22\x0cg\
\x03\xd9\xfa\xab\xf2\x12\xeb9\xe4G\xdeZ\xd9\x86\xd5\xda\
\xd2X\xd1\xfb\xd0\xb6\xd1t\xd3\x19\xd6\x85\xd9\x91\xdd\x17\
\xe2\xed\xe6\xe9\xeb\xe5\xf0\xbb\xf5L\xfa{\xfe2\x02d\
\x05\x05\x08\x14\x0a\x95\x0b\x92\x0c\x18\x0d;\x0d\x10\x0d\xb1\
\x0c7\x0c\xb8\x0bM\x0b\x0a\x0b\x00\x0b;\x0b\xc1\x0b\x95\
\x0c\xb3\x0d\x11\x0f\xa1\x10P\x12\x05\x14\xa8\x15\x1b\x17D\
\x18\x04\x19C\x19\xe9\x18\xe4\x17%\x16\xa5\x13c\x10f\
\x0c\xba\x07u\x02\xb3\xfc\x93\xf6<\xf0\xda\xe9\x99\xe3\xaa\
\xdd:\xd8v\xd3\x89\xcf\x98\xcc\xc3\xca!\xca\xc2\xca\xaf\
\xcc\xe4\xcfW\xd4\xf1\xd9\x97\xe0!\xe8b\xf0'\xf98\
\x02\x5c\x0bV\x14\xea\x1c\xe1$\x04,%2\x1a7\xc4\
:\x0b=\xe0=B=6;\xce7\x223V-\x94\
&\x0c\x1f\xf2\x16~\x0e\xe9\x05n\xfd?\xf5\x93\xed\x96\
\xe6o\xe0A\xdb!\xd7!\xd4F\xd2\x8f\xd1\xf2\xd1\x5c\
\xd3\xb5\xd5\xdd\xd8\xb1\xdc\x0b\xe1\xc3\xe5\xaf\xea\xa8\xef\x89\
\xf40\xf9\x7f\xfd_\x01\xbe\x04\x91\x07\xd3\x09\x85\x0b\xae\
\x0c[\x0d\x9d\x0d\x88\x0d3\x0d\xb8\x0c.\x0c\xac\x0bH\
\x0b\x15\x0b\x1f\x0bp\x0b\x0d\x0c\xf3\x0c\x1c\x0e}\x0f\x03\
\x11\x9a\x12+\x14\x99\x15\xcb\x16\xa3\x17\x09\x18\xe4\x17 \
\x17\xae\x15\x84\x13\x9f\x10\x03\x0d\xb9\x08\xd3\x03j\xfe\x9b\
\xf8\x8a\xf2^\xecD\xe6h\xe0\xf9\xda\x22\xd6\x0e\xd2\xe3\
\xce\xc1\xcc\xc3\xcb\xfa\xcbr\xcd+\xd0\x1e\xd49\xd9a\
\xdfv\xe6L\xee\xb4\xf6z\xffc\x087\x11\xbc\x19\xb9\
!\xf9(J/\x834\x828,;q<J<\xba\
:\xce7\x9c3C.\xeb'\xc0 \xf5\x18\xbf\x10W\
\x08\xf4\xff\xcc\xf7\x13\xf0\xf7\xe8\xa3\xe28\xdd\xd1\xd8\x81\
\xd5Q\xd3A\xd2L\xd2a\xd3k\xd5L\xd8\xe5\xdb\x0f\
\xe0\xa3\xe4z\xe9l\xeeR\xf3\x0a\xf8v\xfcz\x00\x05\
\x04\x08\x07{\x09_\x0b\xb6\x0c\x8c\x0d\xef\x0d\xf4\x0d\xae\
\x0d7\x0d\xa6\x0c\x13\x0c\x94\x0b;\x0b\x19\x0b9\x0b\xa0\
\x0bQ\x0cE\x0du\x0e\xd2\x0fH\x11\xc2\x12'\x14\x5c\
\x15F\x16\xcb\x16\xd4\x16K\x16 \x15G\x13\xba\x10{\
\x0d\x90\x09\x07\x05\xf8\xffz\xfa\xb0\xf4\xbf\xee\xd0\xe8\x0e\
\xe3\xa6\xdd\xc4\xd8\x90\xd42\xd1\xcc\xcey\xcdN\xcdW\
\xce\x9a\xd0\x10\xd4\xae\xd8[\xde\xfa\xe4d\xecm\xf4\xe1\
\xfc\x8c\x055\x0e\xa3\x16\x9f\x1e\xf2%m,\xe21/\
669\xe4:/;\x17:\xa57\xec3\x08/\x1b\
)Q\x22\xd8\x1a\xe5\x12\xae\x0aj\x02O\xfa\x90\xf2\x5c\
\xeb\xe0\xe4?\xdf\x95\xda\xf9\xd6u\xd4\x0f\xd3\xc3\xd2\x83\
\xd3<\xd5\xd5\xd7.\xdb$\xdf\x91\xe3M\xe82\xed\x18\
\xf2\xdd\xf6`\xfb\x86\xff9\x03i\x06\x0e\x09\x22\x0b\xa8\
\x0c\xa9\x0d1\x0eR\x0e \x0e\xb2\x0d \x0d\x80\x0c\xea\
\x0br\x0b(\x0b\x19\x0bN\x0b\xcb\x0b\x8c\x0c\x8b\x0d\xbc\
\x0e\x0f\x10o\x11\xc5\x12\xf8\x13\xee\x14\x8d\x15\xbe\x15i\
\x15\x7f\x14\xf0\x12\xb7\x10\xcf\x0d@\x0a\x13\x06[\x010\
\xfc\xb0\xf6\xfc\xf0<\xeb\x9a\xe5?\xe0X\xdb\x0c\xd7\x84\
\xd3\xe1\xd0@\xcf\xb9\xce[\xcf,\xd1+\xd4N\xd8\x82\
\xdd\xac\xe3\xa9\xeaP\xf2q\xfa\xd7\x02P\x0b\xa1\x13\x94\
\x1b\xf4\x22\x90):/\xcd3*7<9\xf49P\
9V7\x144\xa3/$*\xbc#\x9a\x1c\xee\x14\xee\
\x0c\xce\x04\xc6\xfc\x07\xf5\xc2\xed$\xe7R\xe1k\xdc\x86\
\xd8\xb3\xd5\xf9\xd3V\xd3\xc0\xd3(\xd5v\xd7\x8d\xdaK\
\xde\x8c\xe2*\xe7\xfc\xeb\xde\xf0\xaa\xf5@\xfa\x84\xfe[\
\x02\xb7\x05\x8b\x08\xcf\x0a\x85\x0c\xb2\x0da\x0e\xa2\x0e\x88\
\x0e'\x0e\x98\x0d\xf1\x0cI\x0c\xb6\x0bH\x0b\x0f\x0b\x15\
\x0b_\x0b\xee\x0b\xbd\x0c\xc2\x0d\xef\x0e2\x10u\x11\xa2\
\x12\x9e\x13Q\x14\xa2\x14}\x14\xcc\x13\x83\x12\x97\x10\x04\
\x0e\xcc\x0a\xf8\x06\x97\x02\xbf\xfd\x89\xf8\x15\xf3\x88\xed\x0a\
\xe8\xc3\xe2\xdc\xdd\x80\xd9\xd4\xd5\xfc\xd2\x16\xd1:\xd0z\
\xd0\xe0\xd1l\xd4\x19\xd8\xd6\xdc\x8c\xe2\x1c\xe9_\xf0(\
\xf8G\x00\x89\x08\xb7\x10\x9b\x18\x01 \xb6&\x8d,_\
1\x0c5{7\x9b8g8\xe16\x154\x170\x05\
+\x02%9\x1e\xd8\x16\x13\x0f\x1e\x07/\xffv\xf7'\
\xf0m\xe9p\xe3P\xde(\xda\x09\xd7\xfc\xd4\x04\xd4\x1a\
\xd40\xd52\xd7\x04\xda\x87\xdd\x98\xe1\x11\xe6\xcd\xea\xa5\
\xeft\xf4\x19\xf9u\xfdo\x01\xf3\x04\xf4\x07h\x0aM\
\x0c\xa7\x0d\x80\x0e\xe3\x0e\xe3\x0e\x94\x0e\x0d\x0ec\x0d\xaf\
\x0c\x05\x0cx\x0b\x19\x0b\xf3\x0a\x0e\x0bl\x0b\x0a\x0c\xe3\
\x0c\xe8\x0d\x0c\x0f9\x10Z\x11X\x12\x19\x13\x85\x13\x87\
\x13\x0b\x13\x01\x12]\x10\x1a\x0e6\x0b\xb9\x07\xad\x03&\
\xff;\xfa\x0a\xf5\xb3\xef]\xea/\xe5P\xe0\xea\xdb\x22\
\xd8\x1c\xd5\xf7\xd2\xcd\xd1\xb2\xd1\xb2\xd2\xd1\xd4\x0b\xd8T\
\xdc\x98\xe1\xba\xe7\x98\xee\x08\xf6\xdd\xfd\xe3\x05\xe8\x0d\xb6\
\x15\x1a\x1d\xe1#\xde)\xe9.\xde2\xa45'7^\
7I6\xf03d0\xbf+\x22&\xb5\x1f\xa3\x18\x1e\
\x11Y\x09\x87\x01\xdc\xf9\x88\xf2\xb8\xeb\x95\xe5C\xe0\xdb\
\xdbt\xd8\x19\xd6\xce\xd4\x90\xd4T\xd5\x07\xd7\x92\xd9\xd7\
\xdc\xb5\xe0\x06\xe5\xa7\xe9p\xee=\xf3\xeb\xf7\x5c\xfct\
\x00\x1e\x04I\x07\xec\x09\x00\x0c\x88\x0d\x8b\x0e\x13\x0f2\
\x0f\xf8\x0e}\x0e\xd5\x0d\x19\x0d]\x0c\xb6\x0b5\x0b\xe6\
\x0a\xd4\x0a\x03\x0br\x0b\x1e\x0c\xfb\x0c\xfd\x0d\x11\x0f#\
\x10\x1d\x11\xe6\x11h\x12\x8c\x12?\x12n\x11\x0d\x10\x14\
\x0e\x80\x0bV\x08\x9e\x04g\x00\xc9\xfb\xdb\xf6\xbd\xf1\x93\
\xec\x82\xe7\xb1\xe2F\xdei\xda<\xd7\xe1\xd4p\xd3\x01\
\xd3\xa1\xd3W\xd5#\xd8\xfb\xdb\xce\xe0\x83\xe6\xfc\xec\x11\
\xf4\x97\xfb]\x034\x0b\xe7\x12B\x1a\x15!0'l\
,\xa30\xb93\x99576\x8f5\xa63\x8b0S\
,\x1d'\x0d!N\x1a\x0d\x13|\x0b\xce\x036\xfc\xe3\
\xf4\x03\xee\xc1\xe7A\xe2\x9f\xdd\xf4\xd9M\xd7\xb1\xd5!\
\xd5\x93\xd5\xf7\xd6:\xd9>\xdc\xe4\xdf\x0a\xe4\x8a\xe8@\
\xed\x06\xf2\xba\xf6;\xfbn\xff9\x03\x8d\x06\x5c\x09\x9f\
\x0bU\x0d\x84\x0e3\x0fr\x0fQ\x0f\xe6\x0eE\x0e\x86\
\x0d\xbd\x0c\x00\x0c`\x0b\xed\x0a\xb1\x0a\xb2\x0a\xf4\x0as\
\x0b'\x0c\x05\x0d\xfd\x0d\xfd\x0e\xee\x0f\xbb\x10M\x11\x8e\
\x11h\x11\xcb\x10\xa8\x0f\xf5\x0d\xad\x0b\xd2\x08k\x05\x84\
\x011\xfd\x88\xf8\xa5\xf3\xab\xee\xbb\xe9\xfd\xe4\x95\xe0\xa9\
\xdc\x5c\xd9\xd0\xd6 \xd5c\xd4\xa9\xd4\xfc\xd5^\xd8\xc8\
\xdb-\xe0w\xe5\x8a\xebA\xf2v\xf9\xf9\x00\x9d\x08/\
\x10{\x17R\x1e\x86$\xeb)\x5c.\xbd1\xf43\xf3\
4\xb4493\x8d0\xc2,\xf3'C\x22\xd8\x1b\xdf\
\x14\x87\x0d\x02\x06\x82\xfe5\xf7L\xf0\xf1\xe9H\xe4q\
\xdf\x86\xdb\x96\xd8\xad\xd6\xcb\xd5\xec\xd5\x02\xd7\xfa\xd8\xbb\
\xdb'\xdf\x1d\xe3y\xe7\x17\xec\xd2\xf0\x87\xf5\x14\xfa]\
\xfeG\x02\xc1\x05\xba\x08*\x0b\x0f\x0di\x0eA\x0f\xa3\
\x0f\x9f\x0fG\x0f\xb1\x0e\xf2\x0d!\x0dS\x0c\x99\x0b\x04\
\x0b\xa2\x0ay\x0a\x8e\x0a\xe1\x0al\x0b%\x0c\xff\x0c\xe8\
\x0d\xce\x0e\x9a\x0f7\x10\x8e\x10\x8b\x10\x1c\x101\x0f\xbe\
\x0d\xbe\x0b0\x09\x17\x06~\x02v\xfe\x11\xfal\xf5\xa4\
\xf0\xda\xeb3\xe7\xd3\xe2\xde\xdey\xdb\xc3\xd8\xda\xd6\xd6\
\xd5\xc9\xd5\xbe\xd6\xba\xd8\xbb\xdb\xb4\xdf\x94\xe4A\xea\x9a\
\xf0|\xf7\xb9\xfe%\x06\x8f\x0d\xc7\x14\x9d\x1b\xe0!h\
'\x0e,\xb2/:2\x963\xbc3\xab2j0\x0b\
-\xa4(T#@\x1d\x92\x16x\x0f \x08\xbd\x00~\
\xf9\x91\xf2\x22\xecV\xe6P\xe1)\xdd\xf5\xd9\xc0\xd7\x90\
\xd6`\xd6'\xd7\xd3\xd8O\xdb~\xdeA\xe2v\xe6\xf8\
\xea\xa2\xefS\xf4\xe8\xf8C\xfdH\x01\xe5\x04\x06\x08\xa3\
\x0a\xb4\x0c;\x0e=\x0f\xc4\x0f\xdf\x0f\x9f\x0f\x17\x0f^\
\x0e\x89\x0d\xad\x0c\xdd\x0b+\x0b\xa5\x0aU\x0a@\x0ag\
\x0a\xc9\x0a\x5c\x0b\x16\x0c\xe7\x0c\xbd\x0d\x84\x0e'\x0f\x8f\
\x0f\xaa\x0fc\x0f\xaa\x0es\x0d\xb6\x0bp\x09\xa3\x06V\
\x03\x98\xffy\xfb\x11\xf7~\xf2\xdd\xedR\xe9\xff\xe4\x07\
\xe1\x8f\xdd\xb7\xda\x9c\xd8W\xd7\xfc\xd6\x9a\xd76\xd9\xd0\
\xdb`\xdf\xd8\xe3 \xe9\x1b\xef\xa7\xf5\x9b\xfc\xcb\x03\x0b\
\x0b(\x12\xf5\x18C\x1f\xe7$\xba)\x9b-o0!\
2\xa72\xfc1&00-0)B$\x87\x1e'\
\x18M\x11(\x0a\xe7\x02\xbb\xfb\xd0\xf4S\xeej\xe89\
\xe3\xdb\xdef\xdb\xea\xd8l\xd7\xed\xd6e\xd7\xc6\xd8\xfb\
\xda\xeb\xddx\xe1\x81\xe5\xe2\xe9y\xee!\xf3\xb9\xf7\x22\
\xfc?\x00\xfb\x03C\x07\x09\x0aG\x0c\xfb\x0d(\x0f\xd5\
\x0f\x11\x10\xeb\x0fv\x0f\xc6\x0e\xf1\x0d\x0c\x0d+\x0c`\
\x0b\xba\x0aD\x0a\x07\x0a\x05\x0a=\x0a\xaa\x0aC\x0b\xf9\
\x0b\xbc\x0cz\x0d\x1e\x0e\x93\x0e\xc5\x0e\xa1\x0e\x16\x0e\x16\
\x0d\x98\x0b\x96\x09\x11\x07\x0d\x04\x97\x00\xbe\xfc\x96\xf89\
\xf4\xc5\xefY\xeb\x17\xe7#\xe3\x9e\xdf\xa9\xdcb\xda\xe3\
\xd8B\xd8\x8d\xd8\xcd\xd9\x06\xdc1\xdfB\xe3&\xe8\xc3\
\xed\xf8\xf3\xa1\xfa\x92\x01\xa1\x08\x9f\x0f^\x16\xb0\x1ci\
\x22c'z+\x93.\x970x101\xc0/3\
-\x99)\x0d%\xac\x1f\x9c\x19\x07\x13\x18\x0c\xff\x04\xeb\
\xfd\x07\xf7\x81\xf0\x81\xea*\xe5\x9a\xe0\xe9\xdc(\xda`\
\xd8\x94\xd7\xbe\xd7\xd2\xd8\xc0\xdao\xdd\xc3\xe0\x9c\xe4\xd9\
\xe8W\xed\xf2\xf1\x89\xf6\xfc\xfa-\xff\x05\x03p\x06_\
\x09\xc8\x0b\xa8\x0d\x00\x0f\xd6\x0f5\x10,\x10\xcc\x0f*\
\x0fY\x0eo\x0d\x81\x0c\xa0\x0b\xdd\x0aF\x0a\xe3\x09\xb9\
\x09\xc9\x09\x0f\x0a\x85\x0a\x1e\x0b\xcc\x0b}\x0c\x1e\x0d\x9b\
\x0d\xe0\x0d\xda\x0dw\x0d\xa9\x0cd\x0b\xa3\x09b\x07\xa6\
\x04w\x01\xe2\xfd\xfa\xf9\xd5\xf5\x8f\xf1G\xed\x1b\xe9/\
\xe5\xa3\xe1\x98\xde,\xdcy\xda\x96\xd9\x95\xd9\x7f\xdaZ\
\xdc#\xdf\xd1\xe2S\xe7\x91\xeco\xf2\xca\xf8z\xffT\
\x06.\x0d\xd9\x13(\x1a\xf1\x1f\x0b%R)\xaa,\xfa\
.10G0;/\x14-\xdf)\xb4%\xaf \xf2\
\x1a\xa4\x14\xf0\x0d\x02\x07\x09\x004\xf9\xab\xf2\x99\xec!\
\xe7d\xe2{\xdey\xdbj\xd9R\xd8/\xd8\xf8\xd8\x9d\
\xda\x09\xdd!\xe0\xc8\xe3\xde\xe7?\xec\xc9\xf0Z\xf5\xd2\
\xf9\x14\xfe\x04\x02\x8f\x05\xa4\x087\x0bB\x0d\xc6\x0e\xc5\
\x0fI\x10`\x10\x19\x10\x87\x0f\xbe\x0e\xd4\x0d\xdc\x0c\xea\
\x0b\x0f\x0bX\x0a\xd1\x09\x81\x09j\x09\x8b\x09\xdd\x09X\
\x0a\xee\x0a\x8f\x0b)\x0c\xaa\x0c\xfd\x0c\x0f\x0d\xcf\x0c.\
\x0c\x1e\x0b\x99\x09\x9a\x07\x22\x057\x02\xe7\xfe>\xfbR\
\xf7=\xf3\x1b\xef\x0a\xeb*\xe7\x9d\xe3\x81\xe0\xf5\xdd\x15\
\xdc\xf8\xda\xaf\xdaI\xdb\xcb\xdc6\xdf\x83\xe2\xa4\xe6\x85\
\xeb\x0b\xf1\x16\xf7\x82\xfd$\x04\xd5\x0ag\x11\xaf\x17\x80\
\x1d\xb4\x22%'\xb6*L-\xd4.E/\x98.\xd4\
,\x04*:&\x90!'\x1c#\x16\xad\x0f\xf0\x08\x18\
\x02U\xfb\xce\xf4\xaf\xee\x1d\xe98\xe4\x1b\xe0\xdc\xdc\x89\
\xda(\xd9\xb9\xd86\xd9\x92\xda\xba\xdc\x95\xdf\x07\xe3\xf1\
\xe61\xeb\xa6\xef.\xf4\xa7\xf8\xf5\xfc\xfa\x00\xa2\x04\xda\
\x07\x96\x0a\xcc\x0cz\x0e\xa3\x0fN\x10\x86\x10Z\x10\xdc\
\x0f \x0f8\x0e;\x0d<\x0cK\x0by\x0a\xd2\x09^\
\x09!\x09\x1c\x09J\x09\xa5\x09!\x0a\xb0\x0a@\x0b\xc0\
\x0b\x1c\x0cC\x0c!\x0c\xa7\x0b\xc8\x0az\x09\xb9\x07\x82\
\x05\xdb\x02\xcc\xffb\xfc\xb1\xf8\xcf\xf4\xd5\xf0\xe2\xec\x13\
\xe9\x89\xe5c\xe2\xbe\xdf\xb6\xddc\xdc\xda\xdb(\xdcV\
\xddg\xdfW\xe2\x19\xe6\x9d\xea\xcb\xef\x86\xf5\xab\xfb\x13\
\x02\x97\x08\x0b\x0fE\x15\x19\x1b` \xf6$\xb9(\x8f\
+d-).\xd9-v,\x07*\x9d&P\x22=\
\x1d\x85\x17O\x11\xc6\x0a\x15\x04h\xfd\xea\xf6\xc3\xf0\x1b\
\xeb\x13\xe6\xc7\xe1O\xde\xbb\xdb\x13\xdaZ\xd9\x8d\xd9\xa0\
\xda\x82\xdc\x1e\xdfX\xe2\x14\xe60\xea\x8c\xee\x06\xf3|\
\xf7\xd1\xfb\xe9\xff\xaa\x03\x03\x07\xe4\x09D\x0c\x1d\x0ep\
\x0fB\x10\x9e\x10\x90\x10)\x10{\x0f\x9b\x0e\x9d\x0d\x93\
\x0c\x92\x0b\xa7\x0a\xe2\x09L\x09\xeb\x08\xc1\x08\xcd\x08\x07\
\x09g\x09\xe1\x09d\x0a\xdf\x0aA\x0bv\x0bn\x0b\x17\
\x0bc\x0aI\x09\xc1\x07\xc9\x05b\x03\x93\x00i\xfd\xf2\
\xf9C\xf6u\xf2\xa3\xee\xe9\xeag\xe7;\xe4\x82\xe1Y\
\xdf\xd7\xdd\x12\xdd\x1a\xdd\xfa\xdd\xb5\xdfJ\xe2\xb0\xe5\xd9\
\xe9\xb0\xee\x19\xf4\xf5\xf9 \x00s\x06\xc5\x0c\xec\x12\xbd\
\x18\x12\x1e\xc5\x22\xb5&\xc6)\xe1+\xf7,\x00-\xfa\
+\xeb)\xe0&\xef\x222\x1e\xc8\x18\xd6\x12\x85\x0c\xfe\
\x05m\xff\xfb\xf8\xd2\xf2\x1a\xed\xf3\xe7~\xe3\xd1\xdf\xff\
\xdc\x13\xdb\x13\xda\xfc\xd9\xc5\xdab\xdc\xbd\xde\xbd\xe1H\
\xe5=\xe9|\xed\xe3\xf1S\xf6\xac\xfa\xd1\xfe\xa9\x02 \
\x06%\x09\xac\x0b\xae\x0d+\x0f&\x10\xa7\x10\xb9\x10l\
\x10\xd1\x0f\xfb\x0e\xff\x0d\xef\x0c\xe0\x0b\xe1\x0a\x02\x0aL\
\x09\xc9\x08{\x08c\x08}\x08\xc0\x08\x22\x09\x95\x09\x08\
\x0ak\x0a\xac\x0a\xb8\x0a\x7f\x0a\xf3\x09\x08\x09\xb6\x07\xf8\
\x05\xce\x03>\x01R\xfe\x15\xfb\x9b\xf7\xfa\xf3L\xf0\xab\
\xec5\xe9\x08\xe6A\xe3\xfb\xe0Q\xdfV\xde\x1e\xde\xb3\
\xde\x1c\xe0[\xe2h\xe57\xe9\xb7\xed\xcf\xf2a\xf8L\
\xfek\x04\x96\x0a\xa5\x10o\x16\xcc\x1b\x97 \xad$\xf3\
'O*\xb1+\x0e,b+\xb0)\x03'n#\x07\
\x1f\xed\x19A\x14+\x0e\xd1\x07`\x01\x00\xfb\xdb\xf4\x17\
\xef\xd8\xe9<\xe5_\xe1S\xde&\xdc\xe0\xda\x81\xda\x03\
\xdbY\xdcr\xde7\xe1\x8d\xe4X\xe8v\xec\xc8\xf0-\
\xf5\x85\xf9\xb5\xfd\x9f\x011\x05W\x08\x04\x0b/\x0d\xd6\
\x0e\xfa\x0f\xa0\x10\xd4\x10\xa3\x10\x1e\x10V\x0f`\x0eN\
\x0d5\x0c%\x0b.\x0a\x5c\x09\xb8\x08H\x08\x0d\x08\x06\
\x08+\x08t\x08\xd5\x08=\x09\x9d\x09\xe4\x09\x01\x0a\xe2\
\x09x\x09\xb8\x08\x97\x07\x11\x06\x22\x04\xcf\x01\x1f\xff\x1c\
\xfc\xd7\xf8e\xf5\xdc\xf1X\xee\xf2\xea\xc9\xe7\xf9\xe4\x9c\
\xe2\xce\xe0\xa4\xdf0\xdf\x80\xdf\x9c\xe0\x87\xe2>\xe5\xb6\
\xe8\xe0\xec\xa6\xf1\xee\xf6\x97\xfc\x7f\x02\x80\x08s\x0e0\
\x14\x8f\x19l\x1e\xa3\x22\x18&\xb0(Y*\x05+\xaf\
*X)\x07'\xcd#\xbd\x1f\xf3\x1a\x90\x15\xb7\x0f\x8f\
\x09B\x03\xf9\xfc\xdb\xf6\x11\xf1\xbd\xeb\x01\xe7\xf8\xe2\xb6\
\xdfL\xdd\xc3\xdb\x1d\xdbX\xdbh\xdc>\xde\xc5\xe0\xe6\
\xe3\x83\xe7}\xeb\xb5\xef\x0c\xf4`\xf8\x95\xfc\x8f\x009\
\x04~\x07N\x0a\xa1\x0cq\x0e\xbd\x0f\x8b\x10\xe2\x10\xcf\
\x10b\x10\xab\x0f\xbe\x0e\xae\x0d\x8e\x0cp\x0be\x0ay\
\x09\xb7\x08'\x08\xcb\x07\xa2\x07\xa9\x07\xd8\x07#\x08~\
\x08\xd8\x08\x22\x09J\x09A\x09\xf5\x08\x5c\x08i\x07\x16\
\x06_\x04F\x02\xd0\xff\x07\xfd\xf8\xf9\xb5\xf6U\xf3\xee\
\xef\x9d\xec|\xe9\xa7\xe6:\xe4M\xe2\xf8\xe0N\xe0^\
\xe02\xe1\xce\xe22\xe5U\xe8*\xec\x9f\xf0\x9b\xf5\x01\
\xfb\xaf\x00\x83\x06V\x0c\x01\x12]\x17F\x1c\x99 7\
$\x06'\xf0(\xe8)\xe4)\xe4(\xee&\x0c$S\
 \xdb\x1b\xc2\x16)\x116\x0b\x11\x05\xe3\xfe\xd2\xf8\x06\
\xf3\xa3\xed\xcb\xe8\x9a\xe4'\xe1\x82\xde\xb9\xdc\xcf\xdb\xc3\
\xdb\x8d\xdc \xdei\xe0Q\xe3\xbe\xe6\x92\xea\xad\xee\xf1\
\xf2=\xf7u\xfb{\xff8\x03\x99\x06\x8b\x09\x03\x0c\xfb\
\x0dp\x0fe\x10\xe1\x10\xef\x10\x9c\x10\xf9\x0f\x19\x0f\x0e\
\x0e\xeb\x0c\xc3\x0b\xa6\x0a\xa3\x09\xc6\x08\x17\x08\x9a\x07Q\
\x079\x07M\x07\x81\x07\xcc\x07\x1d\x08f\x08\x96\x08\x9e\
\x08l\x08\xf5\x07+\x07\x08\x06\x86\x04\xa5\x02g\x00\xd7\
\xfd\xfd\xfa\xeb\xf7\xb4\xf4o\xf15\xee \xebK\xe8\xd1\
\xe5\xcc\xe3Q\xe2w\xe1L\xe1\xdc\xe1-\xe3A\xe5\x11\
\xe8\x94\xeb\xb9\xefi\xf4\x8b\xf9\xfe\xfe\xa0\x04O\x0a\xe3\
\x0f8\x15(\x1a\x90\x1eR\x22R%y'\xb7(\x02\
)W(\xb7&.$\xcb \xa5\x1c\xd6\x17\x80\x12\xc5\
\x0c\xcc\x06\xbb\x00\xbd\xfa\xf4\xf4\x88\xef\x98\xeaD\xe6\xa3\
\xe2\xc8\xdf\xc1\xdd\x95\xdcD\xdc\xc9\xdc\x19\xde#\xe0\xd1\
\xe2\x0b\xe6\xb5\xe9\xb0\xed\xdd\xf1\x1e\xf6T\xfac\xfe1\
\x02\xaa\x05\xbb\x08X\x0bv\x0d\x14\x0f0\x10\xd2\x10\x01\
\x11\xcb\x10?\x10n\x0fk\x0eI\x0d\x1a\x0c\xf0\x0a\xd9\
\x09\xe3\x08\x17\x08{\x07\x12\x07\xdb\x06\xd2\x06\xef\x06'\
\x07m\x07\xb2\x07\xe6\x07\xfa\x07\xdf\x07\x85\x07\xe1\x06\xea\
\x05\x99\x04\xed\x02\xe6\x00\x8d\xfe\xe8\xfb\x06\xf9\xfb\xf5\xd9\
\xf2\xb9\xef\xb4\xec\xe4\xe9b\xe7H\xe5\xae\xe3\xa8\xe2G\
\xe2\x97\xe2\xa2\xe3i\xe5\xeb\xe7\x1d\xeb\xf2\xeeW\xf33\
\xf8i\xfd\xd7\x02_\x08\xd9\x0d!\x13\x12\x18\x8b\x1ck\
 \x97#\xf5%v'\x0b(\xb1'f&3$%\
!Q\x1d\xce\x18\xbc\x13<\x0eq\x08\x84\x02\x9b\xfc\xda\
\xf6h\xf1f\xec\xf3\xe7)\xe4\x1c\xe1\xda\xdeo\xdd\xdb\
\xdc\x1b\xdd(\xde\xf1\xdfe\xe2j\xe5\xe7\xe8\xbf\xec\xd3\
\xf0\x04\xf55\xf9I\xfd$\x01\xb3\x04\xe1\x07\x9f\x0a\xe3\
\x0c\xa8\x0e\xec\x0f\xb4\x10\x06\x11\xef\x10{\x10\xbd\x0f\xc5\
\x0e\xa7\x0du\x0c@\x0b\x18\x0a\x0c\x09%\x08l\x07\xe4\
\x06\x8f\x06i\x06m\x06\x90\x06\xc8\x06\x06\x07;\x07X\
\x07N\x07\x0e\x07\x8c\x06\xbd\x05\x9a\x04 \x03N\x01*\
\xff\xb9\xfc\x09\xfa)\xf7-\xf4*\xf18\xeeo\xeb\xea\
\xe8\xc1\xe6\x0c\xe5\xdf\xe3M\xe3c\xe3+\xe4\xaa\xe5\xdf\
\xe7\xc3\xeaJ\xeed\xf2\xf9\xf6\xf0\xfb*\x01\x86\x06\xe2\
\x0b\x19\x11\x08\x16\x8c\x1a\x85\x1e\xd6!h$%&\x01\
'\xf3&\xfb%\x1c$b!\xdf\x1d\xa9\x19\xdd\x14\x99\
\x0f\x01\x0a:\x04k\xfe\xb7\xf8D\xf34\xee\xa7\xe9\xb7\
\xe5{\xe2\x03\xe0Z\xde\x85\xdd\x83\xddM\xde\xd6\xdf\x0d\
\xe2\xdc\xe4*\xe8\xdc\xeb\xd3\xef\xf1\xf3\x19\xf8-\xfc\x13\
\x00\xb5\x03\xfc\x06\xda\x09B\x0c-\x0e\x98\x0f\x87\x10\xfd\
\x10\x06\x11\xae\x10\x05\x10\x1b\x0f\x04\x0e\xd1\x0c\x95\x0b`\
\x0a?\x09A\x08l\x07\xc7\x06T\x06\x11\x06\xfb\x05\x08\
\x06/\x06c\x06\x96\x06\xb9\x06\xbc\x06\x92\x06.\x06\x83\
\x05\x8b\x04@\x03\xa0\x01\xaf\xffr\xfd\xf2\xfa?\xf8i\
\xf5\x85\xf2\xa9\xef\xed\xech\xea5\xe8i\xe6\x1b\xe5\x5c\
\xe4=\xe4\xc7\xe4\x01\xe6\xec\xe7\x84\xea\xbf\xed\x8f\xf1\xde\
\xf5\x95\xfa\x98\xff\xc6\x04\x00\x0a\x22\x0f\x09\x14\x93\x18\xa0\
\x1c\x13 \xd1\x22\xc7$\xe5%!&w%\xea#\x83\
!P\x1eh\x1a\xe2\x15\xdd\x10z\x0b\xdd\x05*\x00\x88\
\xfa\x19\xf5\x00\xf0]\xebM\xe7\xe6\xe3:\xe1W\xdfC\
\xde\x00\xde\x87\xde\xd0\xdf\xca\xe1a\xe4~\xe7\x07\xeb\xde\
\xee\xe6\xf2\x01\xf7\x13\xfb\x01\xff\xb0\x02\x0f\x06\x09\x09\x93\
\x0b\xa4\x0d6\x0fK\x10\xe6\x10\x10\x11\xd5\x10D\x10k\
\x0f^\x0e/\x0d\xee\x0b\xae\x0a}\x09h\x08z\x07\xb9\
\x06)\x06\xca\x05\x98\x05\x8f\x05\xa3\x05\xcb\x05\xf8\x05\x1d\
\x06+\x06\x13\x06\xc8\x05>\x05m\x04N\x03\xde\x01\x1e\
\x00\x13\xfe\xc4\xfb=\xf9\x8f\xf6\xcc\xf3\x08\xf1[\xee\xdb\
\xeb\xa2\xe9\xc4\xe7Y\xe6s\xe5\x22\xe5s\xe5l\xe6\x12\
\xe8`\xeaQ\xed\xd7\xf0\xe0\xf4W\xf9!\xfe\x1f\x034\
\x08=\x0d\x18\x12\xa3\x16\xbf\x1aN\x1e5!^#\xb9\
$:%\xdc$\x9e#\x88!\xa6\x1e\x0a\x1b\xcc\x16\x08\
\x12\xdc\x0cl\x07\xda\x01M\xfc\xe5\xf6\xc8\xf1\x14\xed\xe7\
\xe8Y\xe5~\xe2d\xe0\x14\xdf\x90\xde\xd7\xde\xdf\xdf\x9c\
\xe1\xfa\xe3\xe4\xe6A\xea\xf5\xed\xe4\xf1\xef\xf5\xfb\xf9\xec\
\xfd\xa7\x01\x1a\x05/\x08\xd9\x0a\x0d\x0d\xc5\x0e\x00\x10\xc1\
\x10\x0e\x11\xf2\x10y\x10\xb5\x0f\xb5\x0e\x8b\x0dJ\x0c\x02\
\x0b\xc3\x09\x9b\x08\x95\x07\xba\x06\x0d\x06\x92\x05F\x05$\
\x05%\x05>\x05c\x05\x87\x05\x9b\x05\x91\x05\x5c\x05\xf0\
\x04B\x04L\x03\x09\x02x\x00\x9d\xfe~\xfc$\xfa\x9e\
\xf7\xfe\xf4U\xf2\xba\xefB\xed\x06\xeb\x1b\xe9\x98\xe7\x90\
\xe6\x12\xe6-\xe6\xea\xe6M\xe8U\xea\xfe\xec<\xf0\xff\
\xf35\xf8\xc5\xfc\x91\x01~\x06k\x0b6\x10\xbe\x14\xe4\
\x18\x89\x1c\x93\x1f\xec!\x80#B$,$:#s\
!\xe0\x1e\x91\x1b\x9b\x17\x18\x13&\x0e\xe5\x08x\x03\x03\
\xfe\xa8\xf8\x8b\xf3\xcb\xee\x85\xea\xd5\xe6\xcd\xe3\x7f\xe1\xf5\
\xdf4\xdf;\xdf\x04\xe0\x82\xe1\xa7\xe3\x5c\xe6\x8c\xe9\x1a\
\xed\xec\xf0\xe4\xf4\xe7\xf8\xd7\xfc\x9b\x00\x1f\x04L\x07\x13\
\x0ai\x0cF\x0e\xa7\x0f\x8d\x10\xfe\x10\x02\x11\xa5\x10\xf7\
\x0f\x06\x0f\xe6\x0d\xa6\x0cZ\x0b\x10\x0a\xd7\x08\xbc\x07\xc8\
\x06\x01\x06j\x05\x03\x05\xc8\x04\xb4\x04\xbc\x04\xd7\x04\xf7\
\x04\x0e\x05\x0f\x05\xec\x04\x9a\x04\x0c\x04;\x03\x22\x02\xbe\
\x00\x12\xff!\xfd\xf4\xfa\x97\xf8\x1a\xf6\x8e\xf3\x08\xf1\x9c\
\xeea\xecm\xea\xd7\xe8\xb0\xe7\x0a\xe7\xf5\xe6y\xe7\x9d\
\xe8b\xea\xc4\xec\xbc\xef;\xf3/\xf7\x84\xfb\x1c\x00\xdf\
\x04\xac\x09c\x0e\xe4\x12\x0f\x17\xc6\x1a\xef\x1dr :\
\x22:#g#\xc0\x22E!\xff\x1e\xfc\x1bO\x18\x0f\
\x14X\x0fI\x0a\x04\x05\xab\xffa\xfaG\xf5~\xf0%\
\xecV\xe8&\xe5\xa8\xe2\xe7\xe0\xea\xdf\xb3\xdf<\xe0}\
\xe1g\xe3\xe7\xe5\xe7\xe8M\xec\x00\xf0\xe2\xf3\xd7\xf7\xc4\
\xfb\x8f\xff\x1e\x03a\x06C\x09\xb9\x0b\xba\x0d@\x0fK\
\x10\xe0\x10\x05\x11\xc6\x100\x10R\x0f=\x0e\x03\x0d\xb4\
\x0bb\x0a\x1c\x09\xee\x07\xe3\x06\x02\x06Q\x05\xcf\x04{\
\x04Q\x04G\x04U\x04n\x04\x85\x04\x8e\x04z\x04=\
\x04\xcc\x03\x1d\x03+\x02\xf2\x00s\xff\xaf\xfd\xae\xfbz\
\xf9!\xf7\xb4\xf4E\xf2\xe7\xef\xb1\xed\xb9\xeb\x12\xea\xd2\
\xe8\x09\xe8\xc7\xe7\x16\xe8\xff\xe8\x84\xea\xa3\xecV\xef\x91\
\xf2E\xf6]\xfa\xc2\xfeW\x03\x02\x08\xa1\x0c\x16\x11B\
\x15\x07\x19J\x1c\xf2\x1e\xea #\x22\x91\x220\x22\xff\
 \x05\x1fM\x1c\xe8\x18\xec\x14r\x10\x97\x0b|\x06C\
\x01\x0d\xfc\xfb\xf6/\xf2\xc6\xed\xdc\xe9\x88\xe6\xdc\xe3\xe7\
\xe1\xb1\xe0=\xe0\x89\xe0\x8c\xe1;\xe3\x84\xe5S\xe8\x8f\
\xeb \xef\xe8\xf2\xcd\xf6\xb3\xfa\x80\xfe\x1a\x02o\x05j\
\x08\xff\x0a!\x0d\xcb\x0e\xfc\x0f\xb5\x10\xfc\x10\xdc\x10`\
\x10\x96\x0f\x90\x0e]\x0d\x10\x0c\xb9\x0ag\x09)\x08\x0a\
\x07\x11\x06F\x05\xaa\x04=\x04\xfb\x03\xde\x03\xdd\x03\xed\
\x03\x02\x04\x0f\x04\x06\x04\xdb\x03\x83\x03\xf4\x02&\x02\x15\
\x01\xc0\xff(\xfeR\xfcH\xfa\x14\xf8\xc6\xf5p\xf3$\
\xf1\xf6\xee\xfc\xecK\xeb\xf5\xe9\x0d\xe9\xa2\xe8\xc1\xe8r\
\xe9\xba\xea\x98\xec\x09\xef\x02\xf2v\xf5R\xf9\x80\xfd\xe7\
\x01l\x06\xf1\x0aW\x0f\x80\x13N\x17\xa5\x1am\x1d\x91\
\x1f\xff \xaa!\x8c!\xa3 \xf2\x1e\x84\x1cg\x19\xaf\
\x15s\x11\xce\x0c\xe1\x07\xca\x02\xac\xfd\xa6\xf8\xd9\xf3e\
\xefe\xeb\xf0\xe7\x1b\xe5\xf5\xe2\x89\xe1\xda\xe0\xe9\xe0\xb0\
\xe1#\xe35\xe5\xd1\xe7\xe1\xeaM\xee\xf9\xf1\xcb\xf5\xa7\
\xf9r\xfd\x14\x01x\x04\x8a\x079\x0a|\x0cJ\x0e\x9f\
\x0f|\x10\xe7\x10\xe6\x10\x85\x10\xd3\x0f\xdd\x0e\xb5\x0dl\
\x0c\x13\x0b\xb9\x09m\x08:\x07,\x06H\x05\x93\x04\x0d\
\x04\xb3\x03\x82\x03p\x03u\x03\x85\x03\x93\x03\x92\x03v\
\x034\x03\xc0\x02\x14\x02(\x01\xfc\xff\x8e\xfe\xe2\xfc\x00\
\xfb\xf2\xf8\xc5\xf6\x8a\xf4Q\xf2/\xf07\xee~\xec\x16\
\xeb\x13\xea\x85\xe9w\xe9\xf5\xe9\x03\xeb\xa4\xec\xd4\xee\x8c\
\xf1\xc0\xf4`\xf8X\xfc\x8f\x00\xec\x04S\x09\xa6\x0d\xc8\
\x11\x9a\x15\x03\x19\xe7\x1b1\x1e\xcf\x1f\xb4 \xd5 1\
 \xc8\x1e\xa2\x1c\xcd\x19X\x16[\x12\xef\x0d1\x09?\
\x04<\xffF\xfa~\xf5\x02\xf1\xef\xec^\xe9c\xe6\x0f\
\xe4o\xe2\x88\xe1\x5c\xe1\xe6\xe1\x1f\xe3\xf8\xe4a\xe7C\
\xea\x88\xed\x15\xf1\xd1\xf4\x9f\xf8f\xfc\x0d\x00}\x03\xa2\
\x06k\x09\xcc\x0b\xbb\x0d4\x0f6\x10\xc4\x10\xe4\x10\xa1\
\x10\x07\x10$\x0f\x09\x0e\xc7\x0cn\x0b\x0e\x0a\xb7\x08t\
\x07R\x06W\x05\x89\x04\xea\x03y\x032\x03\x0f\x03\x07\
\x03\x0e\x03\x1b\x03\x1f\x03\x0f\x03\xdf\x02\x84\x02\xf6\x01-\
\x01&\x00\xe1\xfe^\xfd\xa4\xfb\xbc\xf9\xb1\xf7\x92\xf5o\
\xf3Z\xf1g\xef\xaa\xed5\xec\x1c\xebm\xea7\xea\x85\
\xea]\xeb\xc3\xec\xb5\xee.\xf1$\xf4\x88\xf7I\xfbO\
\xff\x82\x03\xc9\x07\x06\x0c\x1c\x10\xef\x13d\x17_\x1a\xcc\
\x1c\x97\x1e\xb0\x1f\x0e \xab\x1f\x88\x1e\xa9\x1c\x19\x1a\xe9\
\x16+\x13\xf8\x0ek\x0a\xa2\x05\xbc\x00\xda\xfb\x1a\xf7\x9b\
\xf2z\xee\xcf\xea\xb2\xe75\xe5c\xe3F\xe2\xe0\xe10\
\xe2.\xe3\xcf\xe4\x03\xe7\xb6\xe9\xd1\xec>\xf0\xe0\xf3\x9e\
\xf7^\xfb\x06\xff~\x02\xb4\x05\x95\x08\x12\x0b\x22\x0d\xbd\
\x0e\xe3\x0f\x94\x10\xd6\x10\xb1\x101\x10d\x0fY\x0e \
\x0d\xca\x0bg\x0a\x07\x09\xb7\x07\x82\x06r\x05\x8d\x04\xd5\
\x03M\x03\xf0\x02\xb9\x02\xa2\x02\xa0\x02\xa8\x02\xaf\x02\xa8\
\x02\x87\x02A\x02\xce\x01%\x01B\x00#\xff\xc7\xfd5\
\xfcr\xfa\x89\xf8\x87\xf6|\xf4x\xf2\x8d\xf0\xcf\xeeQ\
\xed$\xecY\xeb\xff\xea!\xeb\xc6\xeb\xf5\xec\xac\xee\xe8\
\xf0\xa0\xf3\xc9\xf6R\xfa&\xfe.\x02R\x06v\x0a~\
\x0eM\x12\xca\x15\xd9\x18d\x1bV\x1d\xa1\x1e7\x1f\x13\
\x1f2\x1e\x98\x1cN\x1aa\x17\xe3\x13\xea\x0f\x90\x0b\xf2\
\x06-\x02b\xfd\xad\xf8/\xf4\x03\xf0D\xec\x08\xe9d\
\xe6d\xe4\x13\xe3v\xe2\x8c\xe2P\xe3\xb9\xe4\xb7\xe69\
\xe9*\xecs\xef\xfa\xf2\xa4\xf6Z\xfa\x00\xfe~\x01\xc2\
\x04\xb7\x07O\x0a}\x0c:\x0e\x83\x0fW\x10\xbb\x10\xb6\
\x10R\x10\x9c\x0f\xa2\x0eu\x0d%\x0c\xc2\x0a\x5c\x09\x00\
\x08\xbb\x06\x98\x05\x9c\x04\xcd\x03-\x03\xba\x02p\x02H\
\x02:\x02<\x02B\x02A\x02,\x02\xf9\x01\x9d\x01\x11\
\x01O\x00T\xff\x1f\xfe\xb3\xfc\x15\xfbN\xf9k\xf7x\
\xf5\x87\xf3\xa7\xf1\xec\xefg\xee+\xedH\xec\xce\xeb\xc7\
\xeb>\xec7\xed\xb6\xee\xb7\xf04\xf3\x22\xf6s\xf9\x15\
\xfd\xf0\x00\xef\x04\xf7\x08\xed\x0c\xb6\x106\x14T\x17\xf9\
\x19\x0f\x1c\x87\x1dR\x1ei\x1e\xc8\x1dq\x1ck\x1a\xc0\
\x17\x82\x14\xc5\x10\xa0\x0c.\x08\x8d\x03\xdc\xfe6\xfa\xbc\
\xf5\x89\xf1\xb9\xedc\xea\x9b\xe7p\xe5\xee\xe3\x1c\xe3\xfa\
\xe2\x85\xe3\xb5\xe4}\xe6\xce\xe8\x93\xeb\xb6\xee\x1e\xf2\xb3\
\xf5[\xf9\xfc\xfc~\x00\xcc\x03\xd3\x06\x83\x09\xce\x0b\xab\
\x0d\x16\x0f\x0e\x10\x94\x10\xaf\x10h\x10\xcb\x0f\xe5\x0e\xc7\
\x0d\x7f\x0c\x1e\x0b\xb4\x09O\x08\xfd\x06\xc7\x05\xb7\x04\xd2\
\x03\x1a\x03\x91\x022\x02\xf9\x01\xdd\x01\xd6\x01\xda\x01\xdb\
\x01\xd0\x01\xac\x01e\x01\xf3\x00P\x00w\xfff\xfe\x1e\
\xfd\xa5\xfb\x01\xfa=\xf8d\xf6\x87\xf4\xb5\xf2\xff\xf0w\
\xef0\xee9\xed\xa1\xecv\xec\xc1\xec\x8a\xed\xd3\xee\x9b\
\xf0\xde\xf2\x93\xf5\xac\xf8\x1a\xfc\xc9\xff\xa0\x03\x8a\x07l\
\x0b*\x0f\xaa\x12\xd3\x15\x8e\x18\xc4\x1ad\x1ca\x1d\xb0\
\x1dL\x1d6\x1cq\x1a\x09\x18\x0a\x15\x89\x11\x9a\x0dW\
\x09\xdc\x04F\x00\xb4\xfbA\xf7\x0c\xf3.\xef\xc1\xeb\xd9\
\xe8\x86\xe6\xd6\xe4\xd1\xe3x\xe3\xcb\xe3\xc4\xe4V\xe6t\
\xe8\x0c\xeb\x07\xeeO\xf1\xcb\xf4b\xf8\xfc\xfb\x7f\xff\xd4\
\x02\xeb\x05\xb0\x08\x15\x0b\x11\x0d\x9e\x0e\xb8\x0f`\x10\x9c\
\x10s\x10\xf1\x0f!\x0f\x13\x0e\xd6\x0cz\x0b\x0f\x0a\xa3\
\x08E\x07\xff\x05\xdc\x04\xe1\x03\x14\x03t\x02\x00\x02\xb4\
\x01\x8a\x01y\x01v\x01x\x01s\x01[\x01'\x01\xcd\
\x00E\x00\x8c\xff\x9d\xfey\xfd$\xfc\xa2\xfa\xfd\xf8@\
\xf7x\xf5\xb5\xf3\x08\xf2\x80\xf01\xef)\xeex\xed,\
\xedP\xed\xea\xed\x00\xef\x92\xf0\x9d\xf2\x1a\xf5\xfd\xf77\
\xfb\xb7\xfeg\x020\x06\xfa\x09\xaa\x0d'\x11W\x14#\
\x17u\x19;\x1be\x1c\xe8\x1c\xbf\x1c\xe6\x1bc\x1a;\
\x18{\x155\x12}\x0ek\x0a\x18\x06\xa1\x01%\xfd\xbd\
\xf8\x89\xf4\xa2\xf0!\xed\x1d\xea\xa6\xe7\xca\xe5\x94\xe4\x07\
\xe4#\xe4\xe4\xe4A\xe6,\xe8\x95\xeag\xed\x8c\xf0\xee\
\xf3r\xf7\x00\xfb\x80\xfe\xdb\x01\xfe\x04\xd6\x07T\x0am\
\x0c\x1a\x0eU\x0f \x10}\x10t\x10\x0d\x10U\x0fY\
\x0e)\x0d\xd4\x0bj\x0a\xfb\x08\x93\x07@\x06\x0b\x05\xfc\
\x03\x19\x03c\x02\xda\x01{\x01@\x01#\x01\x19\x01\x19\
\x01\x17\x01\x09\x01\xe4\x00\x9f\x000\x00\x95\xff\xc6\xfe\xc4\
\xfd\x91\xfc1\xfb\xab\xf9\x0a\xf8Z\xf6\xa9\xf4\x06\xf3\x81\
\xf1-\xf0\x18\xefR\xee\xe9\xed\xe8\xedW\xee=\xef\x9c\
\xf0q\xf2\xb6\xf4c\xf7j\xfa\xbb\xfdA\x01\xe9\x04\x99\
\x088\x0c\xae\x0f\xe2\x12\xbb\x15%\x18\x0b\x1a_\x1b\x14\
\x1c!\x1c\x85\x1b?\x1aW\x18\xd6\x15\xcc\x12K\x0fj\
\x0bB\x07\xed\x02\x89\xfe0\xfa\x00\xf6\x13\xf2\x83\xeee\
\xeb\xcd\xe8\xc9\xe6d\xe5\xa4\xe4\x8c\xe4\x17\xe5>\xe6\xf6\
\xe7.\xea\xd6\xec\xd7\xef\x1b\xf3\x89\xf6\x0a\xfa\x85\xfd\xe2\
\x00\x0f\x04\xf7\x06\x8c\x09\xc0\x0b\x8b\x0d\xe8\x0e\xd4\x0fS\
\x10i\x10\x1f\x10\x80\x0f\x98\x0ew\x0d,\x0c\xc6\x0aU\
\x09\xe6\x07\x87\x06C\x05!\x04)\x03]\x02\xbf\x01M\
\x01\x01\x01\xd6\x00\xc3\x00\xbe\x00\xbe\x00\xb7\x00\x9e\x00j\
\x00\x13\x00\x92\xff\xe1\xfe\x00\xfe\xee\xfc\xaf\xfbI\xfa\xc5\
\xf8-\xf7\x8e\xf5\xf8\xf3y\xf2#\xf1\x04\xf0,\xef\xa9\
\xee\x87\xee\xd0\xee\x89\xef\xb6\xf0W\xf2g\xf4\xdf\xf6\xb4\
\xf9\xd5\xfc1\x00\xb4\x03H\x07\xd4\x0a@\x0es\x11W\
\x14\xd4\x16\xd8\x18Q\x1a4\x1bu\x1b\x12\x1b\x08\x1a^\
\x18\x1a\x16L\x13\x03\x10U\x0cX\x08(\x04\xdf\xff\x98\
\xfbo\xf7\x80\xf3\xe3\xef\xb0\xec\xfa\xe9\xd1\xe7@\xe6P\
\xe5\x04\xe5Z\xe5L\xe6\xd0\xe7\xd9\xe9U\xec0\xefT\
\xf2\xaa\xf5\x1a\xf9\x8d\xfc\xeb\xff\x1d\x03\x14\x06\xbd\x08\x0a\
\x0b\xf2\x0co\x0e}\x0f\x1c\x10S\x10&\x10\xa1\x0f\xd0\
\x0e\xc0\x0d\x81\x0c!\x0b\xb0\x09=\x08\xd4\x06\x82\x05O\
\x04D\x03c\x02\xb0\x01*\x01\xcc\x00\x92\x00t\x00i\
\x00g\x00d\x00U\x000\x00\xee\xff\x85\xff\xf0\xfe.\
\xfe<\xfd\x1d\xfc\xd6\xfan\xf9\xf0\xf7f\xf6\xde\xf4h\
\xf3\x12\xf2\xec\xf0\x06\xf0m\xef-\xefR\xef\xe1\xef\xe0\
\xf0O\xf2,\xf4q\xf6\x12\xf9\x04\xfc6\xff\x93\x02\x08\
\x06~\x09\xdd\x0c\x0d\x10\xf7\x12\x84\x15\xa2\x17=\x19J\
\x1a\xbc\x1a\x8e\x1a\xbf\x19P\x18J\x16\xb6\x13\xa6\x10+\
\x0d\x5c\x09Q\x05%\x01\xf3\xfc\xd6\xf8\xe8\xf4B\xf1\xfd\
\xed,\xeb\xe1\xe8'\xe7\x09\xe6\x8c\xe5\xae\xe5k\xe6\xbc\
\xe7\x94\xe9\xe3\xeb\x96\xee\x99\xf1\xd5\xf42\xf8\x9a\xfb\xf4\
\xfe+\x02-\x05\xe8\x07M\x0aP\x0c\xeb\x0d\x19\x0f\xda\
\x0f1\x10#\x10\xba\x0f\x00\x0f\x03\x0e\xd2\x0cz\x0b\x0c\
\x0a\x96\x08&\x07\xc8\x05\x86\x04h\x03t\x02\xac\x01\x11\
\x01\xa1\x00W\x00-\x00\x19\x00\x14\x00\x13\x00\x0b\x00\xf4\
\xff\xc2\xffo\xff\xf4\xfeN\xfe{\xfd{\xfcS\xfb\x08\
\xfa\xa4\xf8/\xf7\xb8\xf5L\xf4\xf9\xf2\xd0\xf1\xde\xf02\
\xf0\xd8\xef\xdc\xefE\xf0\x18\xf1X\xf2\x04\xf4\x15\xf6\x86\
\xf8H\xfbN\xfe\x85\x01\xdb\x048\x08\x87\x0b\xb1\x0e\x9d\
\x117\x14j\x16$\x18W\x19\xf7\x19\xfc\x19d\x190\
\x18d\x16\x0b\x143\x11\xec\x0dL\x0ai\x06]\x02B\
\xfe3\xfaI\xf6\x9e\xf2K\xefb\xec\xf8\xe9\x18\xe8\xcf\
\xe6!\xe6\x11\xe6\x9b\xe6\xb9\xe7`\xe9\x82\xeb\x0c\xee\xec\
\xf0\x0b\xf4S\xf7\xad\xfa\x01\xfe:\x01E\x04\x0e\x07\x88\
\x09\xa5\x0b]\x0d\xab\x0e\x8d\x0f\x04\x10\x15\x10\xc8\x0f'\
\x0f?\x0e\x1d\x0d\xd1\x0bh\x0a\xf2\x08|\x07\x14\x06\xc5\
\x04\x96\x03\x8f\x02\xb3\x01\x04\x01\x81\x00&\x00\xef\xff\xd1\
\xff\xc7\xff\xc5\xff\xc2\xff\xb4\xff\x91\xffQ\xff\xee\xfec\
\xfe\xac\xfd\xcb\xfc\xc1\xfb\x93\xfaH\xf9\xea\xf7\x85\xf6%\
\xf5\xd9\xf3\xae\xf2\xb4\xf1\xf8\xf0\x87\xf0m\xf0\xb2\xf0]\
\xf1p\xf2\xec\xf3\xcd\xf5\x0d\xf8\xa0\xfa{\xfd\x8a\x00\xbe\
\x03\x02\x07?\x0a^\x0dJ\x10\xed\x122\x15\x07\x17]\
\x18'\x19]\x19\xfa\x18\xfd\x17k\x16L\x14\xab\x11\x99\
\x0e(\x0bo\x07\x85\x03\x84\xff\x85\xfb\xa3\xf7\xf7\xf3\x98\
\xf0\x9b\xed\x15\xeb\x12\xe9\xa0\xe7\xc4\xe6\x83\xe6\xdb\xe6\xc7\
\xe7=\xe90\xeb\x90\xedK\xf0L\xf3|\xf6\xc6\xf9\x12\
\xfdJ\x00[\x031\x06\xbe\x08\xf3\x0a\xc6\x0c3\x0e4\
\x0f\xcb\x0f\xfb\x0f\xcc\x0fE\x0ft\x0ed\x0d#\x0c\xc2\
\x0aN\x09\xd5\x07f\x06\x0a\x05\xcc\x03\xb3\x02\xc4\x01\x01\
\x01k\x00\xff\xff\xb8\xff\x90\xff~\xffy\xffx\xffr\
\xff[\xff-\xff\xdf\xfel\xfe\xd1\xfd\x0d\xfd \xfc\x0e\
\xfb\xde\xf9\x97\xf8E\xf7\xf3\xf5\xaf\xf4\x85\xf3\x86\xf2\xbd\
\xf19\xf1\x04\xf1)\xf1\xae\xf1\x97\xf2\xe5\xf3\x97\xf5\xa7\
\xf7\x0d\xfa\xbb\xfc\xa4\xff\xb4\x02\xdc\x05\x04\x09\x17\x0c\x00\
\x0f\xa8\x11\xfb\x13\xe8\x15]\x17N\x18\xb1\x18\x80\x18\xba\
\x17`\x16y\x14\x0f\x122\x0f\xf1\x0bc\x08\x9c\x04\xb7\
\x00\xcc\xfc\xf5\xf8I\xf5\xe3\xf1\xd6\xee6\xec\x14\xea{\
\xe8t\xe7\x04\xe7+\xe7\xe5\xe7*\xe9\xee\xea$\xed\xb9\
\xef\x99\xf2\xb0\xf5\xe7\xf8(\xfc]\xffp\x02Q\x05\xee\
\x079\x0a'\x0c\xb0\x0d\xd0\x0e\x87\x0f\xd7\x0f\xc5\x0fZ\
\x0f\xa0\x0e\xa3\x0dr\x0c\x1a\x0b\xaa\x091\x08\xbb\x06U\
\x05\x09\x04\xe0\x02\xde\x01\x08\x01_\x00\xe2\xff\x8b\xffU\
\xff:\xff1\xff1\xff/\xff#\xff\x03\xff\xc8\xfel\
\xfe\xea\xfdA\xfdp\xfcz\xfbe\xfa6\xf9\xf8\xf7\xb6\
\xf6{\xf5U\xf4S\xf3\x81\xf2\xec\xf1\xa0\xf1\xa7\xf1\x09\
\xf2\xca\xf2\xee\xf3s\xf5T\xf7\x8c\xf9\x0e\xfc\xcf\xfe\xbc\
\x01\xc6\x04\xd7\x07\xdc\x0a\xbe\x0dh\x10\xc7\x12\xc7\x14Y\
\x16m\x17\xfa\x17\xf9\x17f\x17B\x16\x93\x14`\x12\xb6\
\x0f\xa7\x0cD\x09\xa3\x05\xdc\x01\x07\xfe=\xfa\x96\xf6+\
\xf3\x10\xf0[\xed\x1b\xeb_\xe9/\xe8\x92\xe7\x89\xe7\x12\
\xe8'\xe9\xbd\xea\xc7\xec5\xef\xf3\xf1\xee\xf4\x10\xf8D\
\xfbr\xfe\x87\x01p\x04\x1a\x07y\x09\x7f\x0b$\x0dc\
\x0e9\x0f\xa8\x0f\xb5\x0fe\x0f\xc4\x0e\xdc\x0d\xbb\x0cn\
\x0b\x05\x0a\x8d\x08\x13\x07\xa5\x05M\x04\x15\x03\x02\x02\x19\
\x01]\x00\xcd\xfff\xff#\xff\xfd\xfe\xee\xfe\xeb\xfe\xed\
\xfe\xe8\xfe\xd4\xfe\xaa\xfec\xfe\xf9\xfdi\xfd\xb3\xfc\xd9\
\xfb\xdd\xfa\xc7\xf9\x9e\xf8l\xf7=\xf6\x1e\xf5\x1b\xf4B\
\xf3\x9f\xf2?\xf2+\xf2m\xf2\x09\xf3\x04\xf4^\xf5\x13\
\xf7\x1d\xf9u\xfb\x0d\xfe\xd6\x00\xc0\x03\xb9\x06\xad\x09\x86\
\x0c/\x0f\x96\x11\xa7\x13Q\x15\x86\x16:\x17e\x17\x03\
\x17\x14\x16\x9a\x14\x9d\x12(\x10I\x0d\x13\x0a\x99\x06\xf2\
\x026\xff{\xfb\xdc\xf7o\xf4J\xf1\x82\xee(\xecK\
\xea\xf5\xe8-\xe8\xf6\xe7O\xe84\xe9\x9b\xeay\xec\xbf\
\xeeZ\xf18\xf4C\xf7f\xfa\x8c\xfd\x9f\x00\x8d\x03D\
\x06\xb4\x08\xd0\x0a\x8f\x0c\xeb\x0d\xe0\x0en\x0f\x99\x0ff\
\x0f\xdf\x0e\x0e\x0e\xfe\x0c\xbf\x0b^\x0a\xe9\x08n\x07\xf9\
\x05\x97\x04Q\x03.\x023\x01e\x00\xc3\xffJ\xff\xf8\
\xfe\xc7\xfe\xb0\xfe\xa9\xfe\xab\xfe\xac\xfe\xa3\xfe\x87\xfeR\
\xfe\xfd\xfd\x86\xfd\xea\xfc*\xfcH\xfbJ\xfa6\xf9\x17\
\xf8\xf5\xf6\xdd\xf5\xdc\xf4\xff\xf3Q\xf3\xe0\xf2\xb5\xf2\xd9\
\xf2S\xf3(\xf4X\xf5\xe2\xf6\xc1\xf8\xee\xfa]\xfd\x01\
\x00\xcc\x02\xab\x05\x8b\x08X\x0b\xfe\x0dj\x10\x88\x12G\
\x14\x99\x15q\x16\xc6\x16\x93\x16\xd5\x15\x8f\x14\xc7\x12\x86\
\x10\xd8\x0d\xcf\x0a~\x07\xf8\x03V\x00\xaf\xfc\x19\xf9\xae\
\xf5\x82\xf2\xab\xef:\xed>\xeb\xc4\xe9\xd3\xe8p\xe8\x9b\
\xe8P\xe9\x89\xea;\xecW\xee\xce\xf0\x8d\xf3\x7f\xf6\x90\
\xf9\xab\xfc\xbb\xff\xab\x02k\x05\xea\x07\x1b\x0a\xf2\x0bj\
\x0d}\x0e*\x0fs\x0f]\x0f\xf1\x0e7\x0e;\x0d\x0b\
\x0c\xb4\x0aD\x09\xca\x07Q\x06\xe6\x04\x94\x03b\x02V\
\x01v\x00\xc2\xff8\xff\xd7\xfe\x99\xfew\xfek\xfel\
\xfep\xfen\xfe_\xfe:\xfe\xf9\xfd\x99\xfd\x15\xfdn\
\xfc\xa6\xfb\xc0\xfa\xc2\xf9\xb5\xf8\xa2\xf7\x94\xf6\x97\xf5\xb8\
\xf4\x02\xf4\x82\xf3B\xf3L\xf3\xa6\xf3W\xf4`\xf5\xc0\
\xf6u\xf8x\xfa\xbf\xfc?\xff\xe8\x01\xab\x04v\x075\
\x0a\xd5\x0cC\x0fk\x11<\x13\xa8\x14\xa1\x15\x1d\x16\x16\
\x16\x88\x15u\x14\xdf\x12\xd1\x10U\x0ez\x0bQ\x08\xef\
\x04i\x01\xd7\xfdN\xfa\xe7\xf6\xb7\xf3\xd3\xf0N\xee7\
\xec\x9b\xea\x84\xe9\xf6\xe8\xf4\xe8{\xe9\x86\xea\x0c\xec\xff\
\xedP\xf0\xee\xf2\xc6\xf5\xc2\xf8\xd0\xfb\xd9\xfe\xc9\x01\x90\
\x04\x1c\x07`\x09N\x0b\xe0\x0c\x10\x0e\xdb\x0eC\x0fJ\
\x0f\xf9\x0eX\x0eq\x0dR\x0c\x07\x0b\x9e\x09&\x08\xab\
\x06:\x05\xdd\x03\x9d\x02\x82\x01\x8f\x00\xca\xff.\xff\xbd\
\xfeq\xfeE\xfe2\xfe/\xfe4\xfe9\xfe3\xfe\x1c\
\xfe\xed\xfd\xa1\xfd5\xfd\xa6\xfc\xf6\xfb(\xfbA\xfaG\
\xf9D\xf8A\xf7J\xf6k\xf5\xb0\xf4$\xf4\xd2\xf3\xc4\
\xf3\x02\xf4\x91\xf4u\xf5\xae\xf6:\xf8\x13\xfa3\xfc\x8d\
\xfe\x15\x01\xbb\x03o\x06\x1e\x09\xb6\x0b\x22\x0eQ\x102\
\x12\xb4\x13\xcb\x14k\x15\x8d\x15-\x15J\x14\xe7\x12\x0a\
\x11\xbf\x0e\x12\x0c\x13\x09\xd5\x05n\x02\xf3\xfey\xfb\x19\
\xf8\xe8\xf4\xfb\xf1d\xef5\xedz\xeb>\xea\x88\xe9[\
\xe9\xb5\xe9\x93\xea\xec\xeb\xb4\xed\xdf\xef\x5c\xf2\x17\xf5\xfd\
\xf7\xfb\xfa\xfc\xfd\xea\x00\xb5\x03L\x06\xa0\x08\xa4\x0aN\
\x0c\x9a\x0d\x82\x0e\x08\x0f-\x0f\xf8\x0ep\x0e\xa0\x0d\x93\
\x0cU\x0b\xf6\x09\x82\x08\x07\x07\x90\x05*\x04\xdf\x02\xb4\
\x01\xb2\x00\xda\xff.\xff\xac\xfeR\xfe\x1a\xfe\xfe\xfd\xf6\
\xfd\xfa\xfd\x02\xfe\x05\xfe\xfa\xfd\xdb\xfd\xa2\xfdJ\xfd\xd3\
\xfc;\xfc\x84\xfb\xb3\xfa\xcd\xf9\xdb\xf8\xe4\xf7\xf5\xf6\x19\
\xf6Z\xf5\xc4\xf4c\xf4@\xf4d\xf4\xd4\xf4\x95\xf5\xa9\
\xf6\x0d\xf8\xbf\xf9\xb7\xfb\xed\xfdR\x00\xdb\x02w\x05\x14\
\x08\xa0\x0a\x09\x0d<\x0f(\x11\xbe\x12\xf0\x13\xb1\x14\xfa\
\x14\xc5\x14\x10\x14\xde\x122\x11\x17\x0f\x98\x0c\xc3\x09\xac\
\x06d\x03\x01\x00\x9a\xfcC\xf9\x14\xf6 \xf3{\xf06\
\xee_\xec\x02\xeb%\xea\xce\xe9\xfc\xe9\xad\xea\xda\xeby\
\xed}\xef\xd6\xf1t\xf4B\xf7.\xfa#\xfd\x0d\x00\xdb\
\x02z\x05\xdc\x07\xf3\x09\xb5\x0b\x1b\x0d \x0e\xc3\x0e\x06\
\x0f\xed\x0e\x7f\x0e\xc6\x0d\xcd\x0c\x9f\x0bK\x0a\xdd\x08c\
\x07\xea\x05}\x04&\x03\xee\x01\xdc\x00\xf4\xff6\xff\xa4\
\xfe:\xfe\xf5\xfd\xcf\xfd\xc1\xfd\xc3\xfd\xcc\xfd\xd4\xfd\xd3\
\xfd\xc2\xfd\x9a\xfdW\xfd\xf5\xfct\xfc\xd4\xfb\x19\xfbG\
\xfaf\xf9~\xf8\x98\xf7\xc0\xf6\x00\xf6c\xf5\xf6\xf4\xc0\
\xf4\xcc\xf4 \xf5\xc0\xf5\xb0\xf6\xef\xf7z\xf9L\xfb]\
\xfd\xa0\xff\x0a\x02\x8c\x04\x15\x07\x94\x09\xf7\x0b,\x0e\x22\
\x10\xc8\x11\x11\x13\xf1\x13]\x14Q\x14\xc9\x13\xc5\x12J\
\x11^\x0f\x0c\x0dc\x0aq\x07K\x04\x03\x01\xb0\xfde\
\xfa:\xf7B\xf4\x92\xf1:\xefJ\xed\xcd\xeb\xcc\xeaM\
\xeaQ\xea\xd6\xea\xd7\xebL\xed(\xef^\xf1\xdc\xf3\x91\
\xf6i\xf9Q\xfc5\xff\x02\x02\xa8\x04\x15\x07>\x09\x15\
\x0b\x94\x0c\xb5\x0du\x0e\xd5\x0e\xd8\x0e\x85\x0e\xe5\x0d\x00\
\x0d\xe3\x0b\x9b\x0a6\x09\xbf\x07E\x06\xd2\x04s\x03/\
\x02\x0e\x01\x14\x00G\xff\xa3\xfe*\xfe\xd7\xfd\xa6\xfd\x90\
\xfd\x8e\xfd\x97\xfd\xa3\xfd\xaa\xfd\xa5\xfd\x8c\xfd[\xfd\x0d\
\xfd\xa2\xfc\x18\xfcs\xfb\xb6\xfa\xe6\xf9\x0d\xf92\xf8`\
\xf7\xa1\xf6\x00\xf6\x88\xf5C\xf59\xf5s\xf5\xf5\xf5\xc4\
\xf6\xdf\xf7D\xf9\xf1\xfa\xdd\xfc\xfe\xfeH\x01\xb0\x03$\
\x06\x94\x08\xee\x0a\x22\x0d\x1e\x0f\xd2\x100\x12+\x13\xb9\
\x13\xd3\x13u\x13\x9e\x12Q\x11\x94\x0fp\x0d\xf1\x0a'\
\x08#\x05\xf7\x01\xba\xfe~\xfbY\xf8a\xf5\xa8\xf2@\
\xf09\xee\x9f\xec|\xeb\xd7\xea\xb2\xea\x0d\xeb\xe3\xeb.\
\xed\xe2\xee\xf3\xf0P\xf3\xea\xf5\xad\xf8\x85\xfba\xfe+\
\x01\xd5\x03L\x06\x84\x08o\x0a\x06\x0cA\x0d\x1d\x0e\x9a\
\x0e\xba\x0e\x82\x0e\xfa\x0d,\x0d!\x0c\xe8\x0a\x8c\x09\x1a\
\x08\xa1\x06+\x05\xc3\x03u\x02F\x01=\x00_\xff\xac\
\xfe\x22\xfe\xc1\xfd\x84\xfde\xfd\x5c\xfdd\xfdr\xfd\x7f\
\xfd\x83\xfdx\xfdW\xfd\x1c\xfd\xc5\xfcQ\xfc\xc1\xfb\x18\
\xfb\x5c\xfa\x92\xf9\xc3\xf8\xf8\xf7<\xf7\x99\xf6\x19\xf6\xc6\
\xf5\xaa\xf5\xcc\xf53\xf6\xe2\xf6\xda\xf7\x1c\xf9\xa4\xfal\
\xfck\xfe\x96\x00\xe2\x02@\x05\x9f\x07\xef\x09\x1f\x0c\x1e\
\x0e\xdd\x0fM\x11`\x12\x0d\x13K\x13\x15\x13i\x12I\
\x11\xba\x0f\xc3\x0do\x0b\xcc\x08\xeb\x05\xde\x02\xb8\xff\x8d\
\xfcq\xf9{\xf6\xbc\xf3G\xf1+\xefw\xed5\xeck\
\xeb\x1f\xebP\xeb\xfc\xeb\x1d\xed\xa9\xee\x95\xf0\xd1\xf2N\
\xf5\xfa\xf7\xc1\xfa\x91\xfdW\x00\x03\x03\x82\x05\xc7\x07\xc4\
\x09p\x0b\xc4\x0c\xbc\x0dU\x0e\x92\x0eu\x0e\x07\x0eP\
\x0dY\x0c/\x0b\xdf\x09t\x08\xfd\x06\x85\x05\x18\x04\xc0\
\x02\x85\x01n\x00\x80\xff\xbc\xfe#\xfe\xb3\xfdh\xfd?\
\xfd/\xfd3\xfdA\xfdR\xfd^\xfd^\xfdL\xfd#\
\xfd\xdf\xfc\x80\xfc\x05\xfcp\xfb\xc6\xfa\x0c\xfaJ\xf9\x89\
\xf8\xd1\xf7-\xf7\xa8\xf6J\xf6\x1e\xf6+\xf6x\xf6\x09\
\xf7\xe2\xf7\x02\xf9f\xfa\x0b\xfc\xe8\xfd\xf4\xff#\x02i\
\x04\xb5\x06\xf9\x08#\x0b$\x0d\xeb\x0ej\x10\x93\x11[\
\x12\xba\x12\xaa\x12'\x123\x11\xd0\x0f\x05\x0e\xdc\x0bb\
\x09\xa5\x06\xb6\x03\xa9\x00\x91\xfd\x81\xfa\x8f\xf7\xcd\xf4M\
\xf2 \xf0T\xee\xf4\xec\x09\xec\x96\xeb\xa0\xeb#\xec\x1a\
\xed~\xeeD\xf0_\xf2\xbe\xf4P\xf7\x05\xfa\xc8\xfc\x88\
\xff2\x02\xb7\x04\x07\x07\x14\x09\xd5\x0aA\x0cR\x0d\x07\
\x0e`\x0e_\x0e\x0b\x0el\x0d\x8a\x0cq\x0b-\x0a\xcc\
\x08X\x07\xe0\x05o\x04\x0f\x03\xc9\x01\xa5\x00\xa8\xff\xd4\
\xfe+\xfe\xab\xfdS\xfd\x1e\xfd\x06\xfd\x05\xfd\x11\xfd%\
\xfd7\xfdA\xfd<\xfd\x22\xfd\xf1\xfc\xa5\xfc=\xfc\xbc\
\xfb%\xfb|\xfa\xc8\xf9\x11\xf9_\xf8\xbd\xf74\xf7\xce\
\xf6\x94\xf6\x8e\xf6\xc4\xf6:\xf7\xf4\xf7\xf3\xf85\xfa\xb8\
\xfbs\xfd`\xffr\x01\x9f\x03\xd8\x05\x0e\x080\x0a/\
\x0c\xfc\x0d\x87\x0f\xc3\x10\xa4\x11\x22\x125\x12\xda\x11\x0f\
\x11\xd7\x0f8\x0e9\x0c\xe7\x09N\x07\x80\x04\x8d\x01\x8a\
\xfe\x88\xfb\x9d\xf8\xda\xf5R\xf3\x16\xf15\xef\xba\xed\xae\
\xec\x19\xec\xfb\xebV\xec%\xeda\xee\x01\xf0\xf9\xf19\
\xf4\xb1\xf6Q\xf9\x05\xfc\xbd\xfed\x01\xec\x03E\x06`\
\x084\x0a\xb6\x0b\xe1\x0c\xb1\x0d%\x0e@\x0e\x07\x0e\x7f\
\x0d\xb3\x0c\xad\x0bx\x0a \x09\xb3\x07<\x06\xc9\x04b\
\x03\x13\x02\xe2\x00\xd7\xff\xf3\xfe:\xfe\xac\xfdF\xfd\x04\
\xfd\xe3\xfc\xda\xfc\xe4\xfc\xf8\xfc\x0e\xfd \xfd&\xfd\x1b\
\xfd\xfa\xfc\xc0\xfcl\xfc\xff\xfbz\xfb\xe2\xfa<\xfa\x91\
\xf9\xe7\xf8H\xf8\xbd\xf7P\xf7\x0b\xf7\xf4\xf6\x15\xf7r\
\xf7\x10\xf8\xf0\xf8\x11\xfar\xfb\x0d\xfd\xda\xfe\xd0\x00\xe3\
\x02\x07\x05-\x07E\x09A\x0b\x11\x0d\xa5\x0e\xf2\x0f\xea\
\x10\x83\x11\xb7\x11\x81\x11\xde\x10\xd0\x0f[\x0e\x87\x0c\x5c\
\x0a\xe9\x07<\x05e\x02x\xff\x86\xfc\xa3\xf9\xe2\xf6U\
\xf4\x0d\xf2\x19\xf0\x85\xee\x5c\xed\xa4\xecb\xec\x95\xec=\
\xedQ\xee\xcb\xef\x9f\xf1\xbf\xf3\x1d\xf6\xa6\xf8J\xfb\xf6\
\xfd\x99\x00\x22\x03\x82\x05\xaa\x07\x8e\x09%\x0bh\x0cQ\
\x0d\xe1\x0d\x18\x0e\xf9\x0d\x8a\x0d\xd5\x0c\xe2\x0b\xbd\x0aq\
\x09\x0b\x08\x98\x06#\x05\xb8\x03a\x02%\x01\x0b\x00\x1a\
\xffQ\xfe\xb3\xfd?\xfd\xf1\xfc\xc4\xfc\xb4\xfc\xb9\xfc\xcc\
\xfc\xe5\xfc\xfd\xfc\x0d\xfd\x0e\xfd\xfc\xfc\xd3\xfc\x91\xfc7\
\xfc\xc4\xfb=\xfb\xa7\xfa\x08\xfaf\xf9\xcc\xf8B\xf8\xd0\
\xf7\x81\xf7]\xf7k\xf7\xb1\xf74\xf8\xf7\xf8\xfa\xf9:\
\xfb\xb5\xfcc\xfe;\x005\x02B\x04W\x06d\x08Z\
\x0a*\x0c\xc6\x0d \x0f,\x10\xdf\x102\x11\x1e\x11\xa2\
\x10\xbc\x0fp\x0e\xc5\x0c\xc2\x0at\x08\xe9\x05/\x03Y\
\x00z\xfd\xa2\xfa\xe5\xf7U\xf5\x03\xf3\xff\xf0U\xef\x10\
\xee9\xed\xd3\xec\xe1\xeca\xedO\xee\xa3\xefS\xf1R\
\xf3\x93\xf5\x04\xf8\x96\xfa6\xfd\xd2\xffZ\x02\xbe\x04\xf1\
\x06\xe4\x08\x8e\x0a\xe7\x0b\xea\x0c\x94\x0d\xe6\x0d\xe2\x0d\x8d\
\x0d\xef\x0c\x10\x0c\xfc\x0a\xbe\x09a\x08\xf3\x06\x7f\x05\x11\
\x04\xb2\x02l\x01G\x00G\xffp\xfe\xc2\xfd?\xfd\xe3\
\xfc\xab\xfc\x92\xfc\x91\xfc\xa1\xfc\xbb\xfc\xd8\xfc\xef\xfc\xfc\
\xfc\xf7\xfc\xde\xfc\xae\xfce\xfc\x05\xfc\x8f\xfb\x08\xfbv\
\xfa\xdf\xf9J\xf9\xc2\xf8N\xf8\xf8\xf7\xc7\xf7\xc5\xf7\xf6\
\xf7a\xf8\x08\xf9\xed\xf9\x0e\xfbj\xfc\xf9\xfd\xb5\xff\x93\
\x01\x8a\x03\x8c\x05\x8c\x07z\x09I\x0b\xea\x0cO\x0el\
\x0f7\x10\xa6\x10\xb3\x10Z\x10\x9b\x0fw\x0e\xf4\x0c\x19\
\x0b\xf1\x08\x88\x06\xec\x03/\x01c\xfe\x98\xfb\xe2\xf8Q\
\xf6\xf8\xf3\xe6\xf1(\xf0\xca\xee\xd5\xedM\xed7\xed\x91\
\xedX\xee\x87\xef\x13\xf1\xf1\xf2\x14\xf5m\xf7\xea\xf9{\
\xfc\x0f\xff\x94\x01\xfc\x036\x067\x08\xf2\x09a\x0b|\
\x0c?\x0d\xac\x0d\xc2\x0d\x87\x0d\x01\x0d7\x0c5\x0b\x06\
\x0a\xb4\x08L\x07\xda\x05k\x04\x07\x03\xb8\x01\x87\x00{\
\xff\x95\xfe\xd8\xfdF\xfd\xdd\xfc\x99\xfcu\xfcm\xfcy\
\xfc\x93\xfc\xb2\xfc\xcf\xfc\xe5\xfc\xed\xfc\xe2\xfc\xc2\xfc\x8b\
\xfc<\xfc\xd7\xfb`\xfb\xdb\xfaO\xfa\xc2\xf9=\xf9\xc8\
\xf8m\xf82\xf8!\xf8@\xf8\x94\xf8\x22\xf9\xeb\xf9\xee\
\xfa+\xfc\x9c\xfd;\xff\xff\x00\xde\x02\xcd\x04\xbe\x06\xa3\
\x08o\x0a\x12\x0c\x80\x0d\xac\x0e\x8b\x0f\x13\x10?\x10\x08\
\x10n\x0fr\x0e\x16\x0db\x0b_\x09\x18\x07\x9b\x04\xf9\
\x01B\xff\x86\xfc\xd8\xf9I\xf7\xeb\xf4\xce\xf2\xff\xf0\x8a\
\xefx\xee\xd1\xed\x97\xed\xcd\xedo\xeex\xef\xe0\xf0\x9c\
\xf2\xa1\xf4\xdf\xf6G\xf9\xc8\xfbR\xfe\xd2\x00:\x03{\
\x05\x87\x07R\x09\xd4\x0a\x06\x0c\xe2\x0ci\x0d\x99\x0dx\
\x0d\x0a\x0dW\x0ch\x0bH\x0a\x03\x09\xa3\x075\x06\xc5\
\x04^\x03\x08\x02\xcd\x00\xb4\xff\xc0\xfe\xf5\xfdT\xfd\xdd\
\xfc\x8c\xfc^\xfcM\xfcT\xfck\xfc\x8b\xfc\xad\xfc\xcb\
\xfc\xdd\xfc\xe0\xfc\xcf\xfc\xa8\xfcj\xfc\x16\xfc\xaf\xfb8\
\xfb\xb7\xfa3\xfa\xb3\xf9?\xf9\xdf\xf8\x9d\xf8\x80\xf8\x8e\
\xf8\xce\xf8C\xf9\xf2\xf9\xd9\xfa\xf9\xfbL\xfd\xcf\xfex\
\x00?\x02\x19\x04\xfa\x05\xd5\x07\x9a\x09>\x0b\xb3\x0c\xeb\
\x0d\xdc\x0e|\x0f\xc4\x0f\xad\x0f7\x0f_\x0e*\x0d\x9c\
\x0b\xbe\x09\x9a\x07=\x05\xb6\x02\x14\x00j\xfd\xc6\xfa<\
\xf8\xdb\xf5\xb5\xf3\xd7\xf1M\xf0!\xef\x5c\xee\x02\xee\x14\
\xee\x91\xeeu\xef\xb9\xf0T\xf29\xf4\x5c\xf6\xad\xf8\x1d\
\xfb\x9a\xfd\x13\x00z\x02\xbf\x04\xd5\x06\xae\x08C\x0a\x89\
\x0b~\x0c\x1e\x0dh\x0da\x0d\x0b\x0do\x0c\x94\x0b\x85\
\x0aM\x09\xf7\x07\x8f\x06 \x05\xb7\x03[\x02\x18\x01\xf3\
\xff\xf2\xfe\x19\xfei\xfd\xe3\xfc\x85\xfcK\xfc1\xfc2\
\xfcE\xfce\xfc\x8a\xfc\xae\xfc\xc9\xfc\xd8\xfc\xd5\xfc\xbd\
\xfc\x8f\xfcL\xfc\xf4\xfb\x8c\xfb\x17\xfb\x9c\xfa\x22\xfa\xb1\
\xf9P\xf9\x07\xf9\xdf\xf8\xdf\xf8\x0c\xf9l\xf9\x02\xfa\xce\
\xfa\xd1\xfb\x09\xfdo\xfe\xfe\xff\xac\x01q\x03A\x05\x0f\
\x07\xce\x08p\x0a\xe8\x0b+\x0d,\x0e\xe1\x0eB\x0fJ\
\x0f\xf5\x0eA\x0e1\x0d\xc9\x0b\x0f\x0a\x0e\x08\xd1\x05f\
\x03\xdc\x00D\xfe\xac\xfb(\xf9\xc8\xf6\x9a\xf4\xaf\xf2\x13\
\xf1\xd0\xef\xef\xeeu\xeee\xee\xbe\xee~\xef\x9e\xf0\x17\
\xf2\xdd\xf3\xe4\xf5\x1d\xf8y\xfa\xe8\xfcZ\xff\xbd\x01\x05\
\x04\x22\x06\x08\x08\xac\x09\x07\x0b\x12\x0c\xca\x0c/\x0dA\
\x0d\x04\x0d\x7f\x0c\xb9\x0b\xbc\x0a\x93\x09H\x08\xe7\x06{\
\x05\x11\x04\xb1\x02f\x016\x00*\xffC\xfe\x85\xfd\xf0\
\xfc\x85\xfc?\xfc\x1b\xfc\x13\xfc\x22\xfc@\xfcf\xfc\x8e\
\xfc\xb2\xfc\xcb\xfc\xd4\xfc\xcb\xfc\xac\xfcy\xfc1\xfc\xd7\
\xfbo\xfb\xfe\xfa\x8c\xfa\x1e\xfa\xbd\xf9p\xf9@\xf93\
\xf9O\xf9\x9b\xf9\x1a\xfa\xcd\xfa\xb5\xfb\xd0\xfc\x1b\xfe\x90\
\xff%\x01\xd5\x02\x93\x04S\x06\x08\x08\xa7\x09\x22\x0bl\
\x0cz\x0dB\x0e\xbb\x0e\xdf\x0e\xa9\x0e\x18\x0e,\x0d\xe8\
\x0bS\x0au\x08X\x06\x0a\x04\x98\x01\x14\xff\x8a\xfc\x0e\
\xfa\xaf\xf7~\xf5\x89\xf3\xdc\xf1\x84\xf0\x88\xef\xf0\xee\xbf\
\xee\xf6\xee\x92\xef\x90\xf0\xe6\xf1\x8c\xf3v\xf5\x96\xf7\xde\
\xf9>\xfc\xa5\xfe\x03\x01K\x03n\x05^\x07\x12\x09\x7f\
\x0a\xa0\x0bp\x0c\xed\x0c\x18\x0d\xf5\x0c\x87\x0c\xd7\x0b\xed\
\x0a\xd3\x09\x94\x08<\x07\xd5\x05k\x04\x08\x03\xb7\x01~\
\x00g\xffs\xfe\xa7\xfd\x04\xfd\x8b\xfc8\xfc\x09\xfc\xf8\
\xfb\x01\xfc\x1c\xfcB\xfcn\xfc\x97\xfc\xb9\xfc\xce\xfc\xd1\
\xfc\xc2\xfc\x9d\xfce\xfc\x19\xfc\xbe\xfbY\xfb\xee\xfa\x86\
\xfa&\xfa\xd7\xf9\xa0\xf9\x88\xf9\x96\xf9\xd0\xf99\xfa\xd4\
\xfa\xa3\xfb\xa3\xfc\xd3\xfd-\xff\xaa\x00D\x02\xef\x03\xa0\
\x05K\x07\xe5\x08`\x0a\xb0\x0b\xc9\x0c\xa2\x0d0\x0en\
\x0eU\x0e\xe5\x0d\x1b\x0d\xfb\x0b\x89\x0a\xcd\x08\xd1\x06\xa1\
\x04H\x02\xd9\xff_\xfd\xed\xfa\x92\xf8_\xf6a\xf4\xa6\
\xf2;\xf1'\xf0s\xef#\xef9\xef\xb2\xef\x8d\xf0\xc1\
\xf1G\xf3\x14\xf5\x1a\xf7L\xf9\x9a\xfb\xf5\xfdM\x00\x94\
\x02\xba\x04\xb4\x06t\x08\xf3\x09(\x0b\x0e\x0c\xa4\x0c\xe8\
\x0c\xdd\x0c\x87\x0c\xed\x0b\x17\x0b\x0e\x0a\xdd\x08\x8e\x07-\
\x06\xc5\x04a\x03\x0b\x02\xca\x00\xa8\xff\xa8\xfe\xcf\xfd\x1e\
\xfd\x97\xfc7\xfc\xfc\xfb\xe2\xfb\xe4\xfb\xfa\xfb\x1f\xfcL\
\xfcz\xfc\xa3\xfc\xc2\xfc\xd2\xfc\xd0\xfc\xba\xfc\x90\xfcS\
\xfc\x06\xfc\xac\xfbK\xfb\xe8\xfa\x8b\xfa;\xfa\xff\xf9\xde\
\xf9\xdf\xf9\x09\xfa^\xfa\xe3\xfa\x99\xfb\x80\xfc\x96\xfd\xd7\
\xfe;\x00\xbe\x01U\x03\xf7\x04\x97\x06)\x08\xa2\x09\xf6\
\x0a\x18\x0c\xff\x0c\xa1\x0d\xf7\x0d\xfa\x0d\xa8\x0d\xff\x0c\x02\
\x0c\xb3\x0a\x19\x09>\x07+\x05\xed\x02\x92\x00+\xfe\xc4\
\xfbp\xf9<\xf78\xf5r\xf3\xf5\xf1\xcb\xf0\xfd\xef\x8f\
\xef\x85\xef\xdd\xef\x95\xf0\xa8\xf1\x0e\xf3\xbc\xf4\xa8\xf6\xc3\
\xf8\xfe\xfaL\xfd\x9c\xff\xdf\x01\x08\x04\x08\x06\xd4\x07b\
\x09\xaa\x0a\xa6\x0bS\x0c\xaf\x0c\xbd\x0c\x7f\x0c\xfc\x0b:\
\x0bC\x0a \x09\xdc\x07\x83\x06\x1f\x05\xbb\x03a\x02\x1a\
\x01\xee\xff\xe3\xfe\xfc\xfd>\xfd\xa9\xfc<\xfc\xf5\xfb\xd1\
\xfb\xca\xfb\xdb\xfb\xfd\xfb*\xfc\x5c\xfc\x8b\xfc\xb3\xfc\xcd\
\xfc\xd8\xfc\xd0\xfc\xb4\xfc\x86\xfcF\xfc\xf7\xfb\xa0\xfbD\
\xfb\xeb\xfa\x9b\xfa\x5c\xfa4\xfa+\xfaE\xfa\x89\xfa\xf9\
\xfa\x99\xfbg\xfcd\xfd\x8b\xfe\xd8\xffD\x01\xc7\x02X\
\x04\xeb\x05u\x07\xeb\x08@\x0ai\x0b\x5c\x0c\x0f\x0d{\
\x0d\x98\x0dc\x0d\xd9\x0c\xfd\x0b\xd0\x0aX\x09\x9d\x07\xa8\
\x05\x85\x03B\x01\xed\xfe\x94\xfcG\xfa\x15\xf8\x0d\xf6=\
\xf4\xb1\xf2t\xf1\x8d\xf0\x03\xf0\xda\xef\x11\xf0\xa8\xf0\x9a\
\xf1\xdf\xf2p\xf4@\xf6C\xf8k\xfa\xaa\xfc\xf0\xfe.\
\x01V\x03\x5c\x052\x07\xce\x08'\x0a7\x0b\xfb\x0bo\
\x0c\x95\x0cp\x0c\x03\x0cV\x0br\x0a^\x09'\x08\xd6\
\x06w\x05\x14\x04\xb8\x02l\x017\x00\x22\xff0\xfed\
\xfd\xc1\xfcG\xfc\xf4\xfb\xc4\xfb\xb4\xfb\xbf\xfb\xdd\xfb\x09\
\xfc<\xfcp\xfc\x9f\xfc\xc4\xfc\xda\xfc\xdf\xfc\xd1\xfc\xb0\
\xfc}\xfc;\xfc\xee\xfb\x9b\xfbG\xfb\xf9\xfa\xb7\xfa\x8a\
\xfaw\xfa\x85\xfa\xb9\xfa\x16\xfb\xa0\xfbW\xfc<\xfdJ\
\xfe\x80\xff\xd4\x00C\x02\xc2\x03H\x05\xc8\x069\x08\x8e\
\x09\xbd\x0a\xba\x0b|\x0c\xfa\x0c/\x0d\x15\x0d\xaa\x0c\xee\
\x0b\xe2\x0a\x8b\x09\xf0\x07\x19\x06\x12\x04\xe6\x01\xa5\xffZ\
\xfd\x17\xfb\xe9\xf8\xdf\xf6\x08\xf5o\xf3\x1f\xf2\x22\xf1~\
\xf08\xf0P\xf0\xc6\xf0\x97\xf1\xbc\xf2.\xf4\xe2\xf5\xcc\
\xf7\xe0\xf9\x0e\xfcI\xfe\x80\x00\xa7\x02\xb0\x04\x8e\x066\
\x08\xa0\x09\xc3\x0a\x9c\x0b(\x0cf\x0cX\x0c\x02\x0ck\
\x0b\x9a\x0a\x97\x09m\x08&\x07\xce\x05m\x04\x10\x03\xc0\
\x01\x84\x00f\xffh\xfe\x90\xfd\xdf\xfcX\xfc\xf8\xfb\xbd\
\xfb\xa3\xfb\xa6\xfb\xbf\xfb\xe9\xfb\x1c\xfcT\xfc\x89\xfc\xb6\
\xfc\xd6\xfc\xe7\xfc\xe7\xfc\xd3\xfc\xae\xfcx\xfc6\xfc\xeb\
\xfb\x9d\xfbR\xfb\x10\xfb\xdf\xfa\xc5\xfa\xc7\xfa\xec\xfa8\
\xfb\xae\xfbP\xfc\x1d\xfd\x14\xfe2\xffp\x00\xca\x017\
\x03\xae\x04#\x06\x8d\x07\xe1\x08\x12\x0a\x18\x0b\xe7\x0bw\
\x0c\xc2\x0c\xc1\x0cs\x0c\xd5\x0b\xe9\x0a\xb2\x096\x08~\
\x06\x93\x04\x80\x02R\x00\x18\xfe\xe0\xfb\xb7\xf9\xae\xf7\xd1\
\xf5-\xf4\xce\xf2\xbc\xf1\x00\xf1\x9d\xf0\x97\xf0\xee\xf0\x9e\
\xf1\xa4\xf2\xf7\xf3\x8f\xf5`\xf7^\xf9z\xfb\xa8\xfd\xd8\
\xff\xfb\x01\x05\x04\xea\x05\x9d\x07\x15\x09J\x0a7\x0b\xd9\
\x0b.\x0c8\x0c\xfa\x0by\x0b\xbb\x0a\xca\x09\xae\x08s\
\x07\x22\x06\xc6\x04i\x03\x16\x02\xd4\x00\xad\xff\xa5\xfe\xc1\
\xfd\x03\xfdn\xfc\x01\xfc\xba\xfb\x96\xfb\x90\xfb\xa3\xfb\xca\
\xfb\xfd\xfb6\xfco\xfc\xa4\xfc\xce\xfc\xea\xfc\xf5\xfc\xef\
\xfc\xd6\xfc\xad\xfcv\xfc4\xfc\xed\xfb\xa6\xfbf\xfb2\
\xfb\x12\xfb\x0b\xfb$\xfb`\xfb\xc3\xfbP\xfc\x07\xfd\xe7\
\xfd\xee\xfe\x16\x00[\x01\xb6\x02\x1d\x04\x87\x05\xe9\x069\
\x08l\x09w\x0aQ\x0b\xf1\x0bP\x0cg\x0c3\x0c\xb2\
\x0b\xe5\x0a\xcd\x09q\x08\xd7\x06\x07\x05\x0e\x03\xf5\x00\xcd\
\xfe\xa1\xfc\x80\xfax\xf8\x98\xf6\xeb\xf4~\xf3Z\xf2\x86\
\xf1\x0a\xf1\xe7\xf0\x1f\xf1\xb0\xf1\x96\xf2\xcb\xf3F\xf5\xfd\
\xf6\xe4\xf8\xee\xfa\x0d\xfd3\xffR\x01\x5c\x03E\x05\x01\
\x07\x86\x08\xcc\x09\xcd\x0a\x84\x0b\xf0\x0b\x11\x0c\xea\x0b\x7f\
\x0b\xd6\x0a\xf7\x09\xea\x08\xbb\x07s\x06\x1c\x05\xc2\x03m\
\x02'\x01\xf8\xff\xe6\xfe\xf7\xfd-\xfd\x8b\xfc\x11\xfc\xbd\
\xfb\x8e\xfb\x7f\xfb\x8b\xfb\xac\xfb\xdd\xfb\x17\xfcT\xfc\x8f\
\xfc\xc1\xfc\xe7\xfc\xfe\xfc\x04\xfd\xf8\xfc\xdb\xfc\xaf\xfcx\
\xfc8\xfc\xf6\xfb\xb8\xfb\x84\xfb_\xfbP\xfb]\xfb\x8b\
\xfb\xdd\xfbW\xfc\xf9\xfc\xc3\xfd\xb4\xfe\xc7\xff\xf7\x00>\
\x02\x95\x03\xf2\x04K\x06\x96\x07\xc9\x08\xd9\x09\xbc\x0ai\
\x0b\xda\x0b\x07\x0c\xec\x0b\x87\x0b\xd7\x0a\xde\x09\xa0\x08$\
\x07q\x05\x90\x03\x8f\x01y\xffZ\xfdB\xfb>\xf9\x5c\
\xf7\xa9\xf5/\xf4\xfa\xf2\x12\xf2}\xf1?\xf1Y\xf1\xcc\
\xf1\x93\xf2\xaa\xf3\x08\xf5\xa5\xf6t\xf8j\xfaz\xfc\x95\
\xfe\xac\x00\xb5\x02\xa1\x04e\x06\xf5\x07J\x09]\x0a)\
\x0b\xab\x0b\xe3\x0b\xd2\x0b}\x0b\xe9\x0a\x1d\x0a!\x09\xff\
\x07\xc1\x06q\x05\x19\x04\xc4\x02{\x01E\x00+\xff1\
\xfe[\xfd\xac\xfc%\xfc\xc6\xfb\x8b\xfbr\xfbv\xfb\x92\
\xfb\xbf\xfb\xf9\xfb8\xfcw\xfc\xb1\xfc\xe0\xfc\x01\xfd\x13\
\xfd\x13\xfd\x02\xfd\xe2\xfc\xb4\xfc}\xfcB\xfc\x07\xfc\xd2\
\xfb\xaa\xfb\x96\xfb\x99\xfb\xba\xfb\xfd\xfbe\xfc\xf3\xfc\xa8\
\xfd\x83\xfe\x81\xff\x9c\x00\xd1\x01\x17\x03f\x04\xb5\x05\xfa\
\x06+\x08=\x09'\x0a\xe1\x0aa\x0b\xa2\x0b\x9e\x0bS\
\x0b\xc0\x0a\xe4\x09\xc5\x08f\x07\xce\x05\x08\x04\x1d\x02\x1a\
\x00\x0b\xfe\xfe\xfb\xff\xf9\x1d\xf8e\xf6\xe1\xf4\x9d\xf3\xa2\
\xf2\xf6\xf1\x9e\xf1\x9c\xf1\xf1\xf1\x9a\xf2\x93\xf3\xd4\xf4V\
\xf6\x0d\xf8\xee\xf9\xed\xfb\xfc\xfd\x0b\x00\x11\x02\xfe\x03\xc8\
\x05b\x07\xc5\x08\xe8\x09\xc7\x0a_\x0b\xad\x0b\xb3\x0bt\
\x0b\xf5\x0a<\x0aR\x09>\x08\x0b\x07\xc3\x05p\x04\x1c\
\x03\xd0\x01\x95\x00t\xffp\xfe\x8f\xfd\xd3\xfc@\xfc\xd3\
\xfb\x8d\xfbi\xfbd\xfby\xfb\xa3\xfb\xdb\xfb\x1b\xfc^\
\xfc\x9d\xfc\xd4\xfc\xff\xfc\x1c\xfd(\xfd#\xfd\x0e\xfd\xeb\
\xfc\xbc\xfc\x88\xfcQ\xfc\x1e\xfc\xf4\xfb\xdb\xfb\xd6\xfb\xec\
\xfb!\xfcx\xfc\xf4\xfc\x95\xfd[\xfeD\xffK\x00m\
\x01\xa2\x02\xe2\x03&\x05d\x06\x91\x07\xa5\x08\x94\x09X\
\x0a\xe6\x0a9\x0bK\x0b\x19\x0b\xa0\x0a\xe1\x09\xde\x08\x9c\
\x07!\x06u\x04\xa1\x02\xb2\x00\xb4\xfe\xb2\xfc\xba\xfa\xda\
\xf8\x1f\xf7\x93\xf5B\xf45\xf3t\xf2\x04\xf2\xe7\xf1\x1f\
\xf2\xab\xf2\x86\xf3\xaa\xf4\x11\xf6\xb0\xf7{\xf9h\xfbi\
\xfdp\xffp\x01]\x03*\x05\xce\x06=\x08p\x09a\
\x0a\x0d\x0bp\x0b\x8d\x0bd\x0b\xfa\x0aU\x0a|\x09x\
\x08Q\x07\x12\x06\xc5\x04s\x03&\x02\xe8\x00\xbf\xff\xb2\
\xfe\xc6\xfd\xff\xfc_\xfc\xe6\xfb\x93\xfbe\xfbV\xfbd\
\xfb\x89\xfb\xbe\xfb\xfe\xfbC\xfc\x87\xfc\xc5\xfc\xf9\xfc\x1f\
\xfd7\xfd=\xfd3\xfd\x1b\xfd\xf6\xfc\xc8\xfc\x97\xfcf\
\xfc<\xfc\x1f\xfc\x14\xfc \xfcH\xfc\x91\xfc\xfb\xfc\x89\
\xfd<\xfe\x10\xff\x03\x00\x12\x016\x02g\x03\x9f\x04\xd4\
\x05\xfd\x06\x10\x08\x03\x09\xcf\x09j\x0a\xcd\x0a\xf3\x0a\xd8\
\x0ax\x0a\xd5\x09\xee\x08\xc8\x07h\x06\xd6\x04\x1b\x03@\
\x01S\xff_\xfdo\xfb\x93\xf9\xd6\xf7D\xf6\xe8\xf4\xcc\
\xf3\xf7\xf2p\xf29\xf2V\xf2\xc5\xf2\x82\xf3\x8b\xf4\xd6\
\xf5\x5c\xf7\x11\xf9\xeb\xfa\xdd\xfc\xd9\xfe\xd3\x00\xbe\x02\x8e\
\x048\x06\xb2\x07\xf3\x08\xf6\x09\xb4\x0a-\x0b`\x0bM\
\x0b\xf9\x0ah\x0a\xa1\x09\xac\x08\x93\x07^\x06\x17\x05\xc9\
\x03}\x02;\x01\x0d\x00\xf8\xfe\x03\xfe0\xfd\x84\xfc\xfe\
\xfb\x9f\xfbe\xfbM\xfbR\xfbq\xfb\xa2\xfb\xe1\xfb'\
\xfcn\xfc\xb2\xfc\xee\xfc\x1e\xfd?\xfdQ\xfdR\xfdD\
\xfd)\xfd\x03\xfd\xd8\xfc\xab\xfc\x82\xfcb\xfcR\xfcV\
\xfcs\xfc\xae\xfc\x08\xfd\x85\xfd$\xfe\xe5\xfe\xc5\xff\xc0\
\x00\xd3\x01\xf5\x02 \x04L\x05n\x06\x7f\x07u\x08G\
\x09\xec\x09^\x0a\x97\x0a\x91\x0aI\x0a\xbf\x09\xf4\x08\xea\
\x07\xa5\x06-\x05\x8a\x03\xc5\x01\xea\xff\x03\xfe\x1e\xfcG\
\xfa\x8a\xf8\xf3\xf6\x8e\xf5d\xf4~\xf3\xe1\xf2\x92\xf2\x94\
\xf2\xe7\xf2\x89\xf3u\xf4\xa5\xf5\x11\xf7\xb0\xf8v\xfaW\
\xfcH\xfe:\x00\x22\x02\xf3\x03\xa2\x05%\x07s\x08\x86\
\x09W\x0a\xe4\x0a,\x0b/\x0b\xef\x0as\x0a\xbf\x09\xdb\
\x08\xd0\x07\xa6\x06g\x05\x1e\x04\xd3\x02\x90\x01]\x00A\
\xffB\xfee\xfd\xad\xfc\x1b\xfc\xb0\xfbj\xfbH\xfbD\
\xfb[\xfb\x88\xfb\xc4\xfb\x0a\xfcT\xfc\x9d\xfc\xdf\xfc\x18\
\xfdC\xfd_\xfdk\xfdh\xfdV\xfd9\xfd\x14\xfd\xeb\
\xfc\xc4\xfc\xa4\xfc\x90\xfc\x8d\xfc\xa0\xfc\xce\xfc\x1a\xfd\x86\
\xfd\x14\xfe\xc2\xfe\x8f\xffw\x00x\x01\x8b\x02\xa9\x03\xca\
\x04\xe6\x05\xf3\x06\xea\x07\xc0\x08o\x09\xee\x096\x0aD\
\x0a\x13\x0a\xa2\x09\xf1\x08\x02\x08\xd8\x06z\x05\xef\x03@\
\x02w\x00\xa0\xfe\xc6\xfc\xf5\xfa:\xf9\xa1\xf74\xf6\xfe\
\xf4\x07\xf4W\xf3\xf1\xf2\xda\xf2\x12\xf3\x98\xf3h\xf4}\
\xf5\xd0\xf6W\xf8\x09\xfa\xd9\xfb\xbd\xfd\xa6\xff\x88\x01Y\
\x03\x0c\x05\x97\x06\xf1\x07\x12\x09\xf5\x09\x95\x0a\xf1\x0a\x09\
\x0b\xdf\x0aw\x0a\xd7\x09\x04\x09\x07\x08\xea\x06\xb4\x05q\
\x04(\x03\xe5\x01\xae\x00\x8d\xff\x86\xfe\x9f\xfd\xdb\xfc=\
\xfc\xc6\xfbu\xfbG\xfb:\xfbI\xfbp\xfb\xa9\xfb\xee\
\xfb9\xfc\x85\xfc\xce\xfc\x0e\xfdB\xfdh\xfd~\xfd\x85\
\xfd}\xfdi\xfdK\xfd(\xfd\x04\xfd\xe3\xfc\xcd\xfc\xc4\
\xfc\xcf\xfc\xf3\xfc1\xfd\x8e\xfd\x0a\xfe\xa6\xfea\xff7\
\x00'\x01*\x02:\x03O\x04c\x05l\x06b\x07<\
\x08\xf2\x08|\x09\xd3\x09\xf3\x09\xd8\x09~\x09\xe6\x08\x10\
\x08\x01\x07\xbc\x05J\x04\xb0\x02\xfb\x004\xfff\xfd\x9d\
\xfb\xe6\xf9L\xf8\xd9\xf6\x99\xf5\x94\xf4\xd1\xf3V\xf3'\
\xf3E\xf3\xb0\xf3e\xf4_\xf5\x98\xf6\x08\xf8\xa4\xf9c\
\xfb8\xfd\x17\xff\xf3\x00\xc2\x02x\x04\x09\x06m\x07\x9b\
\x08\x8e\x09@\x0a\xb0\x0a\xdd\x0a\xc9\x0au\x0a\xe8\x09'\
\x09:\x08)\x07\xfe\x05\xc1\x04}\x03:\x02\x01\x01\xdb\
\xff\xcc\xfe\xdc\xfd\x0d\xfdd\xfc\xe1\xfb\x83\xfbK\xfb4\
\xfb:\xfb[\xfb\x8f\xfb\xd2\xfb\x1d\xfcl\xfc\xb9\xfc\x00\
\xfd<\xfdl\xfd\x8c\xfd\x9d\xfd\x9f\xfd\x94\xfd}\xfd`\
\xfd?\xfd \xfd\x08\xfd\xfc\xfc\x00\xfd\x19\xfdL\xfd\x9a\
\xfd\x07\xfe\x92\xfe;\xff\x00\x00\xde\x00\xd0\x01\xd2\x02\xdc\
\x03\xe7\x04\xeb\x05\xde\x06\xba\x07v\x08\x09\x09n\x09\x9e\
\x09\x96\x09S\x09\xd2\x08\x16\x08 \x07\xf5\x05\x9a\x04\x18\
\x03v\x01\xc0\xff\xff\xfd@\xfc\x8d\xfa\xf3\xf8}\xf74\
\xf6\x22\xf5O\xf4\xc0\xf3z\xf3\x80\xf3\xd0\xf3j\xf4J\
\xf5i\xf6\xc1\xf7H\xf9\xf4\xfa\xba\xfc\x8d\xfeb\x00.\
\x02\xe4\x03z\x05\xe6\x06!\x08#\x09\xe7\x09j\x0a\xab\
\x0a\xab\x0al\x0a\xf2\x09C\x09g\x08d\x07C\x06\x0f\
\x05\xcf\x03\x8e\x02T\x01)\x00\x15\xff\x1c\xfeD\xfd\x8f\
\xfc\x00\xfc\x97\xfbS\xfb1\xfb/\xfbH\xfbw\xfb\xb7\
\xfb\x02\xfcR\xfc\xa3\xfc\xef\xfc3\xfdk\xfd\x94\xfd\xaf\
\xfd\xbb\xfd\xb9\xfd\xab\xfd\x93\xfdw\xfd[\xfdB\xfd3\
\xfd1\xfdB\xfdj\xfd\xab\xfd\x09\xfe\x84\xfe\x1c\xff\xd0\
\xff\x9c\x00\x7f\x01s\x02p\x03r\x04n\x05_\x06;\
\x07\xfb\x07\x96\x08\x07\x09F\x09P\x09!\x09\xb8\x08\x13\
\x086\x07$\x06\xe1\x04u\x03\xe8\x01C\x00\x91\xfe\xdc\
\xfc0\xfb\x97\xf9\x1e\xf8\xcf\xf6\xb2\xf5\xcf\xf4.\xf4\xd3\
\xf3\xc1\xf3\xf8\xf3x\xf4>\xf5D\xf6\x83\xf7\xf4\xf8\x8d\
\xfaB\xfc\x09\xfe\xd6\xff\x9c\x01R\x03\xec\x04_\x06\xa4\
\x07\xb4\x08\x88\x09\x1e\x0as\x0a\x87\x0a\x5c\x0a\xf6\x09Z\
\x09\x8e\x08\x99\x07\x85\x06Y\x05 \x04\xe2\x02\xa8\x01z\
\x00a\xff`\xfe~\xfd\xbf\xfc$\xfc\xaf\xfb`\xfb3\
\xfb(\xfb9\xfba\xfb\x9d\xfb\xe6\xfb7\xfc\x8b\xfc\xdb\
\xfc%\xfde\xfd\x98\xfd\xbc\xfd\xd2\xfd\xd8\xfd\xd3\xfd\xc2\
\xfd\xab\xfd\x92\xfdz\xfdi\xfdc\xfdm\xfd\x8b\xfd\xc0\
\xfd\x10\xfe|\xfe\x04\xff\xa7\xffc\x006\x01\x1b\x02\x0c\
\x03\x03\x04\xf8\x04\xe4\x05\xc0\x06\x82\x07$\x08\x9e\x08\xec\
\x08\x06\x09\xea\x08\x96\x08\x09\x08D\x07J\x06\x1f\x05\xc9\
\x03P\x02\xbd\x00\x1b\xffq\xfd\xcc\xfb7\xfa\xbd\xf8h\
\xf7B\xf6R\xf5\xa0\xf41\xf4\x09\xf4(\xf4\x8f\xf4;\
\xf5'\xf6O\xf7\xa9\xf8.\xfa\xd2\xfb\x8c\xfdO\xff\x0f\
\x01\xc2\x02^\x04\xd8\x05&\x07B\x08&\x09\xcd\x095\
\x0a]\x0aF\x0a\xf4\x09j\x09\xaf\x08\xca\x07\xc2\x06\xa0\
\x05n\x044\x03\xfb\x01\xcc\x00\xae\xff\xa6\xfe\xbc\xfd\xf3\
\xfcM\xfc\xcc\xfbq\xfb:\xfb$\xfb,\xfbN\xfb\x85\
\xfb\xcc\xfb\x1c\xfcq\xfc\xc6\xfc\x15\xfd\x5c\xfd\x97\xfd\xc4\
\xfd\xe3\xfd\xf3\xfd\xf5\xfd\xed\xfd\xdb\xfd\xc6\xfd\xaf\xfd\x9d\
\xfd\x94\xfd\x98\xfd\xae\xfd\xd9\xfd\x1c\xfez\xfe\xf2\xfe\x86\
\xff1\x00\xf5\x00\xcb\x01\xaf\x02\x9b\x03\x88\x04o\x05H\
\x06\x0b\x07\xb2\x076\x08\x8f\x08\xb8\x08\xaf\x08o\x08\xf7\
\x07I\x07g\x06S\x05\x14\x04\xb0\x020\x01\x9d\xff\xff\
\xfdc\xfc\xd3\xfaZ\xf9\x01\xf8\xd2\xf6\xd7\xf5\x16\xf5\x94\
\xf4V\xf4_\xf4\xad\xf4@\xf5\x13\xf6#\xf7f\xf8\xd6\
\xf9i\xfb\x14\xfd\xcc\xfe\x85\x005\x02\xd2\x03P\x05\xa6\
\x06\xce\x07\xc0\x08w\x09\xf1\x09,\x0a)\x0a\xea\x09t\
\x09\xca\x08\xf5\x07\xfa\x06\xe4\x05\xb9\x04\x85\x03N\x02\x1d\
\x01\xfc\xff\xef\xfe\xfd\xfd*\xfdz\xfc\xee\xfb\x87\xfbE\
\xfb%\xfb$\xfb>\xfbo\xfb\xb2\xfb\x01\xfcW\xfc\xae\
\xfc\x02\xfdO\xfd\x92\xfd\xc8\xfd\xef\xfd\x08\xfe\x13\xfe\x12\
\xfe\x07\xfe\xf6\xfd\xe2\xfd\xd0\xfd\xc5\xfd\xc4\xfd\xd3\xfd\xf5\
\xfd,\xfe}\xfe\xe7\xfek\xff\x07\x00\xbb\x00\x82\x01Y\
\x029\x03\x1d\x04\xfe\x04\xd4\x05\x98\x06C\x07\xcd\x070\
\x08h\x08n\x08A\x08\xdf\x07G\x07{\x06\x7f\x05V\
\x04\x07\x03\x99\x01\x16\x00\x87\xfe\xf4\xfcj\xfb\xf2\xf9\x97\
\xf8c\xf7]\xf6\x8e\xf5\xfb\xf4\xa9\xf4\x9b\xf4\xd2\xf4M\
\xf5\x08\xf6\xff\xf6,\xf8\x87\xf9\x08\xfb\xa3\xfcO\xfe\x00\
\x00\xac\x01G\x03\xc8\x04&\x06W\x07V\x08\x1d\x09\xa8\
\x09\xf6\x09\x06\x0a\xdb\x09w\x09\xdf\x08\x1a\x08.\x07#\
\x06\x02\x05\xd3\x03\x9f\x02o\x01K\x00:\xff@\xfee\
\xfd\xaa\xfc\x14\xfc\xa1\xfbT\xfb)\xfb\x1f\xfb1\xfb\x5c\
\xfb\x9a\xfb\xe6\xfb<\xfc\x95\xfc\xed\xfc?\xfd\x89\xfd\xc7\
\xfd\xf7\xfd\x18\xfe,\xfe3\xfe.\xfe\x22\xfe\x12\xfe\x01\
\xfe\xf5\xfd\xf0\xfd\xf9\xfd\x13\xfe@\xfe\x84\xfe\xe1\xfeV\
\xff\xe4\xff\x88\x00A\x01\x0a\x02\xdf\x02\xb9\x03\x93\x04e\
\x05'\x06\xd4\x06d\x07\xd1\x07\x15\x08*\x08\x0f\x08\xc0\
\x07>\x07\x88\x06\xa2\x05\x8f\x04T\x03\xfa\x01\x87\x00\x06\
\xff\x7f\xfd\xfc\xfb\x87\xfa+\xf9\xf2\xf7\xe3\xf6\x08\xf6e\
\xf5\x01\xf5\xde\xf4\xff\xf4a\xf5\x04\xf6\xe4\xf6\xfa\xf7@\
\xf9\xae\xfa9\xfc\xd8\xfd\x80\xff%\x01\xbf\x02B\x04\xa5\
\x05\xdf\x06\xe9\x07\xbf\x08Z\x09\xba\x09\xde\x09\xc5\x09t\
\x09\xef\x08:\x08\x5c\x07^\x06F\x05\x1f\x04\xef\x02\xc1\
\x01\x9b\x00\x86\xff\x86\xfe\xa3\xfd\xdf\xfc=\xfc\xc0\xfbg\
\xfb2\xfb\x1d\xfb'\xfbK\xfb\x84\xfb\xcd\xfb!\xfc{\
\xfc\xd6\xfc-\xfd}\xfd\xc2\xfd\xfa\xfd$\xfe@\xfeO\
\xfeQ\xfeK\xfe>\xfe0\xfe#\xfe\x1c\xfe \xfe3\
\xfeW\xfe\x90\xfe\xe0\xfeG\xff\xc7\xff\x5c\x00\x07\x01\xc2\
\x01\x8b\x02[\x03-\x04\xfa\x04\xbb\x05i\x06\xfd\x06q\
\x07\xc0\x07\xe3\x07\xd8\x07\x9c\x07.\x07\x8d\x06\xbc\x05\xbf\
\x04\x9a\x03R\x02\xf1\x00\x7f\xff\x03\xfe\x88\xfc\x18\xfb\xbc\
\xf9\x80\xf8j\xf7\x83\xf6\xd3\xf5]\xf5'\xf51\xf5}\
\xf5\x09\xf6\xd1\xf6\xd1\xf7\x01\xf9\x5c\xfa\xd6\xfbg\xfd\x05\
\xff\xa3\x009\x02\xbd\x03$\x05e\x06{\x07]\x08\x08\
\x09y\x09\xaf\x09\xaa\x09k\x09\xf8\x08T\x08\x85\x07\x94\
\x06\x87\x05h\x04>\x03\x11\x02\xeb\x00\xd3\xff\xcf\xfe\xe3\
\xfd\x16\xfdk\xfc\xe3\xfb\x7f\xfb?\xfb \xfb!\xfb<\
\xfbo\xfb\xb4\xfb\x07\xfc`\xfc\xbd\xfc\x18\xfdm\xfd\xb9\
\xfd\xf9\xfd+\xfeO\xfef\xfep\xfeo\xfeh\xfe\x5c\
\xfeP\xfeH\xfeH\xfeT\xfep\xfe\x9f\xfe\xe3\xfe>\
\xff\xb0\xff7\x00\xd3\x00\x82\x01>\x02\x04\x03\xcd\x03\x94\
\x04R\x05\x00\x06\x97\x06\x12\x07i\x07\x99\x07\x9d\x07s\
\x07\x17\x07\x8b\x06\xcf\x05\xe7\x04\xd6\x03\xa3\x02S\x01\xf0\
\xff\x80\xfe\x0e\xfd\xa4\xfbJ\xfa\x0b\xf9\xf0\xf7\x00\xf7C\
\xf6\xbd\xf5t\xf5j\xf5\xa0\xf5\x15\xf6\xc6\xf6\xaf\xf7\xca\
\xf8\x11\xfaz\xfb\xfd\xfc\x8f\xfe%\x00\xb7\x01:\x03\xa3\
\x04\xeb\x05\x0a\x07\xf8\x07\xb2\x084\x09{\x09\x88\x09\x5c\
\x09\xfb\x08h\x08\xa9\x07\xc5\x06\xc4\x05\xad\x04\x8a\x03a\
\x02;\x01 \x00\x18\xff'\xfeQ\xfd\x9c\xfc\x0a\xfc\x9b\
\xfbP\xfb'\xfb\x1e\xfb1\xfb^\xfb\x9e\xfb\xed\xfbF\
\xfc\xa4\xfc\x01\xfd[\xfd\xad\xfd\xf4\xfd.\xfeZ\xfey\
\xfe\x8a\xfe\x90\xfe\x8d\xfe\x85\xfez\xfer\xfeo\xfev\
\xfe\x8c\xfe\xb1\xfe\xeb\xfe9\xff\x9e\xff\x17\x00\xa6\x00G\
\x01\xf8\x01\xb2\x02s\x033\x04\xed\x04\x9a\x053\x06\xb3\
\x06\x12\x07N\x07_\x07E\x07\xfb\x06\x82\x06\xdb\x05\x07\
\x05\x0b\x04\xea\x02\xac\x01X\x00\xf6\xfe\x8f\xfd+\xfc\xd5\
\xfa\x95\xf9u\xf8}\xf7\xb4\xf6 \xf6\xc6\xf5\xa8\xf5\xc9\
\xf5(\xf6\xc2\xf6\x95\xf7\x9b\xf8\xce\xf9%\xfb\x99\xfc\x1e\
\xfe\xad\xff8\x01\xb9\x02$\x04q\x05\x97\x06\x91\x07X\
\x08\xea\x08B\x09a\x09G\x09\xf8\x08v\x08\xc7\x07\xf2\
\x06\xfd\x05\xf0\x04\xd3\x03\xae\x02\x8b\x01o\x00c\xffl\
\xfe\x8f\xfd\xd1\xfc4\xfc\xbb\xfbe\xfb1\xfb\x1e\xfb)\
\xfbN\xfb\x89\xfb\xd4\xfb+\xfc\x89\xfc\xe9\xfcG\xfd\x9e\
\xfd\xeb\xfd,\xfea\xfe\x87\xfe\xa0\xfe\xac\xfe\xaf\xfe\xab\
\xfe\xa3\xfe\x9a\xfe\x96\xfe\x9a\xfe\xa9\xfe\xc6\xfe\xf6\xfe9\
\xff\x92\xff\xff\xff\x80\x00\x14\x01\xb8\x01g\x02\x1e\x03\xd7\
\x03\x8c\x047\x05\xd1\x05T\x06\xbb\x06\x00\x07\x1e\x07\x12\
\x07\xda\x06t\x06\xe0\x05 \x058\x04*\x03\xfe\x01\xba\
\x00f\xff\x09\xfe\xad\xfc[\xfb\x1c\xfa\xf9\xf8\xfa\xf7'\
\xf7\x86\xf6\x1c\xf6\xec\xf5\xf8\xf5B\xf6\xc6\xf6\x83\xf7t\
\xf8\x92\xf9\xd8\xfa;\xfc\xb4\xfd8\xff\xbd\x00:\x02\xa6\
\x03\xf6\x04$\x06(\x07\xfc\x07\x9b\x08\x04\x094\x09-\
\x09\xef\x08\x7f\x08\xe0\x07\x19\x071\x06.\x05\x19\x04\xfa\
\x02\xd9\x01\xbd\x00\xaf\xff\xb3\xfe\xcf\xfd\x09\xfdc\xfc\xdf\
\xfb~\xfb@\xfb#\xfb%\xfbB\xfbv\xfb\xbd\xfb\x12\
\xfco\xfc\xd0\xfc0\xfd\x8c\xfd\xdf\xfd'\xfec\xfe\x91\
\xfe\xb1\xfe\xc5\xfe\xcd\xfe\xce\xfe\xc8\xfe\xc1\xfe\xbc\xfe\xbd\
\xfe\xc7\xfe\xde\xfe\x05\xff=\xff\x8a\xff\xeb\xff_\x00\xe6\
\x00~\x01\x22\x02\xd0\x02\x81\x030\x04\xd8\x04r\x05\xf8\
\x05d\x06\xb1\x06\xdb\x06\xdd\x06\xb4\x06_\x06\xde\x052\
\x05]\x04b\x03H\x02\x14\x01\xce\xff}\xfe)\xfd\xdd\
\xfb\xa0\xfa{\xf9w\xf8\x9b\xf7\xee\xf6u\xf64\xf6-\
\xf6b\xf6\xd1\xf6x\xf7T\xf8_\xf9\x91\xfa\xe4\xfbO\
\xfd\xc8\xfeE\x00\xbf\x01)\x03}\x04\xb0\x05\xbc\x06\x9c\
\x07I\x08\xc1\x08\x03\x09\x0c\x09\xe0\x08\x81\x08\xf3\x07<\
\x07`\x06i\x05]\x04D\x03&\x02\x0b\x01\xfb\xff\xfb\
\xfe\x12\xfeD\xfd\x94\xfc\x06\xfc\x9b\xfbR\xfb+\xfb$\
\xfb9\xfbf\xfb\xa8\xfb\xf9\xfbU\xfc\xb6\xfc\x19\xfdx\
\xfd\xd0\xfd\x1f\xfea\xfe\x97\xfe\xbe\xfe\xd9\xfe\xe8\xfe\xed\
\xfe\xec\xfe\xe6\xfe\xe1\xfe\xe0\xfe\xe6\xfe\xf7\xfe\x16\xffE\
\xff\x87\xff\xdc\xffD\x00\xbf\x00J\x01\xe4\x01\x87\x020\
\x03\xd9\x03|\x04\x15\x05\x9d\x05\x0e\x06b\x06\x95\x06\xa4\
\x06\x8a\x06E\x06\xd6\x05=\x05z\x04\x93\x03\x8a\x02g\
\x01/\x00\xea\xfe\xa0\xfdZ\xfc \xfb\xfb\xf9\xf3\xf8\x10\
\xf8X\xf7\xd1\xf6\x80\xf6g\xf6\x88\xf6\xe3\xf6u\xf7<\
\xf82\xf9R\xfa\x94\xfb\xf1\xfc^\xfe\xd4\xffG\x01\xaf\
\x02\x04\x04<\x05P\x06:\x07\xf4\x07{\x08\xcc\x08\xe7\
\x08\xcc\x08~\x08\x01\x08X\x07\x8b\x06\x9f\x05\x9d\x04\x8b\
\x03q\x02X\x01G\x00E\xffV\xfe\x81\xfd\xc9\xfc1\
\xfc\xbc\xfbi\xfb7\xfb&\xfb2\xfbX\xfb\x94\xfb\xe1\
\xfb;\xfc\x9c\xfc\x00\xfdb\xfd\xbf\xfd\x13\xfe\x5c\xfe\x99\
\xfe\xc8\xfe\xe9\xfe\xff\xfe\x09\xff\x0c\xff\x09\xff\x05\xff\x02\
\xff\x05\xff\x11\xff)\xffP\xff\x88\xff\xd2\xff.\x00\x9d\
\x00\x1d\x01\xab\x01D\x02\xe4\x02\x86\x03%\x04\xbc\x04D\
\x05\xb8\x05\x13\x06O\x06h\x06\x5c\x06'\x06\xc9\x05A\
\x05\x91\x04\xbc\x03\xc5\x02\xb2\x01\x89\x00Q\xff\x11\xfe\xd2\
\xfc\x9c\xfbx\xfam\xf9\x84\xf8\xc3\xf70\xf7\xd0\xf6\xa6\
\xf6\xb4\xf6\xfb\xf6x\xf7*\xf8\x0d\xf9\x1a\xfaK\xfb\x99\
\xfc\xfa\xfdf\xff\xd2\x008\x02\x8c\x03\xc8\x04\xe3\x05\xd6\
\x06\x9b\x070\x08\x91\x08\xbc\x08\xb3\x08v\x08\x09\x08p\
\x07\xb1\x06\xd1\x05\xd9\x04\xcf\x03\xbb\x02\xa4\x01\x93\x00\x8f\
\xff\x9c\xfe\xc0\xfd\x01\xfd`\xfc\xe0\xfb\x83\xfbG\xfb,\
\xfb/\xfbN\xfb\x83\xfb\xcb\xfb\x22\xfc\x82\xfc\xe6\xfcK\
\xfd\xab\xfd\x05\xfeT\xfe\x97\xfe\xcd\xfe\xf6\xfe\x11\xff\x22\
\xff)\xff*\xff'\xff$\xff%\xff,\xff>\xff^\
\xff\x8d\xff\xcd\xff\x1d\x00\x81\x00\xf5\x00x\x01\x06\x02\x9d\
\x028\x03\xd2\x03f\x04\xee\x04d\x05\xc3\x05\x07\x06+\
\x06+\x06\x04\x06\xb6\x05?\x05\xa1\x04\xde\x03\xf9\x02\xf6\
\x01\xdc\x00\xb2\xff}\xfeE\xfd\x14\xfc\xf2\xfa\xe6\xf9\xf8\
\xf8/\xf8\x91\xf7#\xf7\xe9\xf6\xe5\xf6\x19\xf7\x82\xf7 \
\xf8\xef\xf8\xe9\xf9\x09\xfbG\xfc\x9b\xfd\xfd\xfeb\x00\xc3\
\x01\x17\x03U\x04u\x05p\x06A\x07\xe2\x07Q\x08\x8d\
\x08\x94\x08h\x08\x0b\x08\x82\x07\xd1\x06\xff\x05\x11\x05\x10\
\x04\x02\x03\xef\x01\xdf\x00\xd9\xff\xe3\xfe\x02\xfe;\xfd\x91\
\xfc\x08\xfc\xa1\xfb[\xfb6\xfb0\xfbF\xfbt\xfb\xb7\
\xfb\x0a\xfch\xfc\xcc\xfc2\xfd\x96\xfd\xf3\xfdH\xfe\x92\
\xfe\xcf\xfe\xfe\xfe!\xff7\xffC\xffG\xffG\xffD\
\xffD\xffH\xffU\xffn\xff\x94\xff\xcb\xff\x11\x00i\
\x00\xd2\x00J\x01\xcf\x01\x5c\x02\xf0\x02\x84\x03\x14\x04\x9a\
\x04\x11\x05u\x05\xbf\x05\xec\x05\xf7\x05\xde\x05\x9e\x058\
\x05\xab\x04\xf9\x03&\x034\x02)\x01\x0b\x00\xe2\xfe\xb4\
\xfd\x88\xfci\xfb\x5c\xfaj\xf9\x9b\xf8\xf3\xf7y\xf70\
\xf7\x1b\xf7<\xf7\x93\xf7\x1d\xf8\xd8\xf8\xbf\xf9\xcd\xfa\xfb\
\xfbB\xfd\x98\xfe\xf6\xffR\x01\xa3\x02\xe2\x03\x07\x05\x09\
\x06\xe3\x06\x91\x07\x0e\x08Y\x08p\x08U\x08\x08\x08\x8f\
\x07\xed\x06(\x06E\x05M\x04F\x038\x02*\x01#\
\x00+\xffE\xfew\xfd\xc6\xfc4\xfc\xc2\xfbr\xfbC\
\xfb4\xfbA\xfbh\xfb\xa5\xfb\xf3\xfbN\xfc\xb1\xfc\x18\
\xfd~\xfd\xe0\xfd:\xfe\x89\xfe\xcd\xfe\x03\xff,\xffH\
\xffZ\xffb\xffd\xffc\xffb\xffd\xffm\xff\x80\
\xff\x9f\xff\xcd\xff\x09\x00W\x00\xb5\x00\x22\x01\x9c\x01!\
\x02\xac\x029\x03\xc5\x03I\x04\xc1\x04'\x05w\x05\xab\
\x05\xc1\x05\xb4\x05\x83\x05,\x05\xaf\x04\x0e\x04K\x03j\
\x02n\x01^\x00A\xff\x1c\xfe\xf8\xfc\xdc\xfb\xd0\xfa\xdc\
\xf9\x07\xf9V\xf8\xd1\xf7z\xf7V\xf7e\xf7\xa9\xf7 \
\xf8\xc7\xf8\x9c\xf9\x99\xfa\xb7\xfb\xef\xfc:\xfe\x8f\xff\xe4\
\x003\x02r\x03\x99\x04\xa1\x05\x84\x06=\x07\xc7\x07 \
\x08G\x08<\x08\x00\x08\x97\x07\x03\x07L\x06u\x05\x87\
\x04\x88\x03\x7f\x02t\x01m\x00s\xff\x89\xfe\xb6\xfd\xfd\
\xfcb\xfc\xe7\xfb\x8d\xfbT\xfb;\xfb@\xfb_\xfb\x95\
\xfb\xde\xfb6\xfc\x97\xfc\xfe\xfcf\xfd\xcb\xfd)\xfe~\
\xfe\xc7\xfe\x04\xff4\xffV\xffm\xffz\xff\x80\xff\x80\
\xff\x7f\xff\x80\xff\x86\xff\x94\xff\xac\xff\xd2\xff\x05\x00I\
\x00\x9c\x00\xff\x00o\x01\xea\x01m\x02\xf4\x02z\x03\xfc\
\x03s\x04\xdb\x04/\x05j\x05\x88\x05\x87\x05c\x05\x1b\
\x05\xae\x04\x1d\x04k\x03\x99\x02\xad\x01\xab\x00\x9a\xff\x7f\
\xfeb\xfdK\xfcA\xfbL\xfar\xf9\xba\xf8+\xf8\xc7\
\xf7\x94\xf7\x93\xf7\xc5\xf7)\xf8\xbe\xf8\x80\xf9k\xfax\
\xfb\xa2\xfc\xe0\xfd+\xffz\x00\xc4\x01\x03\x03,\x049\
\x05$\x06\xe7\x06}\x07\xe4\x07\x1a\x08\x1f\x08\xf3\x07\x99\
\x07\x15\x07k\x06\xa1\x05\xbd\x04\xc6\x03\xc3\x02\xbc\x01\xb7\
\x00\xbb\xff\xce\xfe\xf6\xfd6\xfd\x93\xfc\x0f\xfc\xac\xfbi\
\xfbF\xfbA\xfbX\xfb\x87\xfb\xcb\xfb\x1e\xfc~\xfc\xe4\
\xfcM\xfd\xb4\xfd\x16\xfep\xfe\xbf\xfe\x02\xff8\xffa\
\xff~\xff\x90\xff\x99\xff\x9c\xff\x9c\xff\x9c\xff\x9f\xff\xa8\
\xff\xbb\xff\xda\xff\x04\x00?\x00\x89\x00\xe1\x00G\x01\xb9\
\x013\x02\xb3\x024\x03\xb2\x03'\x04\x90\x04\xe7\x04(\
\x05O\x05X\x05?\x05\x05\x05\xa7\x04&\x04\x84\x03\xc2\
\x02\xe5\x01\xf1\x00\xed\xff\xdd\xfe\xc8\xfd\xb6\xfc\xaf\xfb\xb9\
\xfa\xdc\xf9\x1f\xf9\x86\xf8\x17\xf8\xd6\xf7\xc5\xf7\xe6\xf78\
\xf8\xba\xf8j\xf9C\xfa@\xfb[\xfc\x8d\xfd\xcd\xfe\x14\
\x00Z\x01\x96\x02\xc0\x03\xd1\x04\xc3\x05\x8f\x060\x07\xa4\
\x07\xe9\x07\xfc\x07\xe0\x07\x96\x07!\x07\x85\x06\xc8\x05\xef\
\x04\x01\x04\x05\x03\x02\x02\xff\x00\x03\x00\x14\xff7\xfer\
\xfd\xc7\xfc;\xfc\xce\xfb\x81\xfbT\xfbF\xfbU\xfb|\
\xfb\xba\xfb\x09\xfce\xfc\xca\xfc3\xfd\x9c\xfd\x01\xfe_\
\xfe\xb4\xfe\xfd\xfe9\xffh\xff\x8b\xff\xa2\xff\xaf\xff\xb5\
\xff\xb7\xff\xb6\xff\xb8\xff\xbe\xff\xcc\xff\xe4\xff\x07\x009\
\x00y\x00\xc8\x00$\x01\x8c\x01\xfe\x01v\x02\xf1\x02k\
\x03\xdf\x03H\x04\xa1\x04\xe7\x04\x14\x05&\x05\x19\x05\xeb\
\x04\x9c\x04*\x04\x97\x03\xe5\x02\x17\x021\x019\x004\
\xff)\xfe\x1d\xfd\x1a\xfc%\xfbE\xfa\x83\xf9\xe2\xf8i\
\xf8\x1b\xf8\xfb\xf7\x0b\xf8L\xf8\xbd\xf8[\xf9\x22\xfa\x0f\
\xfb\x1a\xfc?\xfdt\xfe\xb3\xff\xf2\x00+\x02V\x03j\
\x04a\x055\x06\xe1\x06a\x07\xb3\x07\xd6\x07\xc9\x07\x8e\
\x07(\x07\x9b\x06\xea\x05\x1d\x059\x04D\x03F\x02F\
\x01K\x00[\xffz\xfe\xaf\xfd\xfd\xfci\xfc\xf3\xfb\x9c\
\xfbf\xfbO\xfbT\xfbt\xfb\xab\xfb\xf5\xfbM\xfc\xb0\
\xfc\x18\xfd\x82\xfd\xea\xfdL\xfe\xa6\xfe\xf4\xfe6\xffl\
\xff\x94\xff\xb1\xff\xc3\xff\xcc\xff\xd0\xff\xd0\xff\xd1\xff\xd4\
\xff\xde\xff\xf0\xff\x0d\x006\x00n\x00\xb3\x00\x06\x01e\
\x01\xce\x01?\x02\xb3\x02(\x03\x99\x03\x01\x04\x5c\x04\xa6\
\x04\xd9\x04\xf3\x04\xf0\x04\xce\x04\x8c\x04)\x04\xa5\x03\x02\
\x03C\x02k\x01\x80\x00\x87\xff\x84\xfe\x80\xfd\x80\xfc\x8d\
\xfb\xad\xfa\xe6\xf9?\xf9\xbc\xf8b\xf85\xf86\xf8f\
\xf8\xc5\xf8Q\xf9\x07\xfa\xe3\xfa\xe0\xfb\xf6\xfc \xfeV\
\xff\x8e\x00\xc3\x01\xed\x02\x03\x04\xfe\x04\xd9\x05\x8f\x06\x1b\
\x07z\x07\xab\x07\xad\x07\x81\x07*\x07\xab\x06\x08\x06G\
\x05l\x04\x80\x03\x88\x02\x8c\x01\x92\x00\xa1\xff\xbe\xfe\xee\
\xfd6\xfd\x99\xfc\x1b\xfc\xbb\xfb{\xfb[\xfbW\xfbo\
\xfb\x9f\xfb\xe2\xfb7\xfc\x97\xfc\xfe\xfci\xfd\xd2\xfd8\
\xfe\x95\xfe\xe9\xfe1\xffl\xff\x9b\xff\xbd\xff\xd3\xff\xe1\
\xff\xe7\xff\xe9\xff\xe9\xff\xeb\xff\xf1\xff\xff\xff\x15\x007\
\x00f\x00\xa2\x00\xec\x00B\x01\xa2\x01\x0b\x02y\x02\xe9\
\x02V\x03\xbd\x03\x19\x04e\x04\x9e\x04\xbf\x04\xc5\x04\xae\
\x04x\x04\x22\x04\xad\x03\x19\x03h\x02\x9f\x01\xc0\x00\xd3\
\xff\xda\xfe\xde\xfd\xe4\xfc\xf3\xfb\x12\xfbI\xfa\x9c\xf9\x10\
\xf9\xac\xf8r\xf8d\xf8\x85\xf8\xd3\xf8N\xf9\xf3\xf9\xbe\
\xfa\xab\xfb\xb4\xfc\xd1\xfd\xfd\xfe.\x00_\x01\x86\x02\x9d\
\x03\x9c\x04}\x05;\x06\xd2\x06=\x07|\x07\x8c\x07p\
\x07(\x07\xb7\x06!\x06l\x05\x9c\x04\xb9\x03\xc8\x02\xd0\
\x01\xd8\x00\xe7\xff\x02\xff.\xfep\xfd\xcc\xfcF\xfc\xdd\
\xfb\x94\xfbj\xfb]\xfbm\xfb\x95\xfb\xd2\xfb\x22\xfc~\
\xfc\xe4\xfcN\xfd\xb9\xfd!\xfe\x83\xfe\xdb\xfe)\xffj\
\xff\x9e\xff\xc6\xff\xe1\xff\xf3\xff\xfc\xff\x00\x00\x00\x00\x00\
\x00\x04\x00\x0d\x00\x1f\x00:\x00b\x00\x96\x00\xd7\x00$\
\x01|\x01\xdc\x01D\x02\xae\x02\x17\x03|\x03\xd7\x03%\
\x04b\x04\x89\x04\x98\x04\x8b\x04a\x04\x18\x04\xb0\x03*\
\x03\x88\x02\xcd\x01\xfb\x00\x19\x00+\xff7\xfeC\xfdU\
\xfcv\xfb\xaa\xfa\xf8\xf9f\xf9\xf8\xf8\xb2\xf8\x96\xf8\xa8\
\xf8\xe6\xf8P\xf9\xe4\xf9\x9f\xfa|\xfbw\xfc\x88\xfd\xa9\
\xfe\xd3\xff\xfd\x00\x22\x028\x03:\x04!\x05\xe6\x05\x86\
\x06\xfd\x06I\x07g\x07Y\x07 \x07\xbe\x066\x06\x8d\
\x05\xc8\x04\xee\x03\x04\x03\x12\x02\x1d\x01,\x00F\xffo\
\xfe\xac\xfd\x02\xfds\xfc\x02\xfc\xb0\xfb|\xfbf\xfbm\
\xfb\x8e\xfb\xc5\xfb\x0e\xfcg\xfc\xca\xfc4\xfd\xa0\xfd\x0a\
\xfen\xfe\xcb\xfe\x1e\xffd\xff\x9e\xff\xcb\xff\xec\xff\x01\
\x00\x0e\x00\x14\x00\x16\x00\x16\x00\x18\x00\x1e\x00+\x00@\
\x00a\x00\x8d\x00\xc5\x00\x0a\x01Y\x01\xb2\x01\x12\x02v\
\x02\xdb\x02=\x03\x98\x03\xe7\x03'\x04T\x04j\x04f\
\x04F\x04\x0a\x04\xaf\x037\x03\xa2\x02\xf4\x010\x01Z\
\x00w\xff\x8b\xfe\x9d\xfd\xb4\xfc\xd6\xfb\x0a\xfbT\xfa\xbc\
\xf9E\xf9\xf4\xf8\xcc\xf8\xcf\xf8\xfe\xf8X\xf9\xdb\xf9\x86\
\xfaT\xfb@\xfcD\xfdZ\xfe{\xff\x9f\x00\xc0\x01\xd6\
\x02\xd9\x03\xc4\x04\x90\x059\x06\xbb\x06\x13\x07?\x07?\
\x07\x14\x07\xc0\x06E\x06\xa9\x05\xf0\x04 \x04>\x03Q\
\x02`\x01p\x00\x8a\xff\xb0\xfe\xe9\xfd9\xfd\xa3\xfc*\
\xfc\xce\xfb\x92\xfbs\xfbq\xfb\x89\xfb\xb9\xfb\xfd\xfbQ\
\xfc\xb2\xfc\x1a\xfd\x85\xfd\xf1\xfdX\xfe\xb9\xfe\x10\xff\x5c\
\xff\x9b\xff\xce\xff\xf5\xff\x0e\x00\x1f\x00(\x00+\x00,\
\x00,\x00/\x008\x00H\x00b\x00\x87\x00\xb7\x00\xf4\
\x00;\x01\x8c\x01\xe5\x01C\x02\xa3\x02\x01\x03[\x03\xaa\
\x03\xed\x03\x1e\x04:\x04?\x04)\x04\xf7\x03\xa9\x03>\
\x03\xb7\x02\x17\x02`\x01\x95\x00\xbd\xff\xda\xfe\xf4\xfd\x10\
\xfd4\xfcg\xfb\xaf\xfa\x12\xfa\x93\xf99\xf9\x05\xf9\xfa\
\xf8\x1a\xf9d\xf9\xd8\xf9r\xfa1\xfb\x0e\xfc\x05\xfd\x10\
\xfe(\xffE\x00a\x01u\x02y\x03g\x049\x05\xea\
\x05v\x06\xd9\x06\x12\x07 \x07\x03\x07\xbd\x06P\x06\xc1\
\x05\x14\x05M\x04t\x03\x8e\x02\xa1\x01\xb4\x00\xce\xff\xf2\
\xfe'\xfer\xfd\xd5\xfcT\xfc\xf0\xfb\xaa\xfb\x83\xfbx\
\xfb\x88\xfb\xb0\xfb\xee\xfb=\xfc\x9a\xfc\x00\xfdk\xfd\xd7\
\xfdA\xfe\xa5\xfe\x00\xffQ\xff\x96\xff\xce\xff\xfa\xff\x18\
\x00-\x009\x00?\x00@\x00@\x00A\x00G\x00R\
\x00f\x00\x84\x00\xad\x00\xe1\x00!\x01j\x01\xbc\x01\x13\
\x02n\x02\xc9\x02 \x03o\x03\xb3\x03\xe8\x03\x0a\x04\x16\
\x04\x09\x04\xe2\x03\xa0\x03A\x03\xc7\x024\x02\x89\x01\xcb\
\x00\xfe\xff%\xffF\xfeg\xfd\x8f\xfc\xc3\xfb\x09\xfbg\
\xfa\xe2\xf9\x7f\xf9@\xf9)\xf9:\xf9v\xf9\xda\xf9e\
\xfa\x14\xfb\xe2\xfb\xcc\xfc\xcb\xfd\xd9\xfe\xef\xff\x05\x01\x16\
\x02\x1a\x03\x0b\x04\xe2\x04\x9a\x05/\x06\x9d\x06\xe2\x06\xfd\
\x06\xee\x06\xb6\x06W\x06\xd5\x053\x05w\x04\xa7\x03\xc8\
\x02\xe0\x01\xf6\x00\x10\x004\xffg\xfe\xac\xfd\x09\xfd\x81\
\xfc\x15\xfc\xc6\xfb\x95\xfb\x82\xfb\x89\xfb\xaa\xfb\xe1\xfb+\
\xfc\x83\xfc\xe7\xfcQ\xfd\xbd\xfd(\xfe\x8f\xfe\xee\xfeD\
\xff\x8e\xff\xcb\xff\xfc\xff \x009\x00I\x00Q\x00T\
\x00S\x00S\x00V\x00^\x00l\x00\x84\x00\xa6\x00\xd3\
\x00\x0a\x01L\x01\x96\x01\xe8\x01=\x02\x93\x02\xe8\x026\
\x03{\x03\xb3\x03\xd9\x03\xec\x03\xe7\x03\xca\x03\x92\x03@\
\x03\xd3\x02L\x02\xae\x01\xfb\x008\x00j\xff\x93\xfe\xbb\
\xfd\xe7\xfc\x1c\xfcb\xfb\xbd\xfa2\xfa\xc6\xf9}\xf9Z\
\xf9_\xf9\x8c\xf9\xe1\xf9\x5c\xfa\xfc\xfa\xbc\xfb\x99\xfc\x8b\
\xfd\x8f\xfe\x9d\xff\xad\x00\xbb\x01\xbe\x02\xb0\x03\x8a\x04I\
\x05\xe6\x05^\x06\xaf\x06\xd6\x06\xd4\x06\xaa\x06Y\x06\xe4\
\x05N\x05\x9e\x04\xd6\x03\xff\x02\x1d\x027\x01R\x00v\
\xff\xa6\xfe\xe8\xfd?\xfd\xb0\xfc<\xfc\xe5\xfb\xab\xfb\x8f\
\xfb\x8e\xfb\xa7\xfb\xd7\xfb\x1b\xfcn\xfc\xce\xfc7\xfd\xa3\
\xfd\x0f\xfex\xfe\xda\xfe4\xff\x83\xff\xc6\xff\xfc\xff%\
\x00C\x00V\x00a\x00f\x00f\x00e\x00f\x00j\
\x00t\x00\x87\x00\xa2\x00\xc8\x00\xf8\x002\x01u\x01\xc0\
\x01\x0f\x02a\x02\xb3\x02\xff\x02D\x03~\x03\xa8\x03\xc0\
\x03\xc3\x03\xaf\x03\x82\x03:\x03\xd9\x02_\x02\xcd\x01'\
\x01o\x00\xaa\xff\xdc\xfe\x0a\xfe;\xfds\xfc\xb8\xfb\x11\
\xfb\x81\xfa\x0f\xfa\xbd\xf9\x8f\xf9\x87\xf9\xa6\xf9\xec\xf9Y\
\xfa\xea\xfa\x9b\xfbj\xfcQ\xfdJ\xfeO\xffX\x00a\
\x01c\x02U\x033\x04\xf7\x04\x9b\x05\x1d\x06x\x06\xac\
\x06\xb7\x06\x9a\x06V\x06\xee\x05e\x05\xc0\x04\x02\x043\
\x03W\x02u\x01\x93\x00\xb8\xff\xe6\xfe$\xfew\xfd\xe1\
\xfce\xfc\x06\xfc\xc4\xfb\x9f\xfb\x95\xfb\xa6\xfb\xcf\xfb\x0c\
\xfc[\xfc\xb7\xfc\x1d\xfd\x88\xfd\xf5\xfd`\xfe\xc5\xfe#\
\xffv\xff\xbe\xff\xf9\xff'\x00J\x00a\x00p\x00v\
\x00x\x00w\x00v\x00x\x00~\x00\x8b\x00\xa1\x00\xc0\
\x00\xe9\x00\x1c\x01X\x01\x9c\x01\xe5\x013\x02\x80\x02\xcb\
\x02\x0f\x03J\x03x\x03\x95\x03\x9e\x03\x92\x03n\x032\
\x03\xdc\x02n\x02\xe8\x01M\x01\xa0\x00\xe6\xff \xffV\
\xfe\x8b\xfd\xc7\xfc\x0d\xfcd\xfb\xd1\xfaX\xfa\xfe\xf9\xc6\
\xf9\xb2\xf9\xc4\xf9\xfc\xf9Z\xfa\xdd\xfa\x80\xfbA\xfc\x1b\
\xfd\x09\xfe\x05\xff\x07\x00\x0b\x01\x0a\x02\xfc\x02\xdc\x03\xa4\
\x04O\x05\xd9\x05?\x06\x7f\x06\x96\x06\x86\x06O\x06\xf4\
\x05x\x05\xdd\x04*\x04d\x03\x8f\x02\xb2\x01\xd3\x00\xf8\
\xff&\xffa\xfe\xaf\xfd\x14\xfd\x91\xfc*\xfc\xdf\xfb\xb1\
\xfb\xa0\xfb\xa8\xfb\xc9\xfb\x00\xfcJ\xfc\xa2\xfc\x04\xfdn\
\xfd\xdb\xfdF\xfe\xae\xfe\x0f\xffg\xff\xb3\xff\xf4\xff'\
\x00N\x00j\x00|\x00\x86\x00\x89\x00\x88\x00\x87\x00\x86\
\x00\x89\x00\x92\x00\xa2\x00\xbb\x00\xdd\x00\x09\x01>\x01{\
\x01\xbf\x01\x07\x02Q\x02\x99\x02\xdc\x02\x18\x03G\x03i\
\x03x\x03s\x03X\x03%\x03\xdb\x02x\x02\xfe\x01o\
\x01\xcd\x00\x1c\x00`\xff\x9d\xfe\xd8\xfd\x17\xfd_\xfc\xb5\
\xfb\x1f\xfb\xa1\xfa@\xfa\xfe\xf9\xe0\xf9\xe5\xf9\x11\xfaa\
\xfa\xd5\xfaj\xfb\x1d\xfc\xeb\xfc\xcd\xfd\xbf\xfe\xbb\xff\xb8\
\x00\xb3\x01\xa5\x02\x86\x03R\x04\x03\x05\x95\x05\x04\x06N\
\x06r\x06n\x06D\x06\xf6\x05\x86\x05\xf7\x04O\x04\x91\
\x03\xc4\x02\xec\x01\x11\x017\x00e\xff\x9f\xfe\xe9\xfdH\
\xfd\xbf\xfcQ\xfc\xfe\xfb\xc7\xfb\xad\xfb\xad\xfb\xc7\xfb\xf7\
\xfb:\xfc\x8d\xfc\xed\xfcT\xfd\xc0\xfd-\xfe\x96\xfe\xfa\
\xfeU\xff\xa6\xff\xec\xff$\x00P\x00q\x00\x86\x00\x93\
\x00\x98\x00\x99\x00\x97\x00\x95\x00\x95\x00\x9a\x00\xa5\x00\xb8\
\x00\xd4\x00\xfa\x00(\x01_\x01\x9c\x01\xdf\x01$\x02i\
\x02\xab\x02\xe7\x02\x18\x03<\x03Q\x03S\x03@\x03\x16\
\x03\xd6\x02~\x02\x0f\x02\x8b\x01\xf4\x00M\x00\x9b\xff\xe0\
\xfe!\xfee\xfd\xaf\xfc\x05\xfcm\xfb\xeb\xfa\x83\xfa9\
\xfa\x10\xfa\x0a\xfa)\xfak\xfa\xd1\xfaY\xfb\xff\xfb\xbf\
\xfc\x96\xfd~\xfeq\xffi\x00`\x01O\x021\x03\x00\
\x04\xb5\x04N\x05\xc6\x05\x1b\x06J\x06R\x065\x06\xf4\
\x05\x90\x05\x0d\x05o\x04\xbb\x03\xf5\x02$\x02M\x01u\
\x00\xa4\xff\xdc\xfe#\xfe~\xfd\xef\xfcy\xfc\x1f\xfc\xe0\
\xfb\xbd\xfb\xb5\xfb\xc7\xfb\xef\xfb-\xfc{\xfc\xd6\xfc;\
\xfd\xa6\xfd\x12\xfe}\xfe\xe4\xfeB\xff\x98\xff\xe2\xff\x1e\
\x00P\x00u\x00\x8f\x00\x9f\x00\xa6\x00\xa8\x00\xa7\x00\xa4\
\x00\xa2\x00\xa3\x00\xaa\x00\xb8\x00\xcf\x00\xed\x00\x15\x01F\
\x01}\x01\xba\x01\xfb\x01=\x02|\x02\xb7\x02\xea\x02\x11\
\x03)\x031\x03%\x03\x04\x03\xcd\x02\x80\x02\x1c\x02\xa3\
\x01\x17\x01{\x00\xd2\xff\x1f\xffg\xfe\xaf\xfd\xfc\xfcS\
\xfc\xba\xfb4\xfb\xc6\xfau\xfaC\xfa2\xfaE\xfaz\
\xfa\xd3\xfaL\xfb\xe5\xfb\x99\xfcd\xfdB\xfe,\xff\x1d\
\x00\x0f\x01\xfc\x01\xdd\x02\xae\x03h\x04\x07\x05\x87\x05\xe5\
\x05\x1f\x063\x06\x22\x06\xed\x05\x96\x05\x1f\x05\x8c\x04\xe1\
\x03$\x03Y\x02\x87\x01\xb2\x00\xe2\xff\x1a\xff^\xfe\xb5\
\xfd \xfd\xa4\xfcB\xfc\xfb\xfb\xd0\xfb\xc0\xfb\xc9\xfb\xeb\
\xfb!\xfcj\xfc\xc1\xfc#\xfd\x8c\xfd\xf8\xfdd\xfe\xcc\
\xfe.\xff\x87\xff\xd5\xff\x17\x00M\x00w\x00\x95\x00\xa8\
\x00\xb3\x00\xb7\x00\xb6\x00\xb2\x00\xaf\x00\xae\x00\xb1\x00\xba\
\x00\xcb\x00\xe4\x00\x06\x010\x01a\x01\x99\x01\xd5\x01\x13\
\x02P\x02\x89\x02\xbc\x02\xe5\x02\x01\x03\x0e\x03\x09\x03\xf0\
\x02\xc2\x02\x7f\x02%\x02\xb7\x016\x01\xa3\x00\x03\x00Y\
\xff\xa8\xfe\xf5\xfdF\xfd\x9f\xfc\x05\xfc|\xfb\x0a\xfb\xb2\
\xfax\xfa]\xfad\xfa\x8d\xfa\xd8\xfaE\xfb\xd0\xfbw\
\xfc7\xfd\x0a\xfe\xeb\xfe\xd5\xff\xc1\x00\xab\x01\x8b\x02]\
\x03\x1a\x04\xbf\x04F\x05\xad\x05\xf1\x05\x11\x06\x0c\x06\xe3\
\x05\x98\x05,\x05\xa4\x04\x04\x04O\x03\x8c\x02\xbf\x01\xee\
\x00\x1e\x00W\xff\x9a\xfe\xed\xfdS\xfd\xd1\xfch\xfc\x19\
\xfc\xe6\xfb\xcd\xfb\xcf\xfb\xe9\xfb\x18\xfc[\xfc\xad\xfc\x0c\
\xfdr\xfd\xdd\xfdJ\xfe\xb3\xfe\x18\xfft\xff\xc6\xff\x0d\
\x00G\x00v\x00\x99\x00\xb0\x00\xbe\x00\xc4\x00\xc4\x00\xc1\
\x00\xbc\x00\xb9\x00\xb9\x00\xbe\x00\xca\x00\xde\x00\xf9\x00\x1d\
\x01I\x01{\x01\xb2\x01\xeb\x01&\x02^\x02\x90\x02\xbb\
\x02\xda\x02\xeb\x02\xec\x02\xda\x02\xb4\x02z\x02+\x02\xc7\
\x01P\x01\xc7\x000\x00\x8f\xff\xe5\xfe9\xfe\x8d\xfd\xe8\
\xfcN\xfc\xc4\xfbN\xfb\xf0\xfa\xae\xfa\x8a\xfa\x86\xfa\xa3\
\xfa\xe2\xfaA\xfb\xc0\xfb[\xfc\x0e\xfd\xd6\xfd\xae\xfe\x90\
\xffv\x00\x5c\x01;\x02\x0d\x03\xcd\x03v\x04\x04\x05s\
\x05\xc0\x05\xeb\x05\xf2\x05\xd5\x05\x95\x056\x05\xb9\x04#\
\x04w\x03\xbb\x02\xf4\x01'\x01Z\x00\x93\xff\xd5\xfe%\
\xfe\x87\xfd\xff\xfc\x90\xfc9\xfc\xfe\xfb\xde\xfb\xd7\xfb\xe9\
\xfb\x12\xfcN\xfc\x9b\xfc\xf6\xfcZ\xfd\xc3\xfd/\xfe\x9a\
\xfe\x00\xff`\xff\xb6\xff\x00\x00@\x00s\x00\x9a\x00\xb6\
\x00\xc7\x00\xd0\x00\xd1\x00\xcf\x00\xca\x00\xc5\x00\xc3\x00\xc4\
\x00\xcb\x00\xda\x00\xf0\x00\x0d\x013\x01`\x01\x92\x01\xc7\
\x01\xfe\x014\x02f\x02\x91\x02\xb2\x02\xc7\x02\xcd\x02\xc2\
\x02\xa4\x02r\x02-\x02\xd3\x01f\x01\xe7\x00Z\x00\xc1\
\xff\x1f\xffx\xfe\xd1\xfd/\xfd\x96\xfc\x0b\xfc\x91\xfb.\
\xfb\xe5\xfa\xb8\xfa\xab\xfa\xbd\xfa\xf0\xfaC\xfb\xb4\xfbC\
\xfc\xea\xfc\xa7\xfdu\xfeP\xff/\x00\x10\x01\xed\x01\xbf\
\x02\x80\x03-\x04\xc1\x047\x05\x8e\x05\xc2\x05\xd4\x05\xc3\
\x05\x8f\x05;\x05\xca\x04>\x04\x9b\x03\xe7\x02'\x02_\
\x01\x95\x00\xcf\xff\x10\xff^\xfe\xbd\xfd/\xfd\xb9\xfc\x5c\
\xfc\x19\xfc\xf0\xfb\xe2\xfb\xec\xfb\x0e\xfcD\xfc\x8b\xfc\xe1\
\xfcB\xfd\xaa\xfd\x15\xfe\x80\xfe\xe8\xfeJ\xff\xa4\xff\xf3\
\xff6\x00n\x00\x99\x00\xb9\x00\xce\x00\xda\x00\xde\x00\xdc\
\x00\xd7\x00\xd1\x00\xcd\x00\xcb\x00\xce\x00\xd8\x00\xe8\x00\x01\
\x01!\x01H\x01t\x01\xa6\x01\xd9\x01\x0c\x02=\x02h\
\x02\x8b\x02\xa3\x02\xae\x02\xa8\x02\x92\x02h\x02+\x02\xdb\
\x01w\x01\x03\x01~\x00\xef\xffT\xff\xb4\xfe\x12\xfes\
\xfd\xdc\xfcP\xfc\xd4\xfbm\xfb\x1d\xfb\xe9\xfa\xd2\xfa\xd9\
\xfa\x01\xfbH\xfb\xad\xfb/\xfc\xcb\xfc}\xfdA\xfe\x13\
\xff\xec\xff\xc7\x00\xa1\x01r\x024\x03\xe4\x03}\x04\xfa\
\x04Y\x05\x97\x05\xb4\x05\xae\x05\x86\x05=\x05\xd7\x04U\
\x04\xbc\x03\x11\x03W\x02\x94\x01\xce\x00\x09\x00K\xff\x97\
\xfe\xf2\xfda\xfd\xe5\xfc\x81\xfc6\xfc\x06\xfc\xf0\xfb\xf2\
\xfb\x0c\xfc;\xfc}\xfc\xce\xfc+\xfd\x91\xfd\xfb\xfdf\
\xfe\xcf\xfe3\xff\x90\xff\xe3\xff*\x00g\x00\x97\x00\xbb\
\x00\xd3\x00\xe2\x00\xe9\x00\xe9\x00\xe4\x00\xde\x00\xd7\x00\xd3\
\x00\xd3\x00\xd8\x00\xe4\x00\xf7\x00\x11\x013\x01Z\x01\x87\
\x01\xb7\x01\xe7\x01\x16\x02A\x02e\x02\x7f\x02\x8e\x02\x8e\
\x02}\x02[\x02'\x02\xdf\x01\x86\x01\x1a\x01\x9f\x00\x17\
\x00\x86\xff\xec\xfeP\xfe\xb5\xfd\x1f\xfd\x93\xfc\x16\xfc\xab\
\xfbW\xfb\x1b\xfb\xfb\xfa\xf9\xfa\x15\xfbQ\xfb\xaa\xfb \
\xfc\xb0\xfcW\xfd\x11\xfe\xda\xfe\xac\xff\x82\x00W\x01&\
\x02\xe9\x02\x9c\x039\x04\xbc\x04\x22\x05j\x05\x90\x05\x95\
\x05x\x05;\x05\xe0\x04i\x04\xda\x037\x03\x84\x02\xc7\
\x01\x05\x01B\x00\x85\xff\xd0\xfe)\xfe\x93\xfd\x12\xfd\xa7\
\xfcV\xfc\x1e\xfc\x00\xfc\xfb\xfb\x0d\xfc6\xfcq\xfc\xbd\
\xfc\x16\xfdx\xfd\xe1\xfdL\xfe\xb6\xfe\x1c\xff{\xff\xd2\
\xff\x1d\x00]\x00\x92\x00\xba\x00\xd7\x00\xe9\x00\xf2\x00\xf4\
\x00\xf1\x00\xea\x00\xe3\x00\xdc\x00\xd9\x00\xda\x00\xe1\x00\xef\
\x00\x05\x01!\x01C\x01k\x01\x97\x01\xc4\x01\xf1\x01\x1b\
\x02@\x02\x5c\x02m\x02r\x02h\x02L\x02 \x02\xe1\
\x01\x90\x01.\x01\xbc\x00=\x00\xb3\xff!\xff\x8a\xfe\xf3\
\xfd`\xfd\xd5\xfcW\xfc\xe9\xfb\x90\xfbN\xfb&\xfb\x1b\
\xfb-\xfb]\xfb\xab\xfb\x15\xfc\x99\xfc5\xfd\xe5\xfd\xa5\
\xfeo\xff?\x00\x10\x01\xdd\x01\xa0\x02T\x03\xf4\x03}\
\x04\xea\x04:\x05j\x05y\x05g\x055\x05\xe5\x04y\
\x04\xf4\x03Y\x03\xaf\x02\xf8\x01:\x01z\x00\xbe\xff\x09\
\xff`\xfe\xc6\xfd@\xfd\xd0\xfcx\xfc8\xfc\x12\xfc\x06\
\xfc\x11\xfc2\xfcg\xfc\xae\xfc\x02\xfda\xfd\xc8\xfd1\
\xfe\x9c\xfe\x03\xffe\xff\xbe\xff\x0d\x00R\x00\x8b\x00\xb7\
\x00\xd8\x00\xee\x00\xfa\x00\xfe\x00\xfc\x00\xf6\x00\xee\x00\xe6\
\x00\xe0\x00\xde\x00\xe1\x00\xea\x00\xfa\x00\x11\x01/\x01R\
\x01z\x01\xa4\x01\xce\x01\xf7\x01\x1b\x029\x02M\x02V\
\x02P\x02<\x02\x16\x02\xe0\x01\x97\x01>\x01\xd5\x00^\
\x00\xdd\xffQ\xff\xc1\xfe.\xfe\x9f\xfd\x15\xfd\x97\xfc'\
\xfc\xca\xfb\x82\xfbS\xfb?\xfbH\xfbm\xfb\xaf\xfb\x0e\
\xfc\x87\xfc\x18\xfd\xbd\xfdt\xfe6\xff\x00\x00\xcc\x00\x96\
\x01X\x02\x0c\x03\xb0\x03=\x04\xb1\x04\x08\x05A\x05Z\
\x05S\x05,\x05\xe7\x04\x85\x04\x0a\x04y\x03\xd6\x02&\
\x02m\x01\xb0\x00\xf6\xffA\xff\x96\xfe\xfa\xfdp\xfd\xfa\
\xfc\x9b\xfcU\xfc(\xfc\x13\xfc\x17\xfc1\xfc`\xfc\xa0\
\xfc\xf0\xfcK\xfd\xaf\xfd\x18\xfe\x81\xfe\xea\xfeM\xff\xaa\
\xff\xfd\xffE\x00\x82\x00\xb3\x00\xd8\x00\xf1\x00\x01\x01\x08\
\x01\x07\x01\x02\x01\xfa\x00\xf0\x00\xe8\x00\xe3\x00\xe2\x00\xe7\
\x00\xf3\x00\x05\x01\x1d\x01<\x01_\x01\x86\x01\xad\x01\xd4\
\x01\xf8\x01\x17\x02-\x029\x028\x02)\x02\x0b\x02\xdc\
\x01\x9b\x01K\x01\xeb\x00|\x00\x01\x00~\xff\xf4\xfeg\
\xfe\xda\xfdS\xfd\xd5\xfcd\xfc\x03\xfc\xb7\xfb\x81\xfbe\
\xfbe\xfb\x80\xfb\xb8\xfb\x0b\xfcy\xfc\xff\xfc\x9a\xfdG\
\xfe\x01\xff\xc4\xff\x8b\x00Q\x01\x11\x02\xc6\x02l\x03\xfd\
\x03v\x04\xd5\x04\x16\x059\x05<\x05 \x05\xe5\x04\x8e\
\x04\x1d\x04\x95\x03\xfa\x02Q\x02\x9d\x01\xe5\x00,\x00y\
\xff\xcd\xfe.\xfe\xa0\xfd&\xfd\xc1\xfct\xfc?\xfc#\
\xfc\x1f\xfc2\xfcZ\xfc\x95\xfc\xdf\xfc7\xfd\x97\xfd\xfe\
\xfdg\xfe\xd0\xfe5\xff\x94\xff\xea\xff6\x00w\x00\xac\
\x00\xd5\x00\xf3\x00\x06\x01\x0f\x01\x11\x01\x0d\x01\x05\x01\xfb\
\x00\xf1\x00\xe9\x00\xe5\x00\xe6\x00\xed\x00\xfb\x00\x0e\x01(\
\x01G\x01j\x01\x8f\x01\xb4\x01\xd7\x01\xf5\x01\x0d\x02\x1c\
\x02\x1f\x02\x15\x02\xfd\x01\xd5\x01\x9d\x01T\x01\xfc\x00\x96\
\x00$\x00\xa8\xff$\xff\x9c\xfe\x14\xfe\x8f\xfd\x11\xfd\x9f\
\xfc<\xfc\xec\xfb\xb0\xfb\x8d\xfb\x84\xfb\x96\xfb\xc3\xfb\x0c\
\xfco\xfc\xea\xfc{\xfd\x1e\xfe\xd0\xfe\x8c\xffL\x00\x0e\
\x01\xcc\x01\x81\x02(\x03\xbd\x03;\x04\xa0\x04\xea\x04\x15\
\x05\x22\x05\x10\x05\xe0\x04\x93\x04,\x04\xad\x03\x1b\x03y\
\x02\xcc\x01\x18\x01b\x00\xaf\xff\x03\xffc\xfe\xd2\xfdR\
\xfd\xe8\xfc\x95\xfcY\xfc6\xfc*\xfc6\xfcW\xfc\x8c\
\xfc\xd1\xfc#\xfd\x81\xfd\xe5\xfdM\xfe\xb6\xfe\x1c\xff}\
\xff\xd6\xff%\x00j\x00\xa4\x00\xd1\x00\xf3\x00\x09\x01\x16\
\x01\x1a\x01\x17\x01\x10\x01\x06\x01\xfb\x00\xf1\x00\xea\x00\xe7\
\x00\xea\x00\xf3\x00\x02\x01\x17\x012\x01Q\x01r\x01\x95\
\x01\xb7\x01\xd5\x01\xee\x01\xff\x01\x06\x02\x00\x02\xee\x01\xcc\
\x01\x9b\x01[\x01\x0b\x01\xad\x00B\x00\xce\xffP\xff\xce\
\xfeJ\xfe\xc8\xfdL\xfd\xda\xfcu\xfc!\xfc\xe0\xfb\xb6\
\xfb\xa5\xfb\xae\xfb\xd2\xfb\x10\xfch\xfc\xd9\xfc_\xfd\xf9\
\xfd\xa2\xfeV\xff\x11\x00\xcf\x00\x8a\x01>\x02\xe5\x02|\
\x03\xff\x03j\x04\xbb\x04\xef\x04\x05\x05\xfd\x04\xd7\x04\x95\
\x047\x04\xc2\x039\x03\x9e\x02\xf7\x01H\x01\x95\x00\xe5\
\xff9\xff\x98\xfe\x03\xfe\x80\xfd\x11\xfd\xb7\xfcu\xfcJ\
\xfc8\xfc<\xfcV\xfc\x84\xfc\xc4\xfc\x12\xfdk\xfd\xcd\
\xfd4\xfe\x9c\xfe\x03\xffe\xff\xc1\xff\x13\x00\x5c\x00\x99\
\x00\xcb\x00\xf0\x00\x0b\x01\x1a\x01!\x01 \x01\x1a\x01\x10\
\x01\x04\x01\xf9\x00\xf0\x00\xea\x00\xe9\x00\xed\x00\xf8\x00\x09\
\x01\x1f\x01:\x01X\x01x\x01\x98\x01\xb6\x01\xcf\x01\xe2\
\x01\xec\x01\xea\x01\xdd\x01\xc1\x01\x97\x01^\x01\x16\x01\xc0\
\x00]\x00\xf0\xffy\xff\xfd\xfe}\xfe\xff\xfd\x85\xfd\x13\
\xfd\xac\xfcU\xfc\x11\xfc\xe1\xfb\xc8\xfb\xc9\xfb\xe3\xfb\x18\
\xfce\xfc\xcb\xfcH\xfd\xd8\xfdx\xfe%\xff\xda\xff\x92\
\x00I\x01\xfc\x01\xa3\x02=\x03\xc3\x034\x04\x8b\x04\xc7\
\x04\xe6\x04\xe7\x04\xcb\x04\x93\x04@\x04\xd4\x03S\x03\xc1\
\x02 \x02v\x01\xc8\x00\x19\x00o\xff\xcc\xfe6\xfe\xaf\
\xfd;\xfd\xdb\xfc\x93\xfca\xfcG\xfcE\xfcX\xfc\x7f\
\xfc\xb9\xfc\x02\xfdW\xfd\xb6\xfd\x1b\xfe\x82\xfe\xe9\xfeM\
\xff\xab\xff\x00\x00L\x00\x8d\x00\xc3\x00\xec\x00\x0a\x01\x1e\
\x01'\x01)\x01$\x01\x1a\x01\x0e\x01\x02\x01\xf6\x00\xee\
\x00\xe9\x00\xea\x00\xf0\x00\xfd\x00\x0f\x01%\x01@\x01^\
\x01|\x01\x98\x01\xb2\x01\xc5\x01\xd1\x01\xd4\x01\xcb\x01\xb5\
\x01\x91\x01_\x01\x1f\x01\xd0\x00u\x00\x0e\x00\x9f\xff(\
\xff\xae\xfe3\xfe\xbb\xfdJ\xfd\xe3\xfc\x8a\xfcA\xfc\x0c\
\xfc\xed\xfb\xe6\xfb\xf7\xfb\x22\xfcf\xfc\xc2\xfc4\xfd\xba\
\xfdR\xfe\xf7\xfe\xa5\xffW\x00\x0b\x01\xbb\x01c\x02\xfd\
\x02\x87\x03\xfc\x03Y\x04\x9c\x04\xc4\x04\xcf\x04\xbc\x04\x8e\
\x04E\x04\xe3\x03k\x03\xe0\x02F\x02\xa2\x01\xf8\x00L\
\x00\xa3\xff\x00\xffh\xfe\xde\xfdf\xfd\x01\xfd\xb2\xfcz\
\xfcY\xfcP\xfc\x5c\xfc}\xfc\xb0\xfc\xf4\xfcE\xfd\xa0\
\xfd\x02\xfei\xfe\xcf\xfe4\xff\x94\xff\xec\xff:\x00\x7f\
\x00\xb9\x00\xe6\x00\x08\x01\x1f\x01,\x010\x01-\x01$\
\x01\x18\x01\x0b\x01\xfe\x00\xf3\x00\xeb\x00\xe8\x00\xeb\x00\xf3\
\x00\x00\x01\x13\x01+\x01E\x01a\x01|\x01\x95\x01\xa9\
\x01\xb7\x01\xbd\x01\xb8\x01\xa7\x01\x89\x01^\x01$\x01\xdd\
\x00\x89\x00)\x00\xc1\xffQ\xff\xdb\xfee\xfe\xf0\xfd\x80\
\xfd\x19\xfd\xbe\xfcr\xfc8\xfc\x13\xfc\x05\xfc\x0e\xfc/\
\xfcj\xfc\xbc\xfc$\xfd\xa1\xfd/\xfe\xcc\xfes\xff \
\x00\xd0\x00}\x01$\x02\xbf\x02K\x03\xc4\x03'\x04q\
\x04\xa0\x04\xb4\x04\xab\x04\x86\x04F\x04\xee\x03\x7f\x03\xfc\
\x02j\x02\xcc\x01&\x01}\x00\xd6\xff4\xff\x9a\xfe\x0e\
\xfe\x92\xfd(\xfd\xd4\xfc\x95\xfcn\xfc]\xfcb\xfc|\
\xfc\xaa\xfc\xe8\xfc4\xfd\x8b\xfd\xeb\xfdO\xfe\xb6\xfe\x1b\
\xff|\xff\xd6\xff'\x00p\x00\xad\x00\xdf\x00\x05\x01\x1f\
\x01/\x016\x015\x01.\x01\x22\x01\x14\x01\x06\x01\xf9\
\x00\xee\x00\xe8\x00\xe7\x00\xeb\x00\xf5\x00\x04\x01\x17\x01.\
\x01H\x01a\x01y\x01\x8e\x01\x9e\x01\xa5\x01\xa4\x01\x98\
\x01\x7f\x01Z\x01'\x01\xe7\x00\x9a\x00B\x00\xe0\xffv\
\xff\x06\xff\x94\xfe\x22\xfe\xb4\xfdM\xfd\xf1\xfc\xa3\xfce\
\xfc:\xfc%\xfc&\xfc@\xfcq\xfc\xb9\xfc\x18\xfd\x8b\
\xfd\x10\xfe\xa5\xfeE\xff\xed\xff\x97\x00A\x01\xe6\x01\x81\
\x02\x0f\x03\x8c\x03\xf3\x03D\x04z\x04\x96\x04\x96\x04{\
\x04E\x04\xf6\x03\x90\x03\x15\x03\x8b\x02\xf3\x01R\x01\xad\
\x00\x07\x00f\xff\xcc\xfe>\xfe\xbf\xfdQ\xfd\xf7\xfc\xb2\
\xfc\x84\xfcl\xfck\xfc~\xfc\xa5\xfc\xdd\xfc%\xfdx\
\xfd\xd4\xfd7\xfe\x9c\xfe\x01\xffc\xff\xc0\xff\x13\x00_\
\x00\xa0\x00\xd5\x00\xff\x00\x1d\x011\x01;\x01<\x016\
\x01+\x01\x1e\x01\x0e\x01\x00\x01\xf3\x00\xea\x00\xe5\x00\xe5\
\x00\xeb\x00\xf6\x00\x06\x01\x1a\x010\x01H\x01_\x01t\
\x01\x84\x01\x8e\x01\x90\x01\x87\x01t\x01T\x01(\x01\xef\
\x00\xa9\x00W\x00\xfc\xff\x98\xff.\xff\xc0\xfeQ\xfe\xe6\
\xfd\x80\xfd#\xfd\xd3\xfc\x91\xfcb\xfcG\xfcA\xfcR\
\xfcz\xfc\xb9\xfc\x0f\xfdy\xfd\xf5\xfd\x81\xfe\x1a\xff\xbb\
\xff`\x00\x07\x01\xaa\x01E\x02\xd4\x02S\x03\xbf\x03\x15\
\x04S\x04v\x04\x7f\x04m\x04@\x04\xfa\x03\x9d\x03,\
\x03\xa8\x02\x17\x02|\x01\xdb\x008\x00\x98\xff\xfe\xfen\
\xfe\xec\xfdz\xfd\x1b\xfd\xd1\xfc\x9c\xfc~\xfcu\xfc\x82\
\xfc\xa3\xfc\xd5\xfc\x17\xfdf\xfd\xbf\xfd\x1f\xfe\x83\xfe\xe8\
\xfeJ\xff\xa8\xff\xff\xffM\x00\x91\x00\xca\x00\xf8\x00\x1a\
\x011\x01>\x01B\x01>\x014\x01'\x01\x17\x01\x07\
\x01\xf9\x00\xed\x00\xe5\x00\xe1\x00\xe3\x00\xeb\x00\xf7\x00\x07\
\x01\x1b\x011\x01F\x01[\x01k\x01w\x01{\x01v\
\x01g\x01M\x01&\x01\xf3\x00\xb4\x00i\x00\x14\x00\xb7\
\xffR\xff\xe9\xfe\x7f\xfe\x15\xfe\xb1\xfdT\xfd\x02\xfd\xbe\
\xfc\x8b\xfcj\xfc]\xfcg\xfc\x87\xfc\xbd\xfc\x09\xfdj\
\xfd\xdd\xfda\xfe\xf2\xfe\x8d\xff-\x00\xcf\x00p\x01\x0a\
\x02\x9a\x02\x1b\x03\x8b\x03\xe6\x03*\x04U\x04f\x04\x5c\
\x049\x04\xfc\x03\xa8\x03?\x03\xc3\x029\x02\xa3\x01\x07\
\x01g\x00\xc9\xff/\xff\x9f\xfe\x1a\xfe\xa5\xfdA\xfd\xf1\
\xfc\xb6\xfc\x91\xfc\x82\xfc\x88\xfc\xa2\xfc\xcf\xfc\x0b\xfdV\
\xfd\xab\xfd\x08\xfej\xfe\xce\xfe1\xff\x90\xff\xe9\xff9\
\x00\x81\x00\xbe\x00\xef\x00\x15\x010\x01@\x01F\x01E\
\x01=\x010\x01 \x01\x0f\x01\xff\x00\xf1\x00\xe6\x00\xdf\
\x00\xde\x00\xe1\x00\xea\x00\xf7\x00\x08\x01\x1b\x01/\x01B\
\x01S\x01`\x01f\x01d\x01Y\x01D\x01#\x01\xf6\
\x00\xbd\x00y\x00*\x00\xd3\xfft\xff\x10\xff\xa9\xfeC\
\xfe\xe0\xfd\x84\xfd1\xfd\xeb\xfc\xb3\xfc\x8e\xfc{\xfc}\
\xfc\x95\xfc\xc3\xfc\x06\xfd^\xfd\xc9\xfdE\xfe\xce\xfeb\
\xff\xfd\xff\x9a\x008\x01\xd0\x01`\x02\xe3\x02V\x03\xb6\
\x03\xff\x031\x04J\x04I\x04.\x04\xfb\x03\xaf\x03O\
\x03\xdb\x02X\x02\xc8\x010\x01\x94\x00\xf9\xff`\xff\xce\
\xfeH\xfe\xd0\xfdh\xfd\x13\xfd\xd2\xfc\xa7\xfc\x91\xfc\x91\
\xfc\xa4\xfc\xcb\xfc\x02\xfdG\xfd\x98\xfd\xf2\xfdR\xfe\xb5\
\xfe\x18\xffx\xff\xd3\xff%\x00p\x00\xb0\x00\xe5\x00\x0e\
\x01-\x01@\x01J\x01K\x01D\x019\x01)\x01\x18\
\x01\x06\x01\xf6\x00\xe9\x00\xdf\x00\xda\x00\xda\x00\xdf\x00\xe9\
\x00\xf6\x00\x07\x01\x19\x01+\x01<\x01I\x01Q\x01R\
\x01K\x019\x01\x1d\x01\xf6\x00\xc4\x00\x86\x00=\x00\xec\
\xff\x93\xff4\xff\xd1\xfeo\xfe\x0e\xfe\xb2\xfd_\xfd\x17\
\xfd\xdc\xfc\xb2\xfc\x9a\xfc\x96\xfc\xa6\xfc\xcc\xfc\x07\xfdV\
\xfd\xb8\xfd+\xfe\xad\xfe:\xff\xcf\xffh\x00\x02\x01\x98\
\x01(\x02\xac\x02!\x03\x85\x03\xd4\x03\x0c\x04,\x044\
\x04!\x04\xf6\x03\xb4\x03\x5c\x03\xf0\x02t\x02\xeb\x01X\
\x01\xc0\x00&\x00\x8f\xff\xfe\xfev\xfe\xfb\xfd\x90\xfd6\
\xfd\xf0\xfc\xbf\xfc\xa2\xfc\x9b\xfc\xa8\xfc\xc8\xfc\xfa\xfc:\
\xfd\x87\xfd\xde\xfd;\xfe\x9c\xfe\xff\xfe_\xff\xbb\xff\x10\
\x00]\x00\xa0\x00\xd9\x00\x06\x01(\x01?\x01L\x01O\
\x01K\x01A\x012\x01 \x01\x0e\x01\xfc\x00\xec\x00\xe0\
\x00\xd8\x00\xd4\x00\xd6\x00\xdc\x00\xe7\x00\xf5\x00\x05\x01\x16\
\x01&\x013\x01<\x01?\x01;\x01.\x01\x17\x01\xf5\
\x00\xc8\x00\x90\x00M\x00\x02\x00\xaf\xffU\xff\xf7\xfe\x98\
\xfe9\xfe\xdf\xfd\x8c\xfdB\xfd\x05\xfd\xd7\xfc\xba\xfc\xb0\
\xfc\xb9\xfc\xd7\xfc\x0a\xfdQ\xfd\xaa\xfd\x15\xfe\x8f\xfe\x15\
\xff\xa4\xff8\x00\xce\x00b\x01\xf1\x01u\x02\xed\x02T\
\x03\xa8\x03\xe6\x03\x0d\x04\x1c\x04\x12\x04\xef\x03\xb6\x03f\
\x03\x02\x03\x8d\x02\x0b\x02~\x01\xea\x00S\x00\xbe\xff-\
\xff\xa4\xfe'\xfe\xb8\xfdZ\xfd\x0f\xfd\xd8\xfc\xb6\xfc\xa8\
\xfc\xaf\xfc\xc8\xfc\xf4\xfc/\xfdw\xfd\xca\xfd%\xfe\x84\
\xfe\xe6\xfeF\xff\xa3\xff\xfb\xffI\x00\x90\x00\xcc\x00\xfd\
\x00\x22\x01=\x01L\x01S\x01Q\x01H\x01:\x01)\
\x01\x16\x01\x03\x01\xf1\x00\xe2\x00\xd7\x00\xd1\x00\xcf\x00\xd2\
\x00\xd9\x00\xe4\x00\xf2\x00\x01\x01\x10\x01\x1e\x01(\x01-\
\x01+\x01!\x01\x0e\x01\xf1\x00\xca\x00\x98\x00[\x00\x15\
\x00\xc8\xfft\xff\x1a\xff\xbe\xfec\xfe\x0a\xfe\xb8\xfdm\
\xfd.\xfd\xfd\xfc\xdb\xfc\xcb\xfc\xce\xfc\xe5\xfc\x10\xfdN\
\xfd\x9f\xfd\x02\xfet\xfe\xf3\xfe|\xff\x0a\x00\x9c\x00.\
\x01\xbb\x01@\x02\xb9\x02#\x03{\x03\xbe\x03\xec\x03\x02\
\x04\x00\x04\xe6\x03\xb4\x03m\x03\x11\x03\xa4\x02(\x02\xa1\
\x01\x11\x01~\x00\xeb\xff[\xff\xd2\xfeS\xfe\xe1\xfd\x7f\
\xfd/\xfd\xf3\xfc\xca\xfc\xb7\xfc\xb7\xfc\xca\xfc\xf0\xfc&\
\xfdi\xfd\xb8\xfd\x0f\xfem\xfe\xcd\xfe-\xff\x8b\xff\xe4\
\xff5\x00~\x00\xbd\x00\xf1\x00\x1b\x019\x01L\x01U\
\x01V\x01O\x01B\x011\x01\x1e\x01\x0a\x01\xf7\x00\xe6\
\x00\xd8\x00\xce\x00\xc9\x00\xc9\x00\xcd\x00\xd5\x00\xe1\x00\xee\
\x00\xfc\x00\x09\x01\x13\x01\x1a\x01\x1a\x01\x14\x01\x05\x01\xec\
\x00\xca\x00\x9d\x00g\x00'\x00\xdf\xff\x8f\xff;\xff\xe3\
\xfe\x8a\xfe4\xfe\xe2\xfd\x97\xfdW\xfd\x22\xfd\xfd\xfc\xe8\
\xfc\xe5\xfc\xf4\xfc\x18\xfdN\xfd\x98\xfd\xf2\xfd]\xfe\xd4\
\xfeW\xff\xe0\xffm\x00\xfc\x00\x87\x01\x0b\x02\x85\x02\xf1\
\x02M\x03\x96\x03\xc9\x03\xe6\x03\xec\x03\xda\x03\xb0\x03q\
\x03\x1e\x03\xb8\x02C\x02\xc1\x017\x01\xa7\x00\x16\x00\x88\
\xff\xff\xfe\x7f\xfe\x0b\xfe\xa5\xfdQ\xfd\x0f\xfd\xe1\xfc\xc7\
\xfc\xc1\xfc\xcf\xfc\xee\xfc\x1e\xfd]\xfd\xa7\xfd\xfb\xfdV\
\xfe\xb5\xfe\x14\xffr\xff\xcc\xff\x1f\x00k\x00\xad\x00\xe5\
\x00\x11\x013\x01J\x01V\x01Y\x01U\x01I\x019\
\x01&\x01\x12\x01\xfd\x00\xea\x00\xda\x00\xce\x00\xc6\x00\xc2\
\x00\xc3\x00\xc9\x00\xd1\x00\xdd\x00\xe9\x00\xf5\x00\x00\x01\x07\
\x01\x0a\x01\x06\x01\xfa\x00\xe6\x00\xc8\x00\xa1\x00p\x005\
\x00\xf3\xff\xa9\xffY\xff\x05\xff\xb0\xfe\x5c\xfe\x0b\xfe\xc0\
\xfd~\xfdH\xfd\x1f\xfd\x05\xfd\xfc\xfc\x06\xfd\x22\xfdQ\
\xfd\x93\xfd\xe6\xfdH\xfe\xb9\xfe4\xff\xb8\xffA\x00\xcb\
\x00T\x01\xd8\x01R\x02\xc0\x02\x1f\x03l\x03\xa5\x03\xc9\
\x03\xd5\x03\xcb\x03\xaa\x03s\x03'\x03\xc9\x02[\x02\xe0\
\x01Z\x01\xcf\x00A\x00\xb4\xff+\xff\xaa\xfe4\xfe\xcc\
\xfdt\xfd-\xfd\xfa\xfc\xda\xfc\xcd\xfc\xd5\xfc\xee\xfc\x19\
\xfdR\xfd\x98\xfd\xe9\xfdA\xfe\x9d\xfe\xfc\xfeZ\xff\xb5\
\xff\x09\x00W\x00\x9c\x00\xd7\x00\x07\x01,\x01F\x01V\
\x01\x5c\x01Y\x01P\x01A\x01.\x01\x1a\x01\x04\x01\xf0\
\x00\xdd\x00\xce\x00\xc3\x00\xbd\x00\xbb\x00\xbd\x00\xc4\x00\xcd\
\x00\xd7\x00\xe3\x00\xed\x00\xf5\x00\xf9\x00\xf7\x00\xef\x00\xde\
\x00\xc5\x00\xa2\x00v\x00A\x00\x04\x00\xc0\xfft\xff%\
\xff\xd3\xfe\x81\xfe2\xfe\xe8\xfd\xa6\xfdm\xfdA\xfd#\
\xfd\x16\xfd\x19\xfd/\xfdV\xfd\x90\xfd\xdc\xfd7\xfe\xa0\
\xfe\x15\xff\x93\xff\x16\x00\x9d\x00$\x01\xa6\x01 \x02\x90\
\x02\xf1\x02B\x03\x80\x03\xaa\x03\xbd\x03\xba\x03\xa1\x03r\
\x03.\x03\xd7\x02p\x02\xfb\x01|\x01\xf5\x00j\x00\xdf\
\xffW\xff\xd6\xfe^\xfe\xf3\xfd\x97\xfdL\xfd\x13\xfd\xee\
\xfc\xdc\xfc\xdd\xfc\xf0\xfc\x15\xfdI\xfd\x8b\xfd\xd7\xfd,\
\xfe\x86\xfe\xe4\xfeA\xff\x9d\xff\xf3\xffB\x00\x8a\x00\xc8\
\x00\xfb\x00$\x01A\x01T\x01]\x01]\x01V\x01H\
\x016\x01\x22\x01\x0c\x01\xf6\x00\xe2\x00\xd0\x00\xc3\x00\xb9\
\x00\xb4\x00\xb4\x00\xb7\x00\xbe\x00\xc7\x00\xd1\x00\xdb\x00\xe3\
\x00\xe8\x00\xe8\x00\xe2\x00\xd5\x00\xc0\x00\xa2\x00{\x00K\
\x00\x13\x00\xd4\xff\x8d\xffB\xff\xf4\xfe\xa5\xfeX\xfe\x0f\
\xfe\xcc\xfd\x92\xfdc\xfdB\xfd0\xfd.\xfd=\xfd^\
\xfd\x90\xfd\xd4\xfd(\xfe\x8a\xfe\xf8\xfeq\xff\xf0\xffq\
\x00\xf5\x00u\x01\xef\x01_\x02\xc3\x02\x18\x03Z\x03\x89\
\x03\xa3\x03\xa7\x03\x96\x03n\x032\x03\xe3\x02\x83\x02\x15\
\x02\x9b\x01\x18\x01\x91\x00\x08\x00\x82\xff\x01\xff\x88\xfe\x1b\
\xfe\xbc\xfdl\xfd/\xfd\x04\xfd\xec\xfc\xe7\xfc\xf4\xfc\x13\
\xfdB\xfd\x7f\xfd\xc7\xfd\x19\xfep\xfe\xcc\xfe)\xff\x84\
\xff\xdc\xff-\x00w\x00\xb7\x00\xee\x00\x1a\x01;\x01Q\
\x01]\x01`\x01[\x01O\x01>\x01*\x01\x13\x01\xfd\
\x00\xe7\x00\xd3\x00\xc3\x00\xb7\x00\xaf\x00\xac\x00\xad\x00\xb1\
\x00\xb8\x00\xc1\x00\xca\x00\xd2\x00\xd8\x00\xd9\x00\xd6\x00\xcc\
\x00\xba\x00\xa0\x00~\x00S\x00 \x00\xe6\xff\xa4\xff]\
\xff\x13\xff\xc7\xfe|\xfe4\xfe\xf1\xfd\xb7\xfd\x86\xfda\
\xfdK\xfdD\xfdM\xfdg\xfd\x93\xfd\xd0\xfd\x1c\xfew\
\xfe\xdf\xfeQ\xff\xca\xffH\x00\xc8\x00F\x01\xbf\x010\
\x02\x96\x02\xed\x024\x03h\x03\x88\x03\x93\x03\x88\x03h\
\x034\x03\xec\x02\x93\x02+\x02\xb7\x01:\x01\xb6\x000\
\x00\xac\xff+\xff\xb2\xfeC\xfe\xe1\xfd\x8d\xfdK\xfd\x1b\
\xfd\xfd\xfc\xf3\xfc\xfa\xfc\x14\xfd=\xfdu\xfd\xb9\xfd\x06\
\xfe\x5c\xfe\xb5\xfe\x11\xffl\xff\xc4\xff\x17\x00c\x00\xa6\
\x00\xe0\x00\x0f\x013\x01M\x01\x5c\x01b\x01_\x01U\
\x01E\x011\x01\x1b\x01\x04\x01\xed\x00\xd8\x00\xc5\x00\xb7\
\x00\xac\x00\xa6\x00\xa4\x00\xa6\x00\xab\x00\xb2\x00\xba\x00\xc1\
\x00\xc7\x00\xca\x00\xc9\x00\xc1\x00\xb3\x00\x9d\x00\x7f\x00Y\
\x00+\x00\xf6\xff\xb9\xffv\xff0\xff\xe7\xfe\x9e\xfeX\
\xfe\x16\xfe\xda\xfd\xa8\xfd\x81\xfdf\xfd[\xfd^\xfds\
\xfd\x98\xfd\xcd\xfd\x13\xfeg\xfe\xc8\xfe4\xff\xa8\xff!\
\x00\x9d\x00\x19\x01\x91\x01\x01\x02h\x02\xc2\x02\x0c\x03E\
\x03k\x03|\x03x\x03`\x033\x03\xf3\x02\xa1\x02@\
\x02\xd1\x01Y\x01\xda\x00W\x00\xd5\xffU\xff\xdb\xfek\
\xfe\x06\xfe\xaf\xfdi\xfd4\xfd\x11\xfd\x00\xfd\x02\xfd\x16\
\xfd:\xfdl\xfd\xac\xfd\xf6\xfdH\xfe\x9f\xfe\xfa\xfeT\
\xff\xad\xff\x00\x00N\x00\x94\x00\xd0\x00\x03\x01*\x01G\
\x01Z\x01b\x01b\x01Z\x01L\x019\x01#\x01\x0b\
\x01\xf3\x00\xdd\x00\xc8\x00\xb7\x00\xaa\x00\xa1\x00\x9c\x00\x9c\
\x00\x9e\x00\xa4\x00\xab\x00\xb2\x00\xb8\x00\xbb\x00\xbb\x00\xb6\
\x00\xab\x00\x99\x00\x7f\x00]\x003\x00\x02\x00\xcb\xff\x8d\
\xffJ\xff\x05\xff\xbf\xfez\xfe9\xfe\xfd\xfd\xca\xfd\xa0\
\xfd\x83\xfds\xfdq\xfd\x80\xfd\x9f\xfd\xcd\xfd\x0c\xfeY\
\xfe\xb4\xfe\x19\xff\x88\xff\xfd\xfft\x00\xed\x00c\x01\xd4\
\x01;\x02\x97\x02\xe5\x02\x22\x03M\x03d\x03g\x03U\
\x030\x03\xf7\x02\xac\x02Q\x02\xe9\x01v\x01\xfc\x00|\
\x00\xfd\xff~\xff\x04\xff\x93\xfe,\xfe\xd2\xfd\x88\xfdN\
\xfd&\xfd\x10\xfd\x0c\xfd\x1a\xfd8\xfdf\xfd\xa0\xfd\xe6\
\xfd5\xfe\x8a\xfe\xe3\xfe=\xff\x95\xff\xea\xff8\x00\x80\
\x00\xc0\x00\xf5\x00 \x01@\x01V\x01b\x01d\x01_\
\x01R\x01@\x01+\x01\x13\x01\xfa\x00\xe2\x00\xcc\x00\xb9\
\x00\xa9\x00\x9e\x00\x97\x00\x93\x00\x94\x00\x97\x00\x9c\x00\xa3\
\x00\xa9\x00\xad\x00\xae\x00\xab\x00\xa2\x00\x93\x00}\x00`\
\x00:\x00\x0d\x00\xdb\xff\xa1\xffc\xff!\xff\xdd\xfe\x9b\
\xfe[\xfe\x1f\xfe\xeb\xfd\xbf\xfd\x9f\xfd\x8b\xfd\x85\xfd\x8f\
\xfd\xa7\xfd\xd0\xfd\x08\xfeN\xfe\xa2\xfe\x01\xffj\xff\xda\
\xffN\x00\xc4\x008\x01\xa7\x01\x0f\x02m\x02\xbd\x02\xfe\
\x02-\x03J\x03S\x03I\x03*\x03\xf8\x02\xb5\x02a\
\x02\xff\x01\x92\x01\x1c\x01\xa0\x00\x22\x00\xa6\xff,\xff\xba\
\xfeR\xfe\xf5\xfd\xa7\xfdi\xfd<\xfd!\xfd\x18\xfd \
\xfd8\xfda\xfd\x97\xfd\xd8\xfd#\xfev\xfe\xcc\xfe%\
\xff}\xff\xd3\xff#\x00m\x00\xae\x00\xe6\x00\x15\x018\
\x01Q\x01`\x01e\x01b\x01X\x01G\x012\x01\x1b\
\x01\x02\x01\xe9\x00\xd1\x00\xbc\x00\xaa\x00\x9c\x00\x92\x00\x8c\
\x00\x8a\x00\x8c\x00\x8f\x00\x95\x00\x9a\x00\x9e\x00\xa1\x00\x9f\
\x00\x99\x00\x8d\x00z\x00`\x00?\x00\x17\x00\xe9\xff\xb3\
\xffy\xff;\xff\xfa\xfe\xba\xfe{\xfe@\xfe\x0b\xfe\xdf\
\xfd\xbc\xfd\xa5\xfd\x9a\xfd\x9f\xfd\xb2\xfd\xd4\xfd\x06\xfeF\
\xfe\x93\xfe\xec\xfeO\xff\xba\xff)\x00\x9c\x00\x0e\x01|\
\x01\xe4\x01B\x02\x95\x02\xd9\x02\x0d\x03/\x03>\x03:\
\x03\x22\x03\xf8\x02\xbb\x02n\x02\x12\x02\xaa\x019\x01\xc2\
\x00G\x00\xcc\xffT\xff\xe1\xfex\xfe\x19\xfe\xc8\xfd\x86\
\xfdT\xfd4\xfd%\xfd'\xfd;\xfd]\xfd\x8f\xfd\xcc\
\xfd\x13\xfeb\xfe\xb7\xfe\x0e\xfff\xff\xbc\xff\x0c\x00X\
\x00\x9c\x00\xd7\x00\x08\x01/\x01K\x01]\x01e\x01d\
\x01\x5c\x01M\x01:\x01\x22\x01\x09\x01\xef\x00\xd7\x00\xc0\
\x00\xac\x00\x9b\x00\x8f\x00\x87\x00\x82\x00\x82\x00\x84\x00\x88\
\x00\x8c\x00\x91\x00\x93\x00\x93\x00\x8f\x00\x85\x00v\x00`\
\x00C\x00\x1f\x00\xf5\xff\xc3\xff\x8d\xffR\xff\x15\xff\xd7\
\xfe\x9a\xfe`\xfe+\xfe\xfd\xfd\xd8\xfd\xbe\xfd\xb0\xfd\xb0\
\xfd\xbe\xfd\xda\xfd\x06\xfe?\xfe\x86\xfe\xd9\xfe7\xff\x9d\
\xff\x07\x00v\x00\xe5\x00R\x01\xb9\x01\x19\x02m\x02\xb4\
\x02\xec\x02\x13\x03(\x03*\x03\x18\x03\xf5\x02\xbf\x02x\
\x02#\x02\xc1\x01U\x01\xe1\x00j\x00\xf2\xff{\xff\x08\
\xff\x9d\xfe=\xfe\xe9\xfd\xa3\xfdm\xfdH\xfd4\xfd1\
\xfd>\xfd\x5c\xfd\x88\xfd\xc1\xfd\x04\xfeP\xfe\xa2\xfe\xf8\
\xfeO\xff\xa5\xff\xf7\xffC\x00\x89\x00\xc6\x00\xfa\x00$\
\x01C\x01X\x01d\x01f\x01`\x01S\x01@\x01*\
\x01\x11\x01\xf7\x00\xdd\x00\xc4\x00\xae\x00\x9c\x00\x8d\x00\x83\
\x00|\x00y\x00y\x00|\x00\x7f\x00\x83\x00\x86\x00\x87\
\x00\x84\x00}\x00q\x00^\x00E\x00$\x00\xff\xff\xd2\
\xff\x9f\xffh\xff.\xff\xf3\xfe\xb8\xfe\x7f\xfeJ\xfe\x1c\
\xfe\xf5\xfd\xd8\xfd\xc7\xfd\xc2\xfd\xcb\xfd\xe2\xfd\x08\xfe;\
\xfe|\xfe\xc9\xfe!\xff\x81\xff\xe8\xffR\x00\xbf\x00)\
\x01\x90\x01\xf0\x01E\x02\x8f\x02\xca\x02\xf6\x02\x10\x03\x17\
\x03\x0d\x03\xef\x02\xc0\x02\x80\x021\x02\xd5\x01n\x01\x00\
\x01\x8b\x00\x15\x00\xa0\xff.\xff\xc3\xfea\xfe\x0a\xfe\xc1\
\xfd\x87\xfd]\xfdD\xfd<\xfdD\xfd\x5c\xfd\x83\xfd\xb8\
\xfd\xf7\xfd?\xfe\x8f\xfe\xe2\xfe8\xff\x8d\xff\xe0\xff-\
\x00u\x00\xb5\x00\xeb\x00\x18\x01;\x01S\x01a\x01f\
\x01c\x01X\x01G\x011\x01\x18\x01\xfe\x00\xe3\x00\xca\
\x00\xb2\x00\x9e\x00\x8d\x00\x80\x00w\x00r\x00p\x00q\
\x00s\x00w\x00z\x00{\x00z\x00u\x00k\x00[\
\x00E\x00)\x00\x06\x00\xde\xff\xaf\xff|\xffE\xff\x0d\
\xff\xd4\xfe\x9c\xfeh\xfe9\xfe\x11\xfe\xf3\xfd\xde\xfd\xd6\
\xfd\xda\xfd\xec\xfd\x0c\xfe9\xfet\xfe\xbb\xfe\x0d\xffh\
\xff\xcb\xff1\x00\x9a\x00\x02\x01h\x01\xc7\x01\x1e\x02j\
\x02\xa8\x02\xd8\x02\xf7\x02\x04\x03\xff\x02\xe8\x02\xc0\x02\x86\
\x02>\x02\xe7\x01\x86\x01\x1c\x01\xab\x008\x00\xc5\xffT\
\xff\xe8\xfe\x85\xfe,\xfe\xe0\xfd\xa2\xfdt\xfdV\xfdH\
\xfdL\xfd_\xfd\x81\xfd\xb0\xfd\xeb\xfd0\xfe|\xfe\xce\
\xfe\x22\xffw\xff\xc9\xff\x17\x00`\x00\xa2\x00\xdb\x00\x0b\
\x011\x01L\x01^\x01e\x01d\x01\x5c\x01L\x018\
\x01 \x01\x06\x01\xea\x00\xd0\x00\xb7\x00\xa0\x00\x8d\x00~\
\x00s\x00k\x00h\x00g\x00h\x00k\x00n\x00p\
\x00o\x00l\x00d\x00W\x00D\x00+\x00\x0c\x00\xe8\
\xff\xbe\xff\x8e\xff[\xff%\xff\xee\xfe\xb8\xfe\x85\xfeV\
\xfe-\xfe\x0d\xfe\xf6\xfd\xea\xfd\xea\xfd\xf7\xfd\x12\xfe9\
\xfen\xfe\xb0\xfe\xfc\xfeR\xff\xaf\xff\x11\x00w\x00\xdd\
\x00A\x01\xa0\x01\xf7\x01E\x02\x86\x02\xb9\x02\xdc\x02\xef\
\x02\xf0\x02\xdf\x02\xbd\x02\x8a\x02G\x02\xf7\x01\x9b\x016\
\x01\xc9\x00Y\x00\xe8\xffx\xff\x0d\xff\xa9\xfeN\xfe\xff\
\xfd\xbe\xfd\x8c\xfdi\xfdW\xfdU\xfdb\xfd\x7f\xfd\xaa\
\xfd\xe1\xfd\x22\xfek\xfe\xba\xfe\x0c\xff`\xff\xb3\xff\x01\
\x00L\x00\x8f\x00\xcb\x00\xfd\x00&\x01D\x01Y\x01d\
\x01e\x01_\x01Q\x01>\x01'\x01\x0d\x01\xf2\x00\xd6\
\x00\xbc\x00\xa4\x00\x8f\x00~\x00p\x00g\x00a\x00^\
\x00^\x00`\x00b\x00d\x00e\x00b\x00\x5c\x00R\
\x00B\x00-\x00\x11\x00\xf1\xff\xca\xff\x9e\xffn\xff;\
\xff\x07\xff\xd3\xfe\xa1\xfer\xfeI\xfe'\xfe\x0d\xfe\xfe\
\xfd\xfb\xfd\x03\xfe\x19\xfe;\xfek\xfe\xa6\xfe\xed\xfe=\
\xff\x96\xff\xf4\xffV\x00\xb9\x00\x1b\x01y\x01\xd1\x01 \
\x02c\x02\x9a\x02\xc1\x02\xd8\x02\xdf\x02\xd4\x02\xb8\x02\x8b\
\x02O\x02\x05\x02\xae\x01N\x01\xe6\x00y\x00\x09\x00\x9c\
\xff1\xff\xcc\xfep\xfe\x1f\xfe\xdb\xfd\xa4\xfd}\xfdf\
\xfd_\xfdh\xfd\x80\xfd\xa6\xfd\xd8\xfd\x15\xfe[\xfe\xa7\
\xfe\xf7\xfeJ\xff\x9c\xff\xec\xff6\x00|\x00\xb9\x00\
\x00\x00\x1b\xbc\
R\
IFF\xb4\x1b\x00\x00WAVEfmt \x10\
\x00\x00\x00\x01\x00\x01\x00D\xac\x00\x00\x88X\x01\x00\x02\
\x00\x10\x00data\x90\x1b\x00\x00\x00\x00\x8b\x0c\xed\
\x18\x04%\xb20\xd8;ZF\x1dP\x08Y\x06a\x03\
h\xefm\xbcr`v\xd4x\x15z#z\x00y\xb3\
vEs\xc4n>i\xc7br[XS\x90J6\
Af7<-\xd7\x22U\x18\xd4\x0dr\x03N\xf9\x81\
\xef(\xe6\x5c\xdd5\xd5\xc9\xcd+\xc7k\xc1\x98\xbc\xbc\
\xb8\xe1\xb5\x0a\xb4;\xb3r\xb3\xab\xb4\xe0\xb6\x07\xba\x12\
\xbe\xf4\xc2\x9a\xc8\xf1\xce\xe2\xd5X\xdd8\xe5i\xed\xd0\
\xf5R\xfe\xd3\x068\x0fg\x17E\x1f\xb9&\xab-\x05\
4\xb29\xa0>\xbeB\x00FYH\xc2I5J\xae\
I/H\xbaETB\x06>\xdb8\xe22),\xc4\
$\xc6\x1cF\x14Z\x0b\x1c\x02\xa6\xf8\x11\xefy\xe5\xf7\
\xdb\xa8\xd2\xa4\xc9\x06\xc1\xe6\xb8[\xb1{\xaaX\xa4\x06\
\x9f\x93\x9a\x0c\x97}\x94\xed\x92a\x92\xdd\x92_\x94\xe7\
\x96l\x9a\xe8\x9eP\xa4\x96\xaa\xab\xb1}\xb9\xf9\xc1\x09\
\xcb\x97\xd4\x8a\xde\xc9\xe8;\xf3\xc6\xfdN\x08\xba\x12\xf1\
\x1c\xd9&Z0\x5c9\xcaA\x90I\x9bP\xdbVB\
\x5c\xc5`Zd\xfaf\xa0hLi\xfdh\xb8g\x82\
ecbg^\x9aY\x0bT\xccM\xedF\x85?\xa7\
7j/\xe6&2\x1ee\x15\x99\x0c\xe4\x03_\xfb\x1e\
\xf38\xeb\xc2\xe3\xcf\xdco\xd6\xb3\xd0\xa8\xcb[\xc7\xd4\
\xc3\x1c\xc16\xbf'\xbe\xed\xbd\x88\xbe\xf2\xbf&\xc2\x1a\
\xc5\xc3\xc8\x16\xcd\x03\xd2z\xd7i\xdd\xbe\xe3e\xeaJ\
\xf1V\xf8u\xff\x8f\x06\x92\x0df\x14\xf8\x1a3!\x04\
'[,&1W5\xe18\xb9;\xd6=1?\xc5\
?\x8f?\x8e>\xc4<6:\xe86\xe321.\xde\
(\xf7\x22\x8c\x1c\xad\x15l\x0e\xdc\x06\x12\xff \xf7\x1c\
\xef\x1c\xe75\xdf{\xd7\x03\xd0\xe1\xc8)\xc2\xeb\xbb9\
\xb6\x22\xb1\xb5\xac\xfc\xa8\x03\xa6\xd3\xa3q\xa2\xe1\xa1'\
\xa2C\xa32\xa5\xf1\xa7y\xab\xc3\xaf\xc4\xb4r\xba\xbe\
\xc0\x9a\xc7\xf5\xce\xbe\xd6\xe3\xdeP\xe7\xf1\xef\xb2\xf8}\
\x01?\x0a\xe3\x12U\x1b\x81#T+\xbc2\xa89\x0a\
@\xd2E\xf5JgO\x1fS\x17VHX\xafYL\
Z\x1eZ(YnW\xf7T\xcbQ\xf4M}Is\
D\xe4>\xdf8u2\xb8+\xb8$\x8a\x1d>\x16\xe8\
\x0e\x9c\x07j\x00g\xf9\xa2\xf2,\xec\x15\xe6l\xe0=\
\xdb\x96\xd6\x80\xd2\x04\xcf*\xcc\xf7\xc9o\xc8\x93\xc7e\
\xc7\xe1\xc7\x06\xc9\xcd\xca0\xcd(\xd0\xa9\xd3\xa8\xd7\x1b\
\xdc\xf1\xe0\x1f\xe6\x93\xeb>\xf1\x0f\xf7\xf6\xfc\xe0\x02\xbf\
\x08\x81\x0e\x16\x14m\x19w\x1e'#n'@+\x93\
.\x5c1\x9434566\x976U6p5\xe9\
3\xc41\x05/\xb2+\xd4's#\x9b\x1eU\x19\xb1\
\x13\xbb\x0d\x82\x07\x16\x01\x87\xfa\xe3\xf3=\xed\xa5\xe6*\
\xe0\xde\xd9\xd0\xd3\x0f\xce\xaa\xc8\xae\xc3(\xbf$\xbb\xab\
\xb7\xc7\xb4\x80\xb2\xdb\xb0\xdd\xaf\x8a\xaf\xe2\xaf\xe6\xb0\x93\
\xb2\xe7\xb4\xdd\xb7n\xbb\x93\xbfB\xc4q\xc9\x14\xcf\x1f\
\xd5\x85\xdb7\xe2'\xe9C\xf0~\xf7\xc7\xfe\x0c\x06?\
\x0dQ\x140\x1b\xcf!\x1f(\x12.\x9c3\xb28H\
=VA\xd3D\xb9G\x03J\xaeK\xb6L\x1aM\xdd\
L\x00L\x86JtH\xd2E\xa6B\xfa>\xd7:I\
6[1\x1a,\x93&\xd5 \xec\x1a\xe9\x14\xd9\x0e\xcc\
\x08\xce\x02\xf1\xfc?\xf7\xc7\xf1\x94\xec\xb4\xe71\xe3\x14\
\xdfg\xdb1\xd8x\xd5C\xd3\x94\xd1n\xd0\xd3\xcf\xc3\
\xcf;\xd09\xd1\xb9\xd2\xb5\xd4(\xd7\x09\xdaP\xdd\xf4\
\xe0\xe9\xe4%\xe9\x9b\xed@\xf2\x07\xf7\xe3\xfb\xc6\x00\xa3\
\x05o\x0a\x1b\x0f\x9b\x13\xe3\x17\xe8\x1b\x9f\x1f\xfd\x22\xfb\
%\x90(\xb4*b,\x95-I.}...\x5c\
-\x0a,:*\xef'/%\xff!f\x1en\x1a\x1e\
\x16\x82\x11\xa2\x0c\x8b\x07H\x02\xe7\xfcr\xf7\xf7\xf1\x82\
\xec \xe7\xde\xe1\xc9\xdc\xec\xd7R\xd3\x06\xcf\x14\xcb\x83\
\xc7]\xc4\xa8\xc1m\xbf\xb0\xbdu\xbc\xc0\xbb\x94\xbb\xf0\
\xbb\xd4\xbc@\xbe0\xc0\xa1\xc2\x8e\xc5\xf0\xc8\xc1\xcc\xf9\
\xd0\x8f\xd5z\xda\xae\xdf\x22\xe5\xca\xea\x99\xf0\x85\xf6\x80\
\xfc}\x02q\x08P\x0e\x0d\x14\x9d\x19\xf4\x1e\x08$\xce\
(=-L1\xf44.8\xf3:@=\x0f?_\
@.A|AHA\x96@f?\xbe=\xa3;\x19\
9(6\xd72./7+\xfb&\x84\x22\xdd\x1d\x10\
\x19(\x142\x0f7\x0aC\x05b\x00\x9e\xfb\x01\xf7\x95\
\xf2d\xeev\xea\xd4\xe6\x85\xe3\x90\xe0\xf9\xdd\xc8\xdb\xfe\
\xd9\x9f\xd8\xad\xd7)\xd7\x13\xd7i\xd7*\xd8R\xd9\xdf\
\xda\xca\xdc\x0e\xdf\xa5\xe1\x87\xe4\xae\xe7\x10\xeb\xa4\xeeb\
\xf2?\xf63\xfa2\xfe2\x02*\x06\x10\x0a\xda\x0d\x7f\
\x11\xf5\x145\x184\x1b\xed\x1dY p\x22/$\x90\
%\x90&+'a'/'\x97&\x98%5$p\
\x22M \xd0\x1d\xff\x1a\xdf\x17w\x14\xce\x10\xed\x0c\xda\
\x08\xa1\x04H\x00\xdb\xfbb\xf7\xe7\xf2t\xee\x13\xea\xcc\
\xe5\xab\xe1\xb7\xdd\xf9\xd9y\xd6@\xd3U\xd0\xbd\xcd\x7f\
\xcb\x9f\xc9#\xc8\x0e\xc7a\xc6 \xc6J\xc6\xe0\xc6\xe2\
\xc7M\xc9\x1e\xcbS\xcd\xe7\xcf\xd6\xd2\x19\xd6\xaa\xd9\x82\
\xdd\x9b\xe1\xea\xe5j\xea\x10\xef\xd3\xf3\xaa\xf8\x8c\xfdo\
\x02J\x07\x14\x0c\xc3\x10O\x15\xae\x19\xd9\x1d\xc8!t\
%\xd5(\xe7+\xa3.\x051\x093\xab4\xea5\xc4\
687F7\xf0656\x1a5\xa23\xcf1\xa8\
/0-o*i'($\xb0 \x0b\x1d@\x19X\
\x15[\x11Q\x0dB\x099\x05<\x01U\xfd\x8a\xf9\xe3\
\xf5h\xf2 \xef\x11\xec@\xe9\xb4\xe6q\xe4z\xe2\xd3\
\xe0\x7f\xdf\x80\xde\xd6\xdd\x83\xdd\x86\xdd\xdd\xdd\x88\xde\x84\
\xdf\xcd\xe0a\xe2:\xe4T\xe6\xaa\xe85\xeb\xef\xed\xd2\
\xf0\xd7\xf3\xf6\xf6(\xfae\xfd\xa5\x00\xe2\x03\x14\x074\
\x0a9\x0d\x1d\x10\xd9\x12h\x15\xc2\x17\xe3\x19\xc6\x1be\
\x1d\xbe\x1e\xcd\x1f\x90 \x03!'!\xfa } \xb0\
\x1f\x94\x1e+\x1dy\x1b\x80\x19D\x17\xc9\x14\x15\x12-\
\x0f\x16\x0c\xd7\x08v\x05\xfa\x01l\xfe\xcf\xfa-\xf7\x8d\
\xf3\xf6\xefp\xec\x01\xe9\xb1\xe5\x86\xe2\x87\xdf\xb9\xdc$\
\xda\xcb\xd7\xb4\xd5\xe3\xd3]\xd2#\xd19\xd0\xa1\xcf]\
\xcfl\xcf\xd0\xcf\x88\xd0\x92\xd1\xed\xd2\x97\xd4\x8c\xd6\xc9\
\xd8K\xdb\x0c\xde\x08\xe19\xe4\x99\xe7#\xeb\xcf\xee\x98\
\xf2v\xf6c\xfaV\xfeI\x026\x06\x15\x0a\xe0\x0d\x8f\
\x11\x1c\x15\x81\x18\xb8\x1b\xbb\x1e\x86!\x14$a&h\
((*\x9d+\xc5,\x9f-*.e.R.\xf0\
-B-I,\x08+\x82)\xba'\xb5%w#\x05\
!d\x1e\x99\x1b\xaa\x18\x9e\x15z\x12D\x0f\x03\x0c\xbe\
\x08z\x05>\x02\x11\xff\xf7\xfb\xf7\xf8\x16\xf6[\xf3\xc8\
\xf0d\xee3\xec7\xeau\xe8\xef\xe6\xa8\xe5\xa2\xe4\xdd\
\xe3Z\xe3\x1b\xe3\x1e\xe3c\xe3\xe9\xe3\xad\xe4\xae\xe5\xe9\
\xe6[\xe8\xff\xe9\xd3\xeb\xd2\xed\xf7\xef=\xf2\xa0\xf4\x1a\
\xf7\xa5\xf9<\xfc\xda\xfew\x01\x10\x04\x9f\x06\x1d\x09\x86\
\x0b\xd4\x0d\x03\x10\x0e\x12\xf0\x13\xa5\x15+\x17|\x18\x97\
\x19z\x1a!\x1b\x8c\x1b\xb9\x1b\xa8\x1bX\x1b\xcb\x1a\x00\
\x1a\xfa\x18\xba\x17A\x16\x94\x14\xb4\x12\xa5\x10k\x0e\x0b\
\x0c\x87\x09\xe6\x06,\x04]\x01\x81\xfe\x9b\xfb\xb0\xf8\xc7\
\xf5\xe4\xf2\x0e\xf0J\xed\x9c\xea\x0a\xe8\x98\xe5L\xe3)\
\xe14\xdfp\xdd\xe1\xdb\x89\xdal\xd9\x8b\xd8\xe8\xd7\x85\
\xd7b\xd7\x80\xd7\xdf\xd7~\xd8\x5c\xd9y\xda\xd2\xdbe\
\xdd/\xdf.\xe1^\xe3\xbc\xe5C\xe8\xf0\xea\xbd\xed\xa7\
\xf0\xa8\xf3\xbb\xf6\xdb\xf9\x03\xfd-\x00V\x03v\x06\x8a\
\x09\x8c\x0cw\x0fF\x12\xf6\x14\x82\x17\xe5\x19\x1c\x1c$\
\x1e\xfa\x1f\x9b!\x04#4$*%\xe4%a&\xa1\
&\xa4&k&\xf7%I%c$G#\xf7!v\
 \xc7\x1e\xee\x1c\xee\x1a\xcc\x18\x8a\x16.\x14\xbc\x118\
\x0f\xa7\x0c\x0e\x0aq\x07\xd5\x04?\x02\xb4\xff7\xfd\xcd\
\xfay\xf8A\xf6'\xf4/\xf2]\xf0\xb3\xee3\xed\xe1\
\xeb\xbd\xea\xca\xe9\x09\xe9z\xe8\x1e\xe8\xf5\xe7\xff\xe7<\
\xe8\xaa\xe8G\xe9\x13\xea\x0b\xeb-\xecw\xed\xe5\xeet\
\xf0\x22\xf2\xea\xf3\xc9\xf5\xbb\xf7\xbc\xf9\xc8\xfb\xdb\xfd\xf1\
\xff\x05\x02\x14\x04\x19\x06\x11\x08\xf8\x09\xc9\x0b\x82\x0d\x1f\
\x0f\x9c\x10\xf7\x11.\x13=\x14#\x15\xde\x15l\x16\xcc\
\x16\xfd\x16\xff\x16\xd2\x16u\x16\xe9\x150\x15I\x147\
\x13\xfb\x11\x97\x10\x0e\x0fc\x0d\x97\x0b\xae\x09\xac\x07\x93\
\x05g\x03-\x01\xe8\xfe\x9b\xfcJ\xfa\xfa\xf7\xaf\xf5l\
\xf35\xf1\x0e\xef\xfb\xec\x00\xeb\x1f\xe9\x5c\xe7\xbb\xe5=\
\xe4\xe6\xe2\xb7\xe1\xb4\xe0\xdd\xdf4\xdf\xbb\xder\xdeZ\
\xdet\xde\xbe\xde9\xdf\xe4\xdf\xbf\xe0\xc8\xe1\xfc\xe2\x5c\
\xe4\xe4\xe5\x92\xe7d\xe9V\xebf\xed\x91\xef\xd3\xf1)\
\xf4\x8f\xf6\x02\xf9}\xfb\xfe\xfd\x7f\x00\xfe\x02w\x05\xe6\
\x07G\x0a\x97\x0c\xd3\x0e\xf7\x10\xff\x12\xea\x14\xb5\x16\x5c\
\x18\xde\x199\x1bk\x1cq\x1dL\x1e\xfb\x1e{\x1f\xce\
\x1f\xf3\x1f\xea\x1f\xb4\x1fQ\x1f\xc2\x1e\x09\x1e(\x1d\x1f\
\x1c\xf1\x1a\xa1\x190\x18\xa2\x16\xf9\x147\x13a\x11y\
\x0f\x82\x0d\x80\x0bu\x09g\x07W\x05I\x03A\x01C\
\xffO\xfdj\xfb\x97\xf9\xd9\xf72\xf6\xa5\xf44\xf3\xe1\
\xf1\xae\xf0\x9d\xef\xaf\xee\xe5\xed@\xed\xc1\xeci\xec7\
\xec+\xecE\xec\x85\xec\xea\xecr\xed\x1d\xee\xe8\xee\xd2\
\xef\xda\xf0\xfd\xf19\xf3\x8b\xf4\xf1\xf5i\xf7\xef\xf8\x81\
\xfa\x1c\xfc\xbc\xfd`\xff\x02\x01\xa3\x02>\x04\xcf\x05V\
\x07\xcd\x084\x0a\x88\x0b\xc5\x0c\xeb\x0d\xf6\x0e\xe6\x0f\xb8\
\x10k\x11\xfd\x11n\x12\xbc\x12\xe8\x12\xf0\x12\xd4\x12\x95\
\x123\x12\xae\x11\x07\x11@\x10X\x0fQ\x0e.\x0d\xf0\
\x0b\x98\x0a)\x09\xa5\x07\x0e\x06g\x04\xb2\x02\xf3\x00+\
\xff^\xfd\x8e\xfb\xbd\xf9\xf0\xf7)\xf6i\xf4\xb6\xf2\x10\
\xf1z\xef\xf7\xed\x8a\xec4\xeb\xf8\xe9\xd7\xe8\xd4\xe7\xef\
\xe6+\xe6\x88\xe5\x08\xe5\xac\xe4t\xe4`\xe4p\xe4\xa6\
\xe4\x00\xe5}\xe5\x1f\xe6\xe2\xe6\xc8\xe7\xcd\xe8\xf1\xe93\
\xeb\x90\xec\x06\xee\x95\xef8\xf1\xef\xf2\xb6\xf4\x8b\xf6l\
\xf8W\xfaG\xfc;\xfe0\x00#\x02\x13\x04\xfb\x05\xda\
\x07\xac\x09q\x0b$\x0d\xc4\x0eP\x10\xc3\x11\x1e\x13_\
\x14\x83\x15\x89\x16p\x178\x18\xdf\x18d\x19\xc8\x19\x09\
\x1a)\x1a&\x1a\x02\x1a\xbd\x19W\x19\xd1\x18-\x18k\
\x17\x8d\x16\x95\x15\x84\x14[\x13\x1d\x12\xcc\x10j\x0f\xf9\
\x0d{\x0c\xf3\x0ab\x09\xcc\x072\x06\x97\x04\xfe\x02h\
\x01\xd9\xffQ\xfe\xd4\xfcc\xfb\x01\xfa\xaf\xf8o\xf7C\
\xf6,\xf5-\xf4E\xf3v\xf2\xc2\xf1(\xf1\xaa\xf0H\
\xf0\x02\xf0\xd9\xef\xcc\xef\xdb\xef\x06\xf0L\xf0\xad\xf0(\
\xf1\xbb\xf1e\xf2&\xf3\xfc\xf3\xe5\xf4\xe0\xf5\xeb\xf6\x04\
\xf8)\xf9Y\xfa\x91\xfb\xd0\xfc\x13\xfeX\xff\x9c\x00\xe0\
\x01\x1f\x03Y\x04\x8a\x05\xb2\x06\xce\x07\xdc\x08\xdb\x09\xc9\
\x0a\xa5\x0bn\x0c!\x0d\xbe\x0dD\x0e\xb3\x0e\x08\x0fD\
\x0fg\x0fo\x0f^\x0f2\x0f\xec\x0e\x8d\x0e\x15\x0e\x84\
\x0d\xdb\x0c\x1c\x0cG\x0b]\x0a_\x09P\x080\x07\x01\
\x06\xc5\x04}\x03+\x02\xd1\x00r\xff\x0e\xfe\xa8\xfcA\
\xfb\xdd\xf9{\xf8 \xf7\xcc\xf5\x81\xf4A\xf3\x0f\xf2\xeb\
\xf0\xd7\xef\xd4\xee\xe5\xed\x0b\xedF\xec\x98\xeb\x01\xeb\x83\
\xea\x1f\xea\xd4\xe9\xa3\xe9\x8e\xe9\x93\xe9\xb2\xe9\xed\xe9B\
\xea\xb0\xea9\xeb\xda\xeb\x94\xecd\xedK\xeeG\xefV\
\xf0x\xf1\xab\xf2\xee\xf3>\xf5\x9b\xf6\x03\xf8s\xf9\xea\
\xfag\xfc\xe6\xfdh\xff\xe8\x00f\x02\xe1\x03V\x05\xc3\
\x06'\x08\x80\x09\xcd\x0a\x0b\x0c:\x0dX\x0ed\x0f\x5c\
\x10@\x11\x0f\x12\xc7\x12h\x13\xf2\x13d\x14\xbd\x14\xfe\
\x14%\x154\x15+\x15\x09\x15\xcf\x14}\x14\x15\x14\x96\
\x13\x02\x13Z\x12\x9e\x11\xd0\x10\xf1\x0f\x02\x0f\x05\x0e\xfb\
\x0c\xe5\x0b\xc5\x0a\x9d\x09n\x08:\x07\x02\x06\xc8\x04\x8d\
\x03T\x02\x1d\x01\xec\xff\xc0\xfe\x9c\xfd\x80\xfcn\xfbh\
\xfao\xf9\x84\xf8\xa7\xf7\xdb\xf6 \xf6w\xf5\xdf\xf4\x5c\
\xf4\xeb\xf3\x8f\xf3G\xf3\x13\xf3\xf4\xf2\xe9\xf2\xf3\xf2\x11\
\xf3B\xf3\x87\xf3\xde\xf3H\xf4\xc2\xf4N\xf5\xe8\xf5\x92\
\xf6H\xf7\x0c\xf8\xda\xf8\xb2\xf9\x93\xfa{\xfbi\xfc\x5c\
\xfdR\xfeJ\xffA\x008\x01,\x02\x1d\x03\x08\x04\xed\
\x04\xca\x05\x9e\x06h\x07&\x08\xd8\x08}\x09\x13\x0a\x9a\
\x0a\x11\x0bx\x0b\xcd\x0b\x11\x0cC\x0cb\x0co\x0ci\
\x0cP\x0c%\x0c\xe7\x0b\x97\x0b5\x0b\xc1\x0a=\x0a\xa9\
\x09\x05\x09R\x08\x92\x07\xc4\x06\xeb\x05\x07\x05\x19\x04\x22\
\x03$\x02 \x01\x17\x00\x0c\xff\xfd\xfd\xed\xfc\xdd\xfb\xcf\
\xfa\xc4\xf9\xbe\xf8\xbd\xf7\xc2\xf6\xd0\xf5\xe7\xf4\x08\xf45\
\xf3n\xf2\xb5\xf1\x09\xf1m\xf0\xe1\xeff\xef\xfb\xee\xa3\
\xee\x5c\xee(\xee\x07\xee\xf9\xed\xfe\xed\x16\xeeB\xee\x80\
\xee\xd0\xee3\xef\xa8\xef-\xf0\xc4\xf0k\xf1!\xf2\xe6\
\xf2\xb8\xf3\x97\xf4\x82\xf5x\xf6w\xf7\x7f\xf8\x8f\xf9\xa5\
\xfa\xbf\xfb\xde\xfc\xff\xfd\x22\xffC\x00e\x01\x84\x02\xa0\
\x03\xb7\x04\xc8\x05\xd2\x06\xd4\x07\xcc\x08\xbb\x09\x9e\x0au\
\x0b@\x0c\xfc\x0c\xab\x0dJ\x0e\xd9\x0eY\x0f\xc8\x0f&\
\x10s\x10\xae\x10\xd8\x10\xf0\x10\xf7\x10\xed\x10\xd1\x10\xa4\
\x10g\x10\x19\x10\xbc\x0fP\x0f\xd5\x0eL\x0e\xb6\x0d\x14\
\x0df\x0c\xad\x0b\xeb\x0a \x0aM\x09t\x08\x94\x07\xb0\
\x06\xc9\x05\xde\x04\xf3\x03\x07\x03\x1b\x022\x01K\x00i\
\xff\x8b\xfe\xb2\xfd\xe1\xfc\x17\xfcU\xfb\x9d\xfa\xee\xf9K\
\xf9\xb2\xf8&\xf8\xa6\xf73\xf7\xce\xf6v\xf6,\xf6\xf0\
\xf5\xc3\xf5\xa4\xf5\x94\xf5\x91\xf5\x9d\xf5\xb8\xf5\xdf\xf5\x15\
\xf6W\xf6\xa6\xf6\x01\xf7h\xf7\xda\xf7V\xf8\xdb\xf8j\
\xf9\x01\xfa\x9f\xfaC\xfb\xed\xfb\x9c\xfcO\xfd\x05\xfe\xbd\
\xfev\xff.\x00\xe6\x00\x9c\x01Q\x02\x01\x03\xad\x03T\
\x04\xf5\x04\x90\x05\x22\x06\xad\x06.\x07\xa6\x07\x14\x08w\
\x08\xcf\x08\x1b\x09[\x09\x8f\x09\xb7\x09\xd1\x09\xdf\x09\xe0\
\x09\xd3\x09\xba\x09\x94\x09`\x09!\x09\xd5\x08}\x08\x19\
\x08\xaa\x070\x07\xac\x06\x1e\x06\x88\x05\xe9\x04B\x04\x94\
\x03\xdf\x02&\x02g\x01\xa5\x00\xe0\xff\x18\xffO\xfe\x86\
\xfd\xbc\xfc\xf4\xfb.\xfbj\xfa\xab\xf9\xf0\xf8:\xf8\x8a\
\xf7\xe2\xf6@\xf6\xa7\xf5\x17\xf5\x90\xf4\x14\xf4\xa2\xf3;\
\xf3\xdf\xf2\x90\xf2L\xf2\x16\xf2\xec\xf1\xce\xf1\xbf\xf1\xbc\
\xf1\xc6\xf1\xde\xf1\x02\xf24\xf2s\xf2\xbe\xf2\x15\xf3x\
\xf3\xe7\xf3`\xf4\xe5\xf4t\xf5\x0c\xf6\xad\xf6W\xf7\x08\
\xf8\xc1\xf8\x7f\xf9D\xfa\x0d\xfb\xdb\xfb\xab\xfc\x7f\xfdT\
\xfe*\xff\x00\x00\xd5\x00\xaa\x01|\x02K\x03\x16\x04\xdd\
\x04\x9f\x05[\x06\x11\x07\xbf\x07f\x08\x04\x09\x99\x09%\
\x0a\xa8\x0a \x0b\x8d\x0b\xef\x0bG\x0c\x92\x0c\xd2\x0c\x06\
\x0d.\x0dJ\x0d[\x0d_\x0dW\x0dC\x0d$\x0d\xf9\
\x0c\xc4\x0c\x83\x0c8\x0c\xe3\x0b\x84\x0b\x1b\x0b\xaa\x0a1\
\x0a\xb0\x09(\x09\x99\x08\x04\x08j\x07\xcc\x06)\x06\x83\
\x05\xda\x04/\x04\x83\x03\xd6\x02)\x02}\x01\xd2\x00*\
\x00\x85\xff\xe2\xfeD\xfe\xaa\xfd\x15\xfd\x85\xfc\xfc\xfbz\
\xfb\xfe\xfa\x8a\xfa\x1e\xfa\xba\xf9_\xf9\x0d\xf9\xc4\xf8\x84\
\xf8N\xf8!\xf8\xfe\xf7\xe5\xf7\xd6\xf7\xd0\xf7\xd4\xf7\xe2\
\xf7\xf9\xf7\x19\xf8B\xf8u\xf8\xaf\xf8\xf2\xf8=\xf9\x8f\
\xf9\xe8\xf9H\xfa\xae\xfa\x19\xfb\x8a\xfb\xff\xfby\xfc\xf6\
\xfcv\xfd\xf9\xfd}\xfe\x03\xff\x89\xff\x0f\x00\x95\x00\x1a\
\x01\x9e\x01\x1f\x02\x9d\x02\x19\x03\x90\x03\x04\x04r\x04\xdc\
\x04?\x05\x9d\x05\xf4\x05E\x06\x8e\x06\xd0\x06\x0a\x07<\
\x07e\x07\x87\x07\xa0\x07\xb0\x07\xb7\x07\xb6\x07\xac\x07\x99\
\x07~\x07Z\x07.\x07\xf9\x06\xbc\x06w\x06+\x06\xd7\
\x05|\x05\x1a\x05\xb2\x04D\x04\xd1\x03X\x03\xdb\x02Y\
\x02\xd4\x01K\x01\xbf\x002\x00\xa3\xff\x12\xff\x81\xfe\xf0\
\xfd^\xfd\xce\xfc?\xfc\xb2\xfb(\xfb\xa1\xfa\x1d\xfa\x9c\
\xf9!\xf9\xaa\xf89\xf8\xcd\xf7g\xf7\x08\xf7\xaf\xf6^\
\xf6\x14\xf6\xd1\xf5\x97\xf5e\xf5;\xf5\x19\xf5\x00\xf5\xf0\
\xf4\xe8\xf4\xe9\xf4\xf3\xf4\x06\xf5\x22\xf5F\xf5r\xf5\xa7\
\xf5\xe4\xf5)\xf6u\xf6\xca\xf6%\xf7\x87\xf7\xf0\xf7_\
\xf8\xd4\xf8N\xf9\xce\xf9R\xfa\xda\xfaf\xfb\xf6\xfb\x88\
\xfc\x1d\xfd\xb3\xfdK\xfe\xe4\xfe~\xff\x16\x00\xaf\x00G\
\x01\xdd\x01r\x02\x04\x03\x93\x03\x1f\x04\xa7\x04+\x05\xab\
\x05&\x06\x9b\x06\x0b\x07u\x07\xd9\x076\x08\x8c\x08\xdc\
\x08$\x09e\x09\x9f\x09\xd0\x09\xfb\x09\x1d\x0a7\x0aJ\
\x0aT\x0aW\x0aR\x0aE\x0a0\x0a\x14\x0a\xf1\x09\xc6\
\x09\x95\x09\x5c\x09\x1e\x09\xd8\x08\x8d\x08<\x08\xe6\x07\x8b\
\x07+\x07\xc6\x06^\x06\xf2\x05\x82\x05\x10\x05\x9c\x04%\
\x04\xad\x033\x03\xb9\x02>\x02\xc3\x01I\x01\xd0\x00X\
\x00\xe2\xffm\xff\xfb\xfe\x8c\xfe\x1f\xfe\xb6\xfdQ\xfd\xf0\
\xfc\x93\xfc;\xfc\xe7\xfb\x99\xfbP\xfb\x0c\xfb\xce\xfa\x96\
\xfad\xfa8\xfa\x13\xfa\xf3\xf9\xda\xf9\xc7\xf9\xbb\xf9\xb5\
\xf9\xb5\xf9\xbb\xf9\xc8\xf9\xda\xf9\xf3\xf9\x11\xfa6\xfa_\
\xfa\x8e\xfa\xc2\xfa\xfb\xfa8\xfbz\xfb\xc0\xfb\x0a\xfcW\
\xfc\xa7\xfc\xfa\xfcP\xfd\xa9\xfd\x03\xfe^\xfe\xbb\xfe\x19\
\xffx\xff\xd6\xff4\x00\x92\x00\xef\x00K\x01\xa6\x01\xff\
\x01U\x02\xaa\x02\xfb\x02J\x03\x95\x03\xdd\x03!\x04a\
\x04\x9d\x04\xd5\x04\x07\x055\x05^\x05\x82\x05\xa1\x05\xba\
\x05\xce\x05\xdc\x05\xe5\x05\xe8\x05\xe5\x05\xdd\x05\xcf\x05\xbc\
\x05\xa3\x05\x85\x05b\x059\x05\x0b\x05\xd8\x04\xa1\x04e\
\x04$\x04\xdf\x03\x96\x03I\x03\xf9\x02\xa6\x02O\x02\xf6\
\x01\x9a\x01<\x01\xdc\x00z\x00\x17\x00\xb4\xffO\xff\xea\
\xfe\x85\xfe\x1f\xfe\xbb\xfdW\xfd\xf4\xfc\x93\xfc3\xfc\xd6\
\xfbz\xfb\x22\xfb\xcc\xfay\xfa)\xfa\xdd\xf9\x95\xf9Q\
\xf9\x11\xf9\xd5\xf8\x9e\xf8l\xf8?\xf8\x16\xf8\xf3\xf7\xd5\
\xf7\xbd\xf7\xa9\xf7\x9c\xf7\x93\xf7\x90\xf7\x93\xf7\x9c\xf7\xa9\
\xf7\xbd\xf7\xd5\xf7\xf3\xf7\x17\xf8?\xf8m\xf8\x9f\xf8\xd6\
\xf8\x12\xf9S\xf9\x97\xf9\xe0\xf9-\xfa}\xfa\xd1\xfa(\
\xfb\x82\xfb\xde\xfb>\xfc\x9f\xfc\x03\xfdh\xfd\xce\xfd6\
\xfe\x9f\xfe\x08\xffr\xff\xdc\xffD\x00\xad\x00\x15\x01}\
\x01\xe3\x01G\x02\xaa\x02\x0a\x03h\x03\xc4\x03\x1d\x04s\
\x04\xc6\x04\x15\x05a\x05\xa9\x05\xed\x05-\x06i\x06\xa1\
\x06\xd4\x06\x03\x07-\x07R\x07r\x07\x8e\x07\xa5\x07\xb6\
\x07\xc3\x07\xcb\x07\xce\x07\xcd\x07\xc6\x07\xbb\x07\xab\x07\x96\
\x07}\x07_\x07=\x07\x17\x07\xec\x06\xbe\x06\x8c\x06W\
\x06\x1e\x06\xe2\x05\xa2\x05`\x05\x1c\x05\xd4\x04\x8b\x04?\
\x04\xf2\x03\xa3\x03S\x03\x02\x03\xaf\x02\x5c\x02\x09\x02\xb5\
\x01b\x01\x0f\x01\xbc\x00j\x00\x18\x00\xc9\xff{\xff-\
\xff\xe2\xfe\x98\xfeQ\xfe\x0c\xfe\xc9\xfd\x89\xfdL\xfd\x11\
\xfd\xda\xfc\xa6\xfcu\xfcH\xfc\x1e\xfc\xf7\xfb\xd5\xfb\xb6\
\xfb\x9b\xfb\x83\xfbp\xfb`\xfbT\xfbL\xfbH\xfbH\
\xfbL\xfbS\xfb^\xfbm\xfb\x7f\xfb\x95\xfb\xaf\xfb\xcb\
\xfb\xeb\xfb\x0e\xfc4\xfc\x5c\xfc\x88\xfc\xb6\xfc\xe6\xfc\x18\
\xfdM\xfd\x83\xfd\xbc\xfd\xf5\xfd1\xfem\xfe\xaa\xfe\xe9\
\xfe'\xffg\xff\xa6\xff\xe6\xff$\x00d\x00\xa2\x00\xe0\
\x00\x1e\x01Z\x01\x95\x01\xcf\x01\x07\x02=\x02r\x02\xa4\
\x02\xd5\x02\x03\x03/\x03Y\x03\x7f\x03\xa3\x03\xc5\x03\xe3\
\x03\xfe\x03\x16\x04+\x04=\x04L\x04W\x04_\x04d\
\x04e\x04c\x04]\x04T\x04H\x049\x04&\x04\x10\
\x04\xf7\x03\xdb\x03\xbc\x03\x9a\x03u\x03M\x03#\x03\xf6\
\x02\xc7\x02\x95\x02a\x02+\x02\xf3\x01\xba\x01~\x01B\
\x01\x03\x01\xc4\x00\x84\x00B\x00\x01\x00\xbf\xff|\xff9\
\xff\xf6\xfe\xb3\xfep\xfe.\xfe\xec\xfd\xab\xfdk\xfd,\
\xfd\xee\xfc\xb1\xfcv\xfc=\xfc\x06\xfc\xd0\xfb\x9c\xfbk\
\xfb<\xfb\x0f\xfb\xe5\xfa\xbd\xfa\x98\xfav\xfaW\xfa:\
\xfa!\xfa\x0b\xfa\xf7\xf9\xe7\xf9\xda\xf9\xd0\xf9\xca\xf9\xc7\
\xf9\xc7\xf9\xca\xf9\xd0\xf9\xda\xf9\xe7\xf9\xf7\xf9\x0a\xfa!\
\xfa:\xfaV\xfav\xfa\x98\xfa\xbc\xfa\xe4\xfa\x0e\xfb;\
\xfbj\xfb\x9b\xfb\xcf\xfb\x04\xfc<\xfcu\xfc\xb0\xfc\xed\
\xfc+\xfdk\xfd\xab\xfd\xed\xfd0\xfes\xfe\xb7\xfe\xfb\
\xfe@\xff\x85\xff\xca\xff\x0e\x00S\x00\x97\x00\xdb\x00\x1e\
\x01`\x01\xa2\x01\xe2\x01!\x02_\x02\x9c\x02\xd7\x02\x10\
\x03H\x03}\x03\xb1\x03\xe3\x03\x12\x04?\x04j\x04\x93\
\x04\xb9\x04\xdd\x04\xfe\x04\x1c\x058\x05Q\x05g\x05z\
\x05\x8b\x05\x99\x05\xa4\x05\xac\x05\xb2\x05\xb4\x05\xb4\x05\xb1\
\x05\xab\x05\xa3\x05\x98\x05\x8a\x05z\x05g\x05Q\x05:\
\x05 \x05\x03\x05\xe5\x04\xc4\x04\xa1\x04}\x04V\x04.\
\x04\x04\x04\xd8\x03\xab\x03}\x03N\x03\x1d\x03\xeb\x02\xb9\
\x02\x86\x02R\x02\x1d\x02\xe8\x01\xb3\x01}\x01G\x01\x12\
\x01\xdc\x00\xa7\x00r\x00>\x00\x0a\x00\xd7\xff\xa5\xffs\
\xffC\xff\x13\xff\xe5\xfe\xb8\xfe\x8c\xfeb\xfe9\xfe\x12\
\xfe\xec\xfd\xc8\xfd\xa6\xfd\x85\xfdg\xfdJ\xfd0\xfd\x17\
\xfd\x01\xfd\xed\xfc\xda\xfc\xca\xfc\xbc\xfc\xb0\xfc\xa7\xfc\x9f\
\xfc\x9a\xfc\x97\xfc\x96\xfc\x97\xfc\x9a\xfc\xa0\xfc\xa7\xfc\xb1\
\xfc\xbc\xfc\xc9\xfc\xd9\xfc\xea\xfc\xfd\xfc\x12\xfd(\xfd@\
\xfdZ\xfdu\xfd\x91\xfd\xaf\xfd\xce\xfd\xef\xfd\x10\xfe3\
\xfeV\xfe{\xfe\xa0\xfe\xc5\xfe\xec\xfe\x13\xff:\xffb\
\xff\x8a\xff\xb2\xff\xda\xff\x01\x00)\x00P\x00x\x00\x9f\
\x00\xc5\x00\xeb\x00\x11\x015\x01Y\x01|\x01\x9e\x01\xbf\
\x01\xdf\x01\xfe\x01\x1b\x027\x02R\x02l\x02\x83\x02\x9a\
\x02\xaf\x02\xc2\x02\xd4\x02\xe4\x02\xf2\x02\xff\x02\x0a\x03\x13\
\x03\x1a\x03 \x03#\x03%\x03%\x03#\x03 \x03\x1a\
\x03\x13\x03\x0a\x03\xff\x02\xf3\x02\xe4\x02\xd4\x02\xc3\x02\xb0\
\x02\x9b\x02\x84\x02l\x02S\x028\x02\x1c\x02\xff\x01\xe0\
\x01\xc0\x01\x9f\x01}\x01Z\x017\x01\x12\x01\xec\x00\xc6\
\x00\x9f\x00w\x00O\x00'\x00\xff\xff\xd6\xff\xad\xff\x84\
\xffZ\xff1\xff\x08\xff\xde\xfe\xb6\xfe\x8d\xfee\xfe=\
\xfe\x16\xfe\xf0\xfd\xca\xfd\xa5\xfd\x81\xfd^\xfd;\xfd\x1a\
\xfd\xfa\xfc\xdb\xfc\xbd\xfc\xa0\xfc\x85\xfcj\xfcR\xfc:\
\xfc$\xfc\x10\xfc\xfd\xfb\xec\xfb\xdc\xfb\xce\xfb\xc1\xfb\xb6\
\xfb\xad\xfb\xa6\xfb\xa0\xfb\x9c\xfb\x99\xfb\x99\xfb\x9a\xfb\x9c\
\xfb\xa1\xfb\xa7\xfb\xaf\xfb\xb8\xfb\xc3\xfb\xd0\xfb\xde\xfb\xee\
\xfb\x00\xfc\x12\xfc'\xfc=\xfcT\xfcm\xfc\x87\xfc\xa2\
\xfc\xbf\xfc\xdc\xfc\xfb\xfc\x1b\xfd<\xfd^\xfd\x81\xfd\xa5\
\xfd\xc9\xfd\xee\xfd\x15\xfe;\xfeb\xfe\x8a\xfe\xb2\xfe\xdb\
\xfe\x04\xff-\xffV\xff\x80\xff\xa9\xff\xd3\xff\xfc\xff%\
\x00N\x00w\x00\xa0\x00\xc8\x00\xf0\x00\x17\x01>\x01d\
\x01\x8a\x01\xaf\x01\xd3\x01\xf6\x01\x18\x02:\x02[\x02z\
\x02\x99\x02\xb6\x02\xd3\x02\xee\x02\x08\x03!\x039\x03O\
\x03d\x03x\x03\x8a\x03\x9b\x03\xab\x03\xb9\x03\xc6\x03\xd2\
\x03\xdc\x03\xe4\x03\xeb\x03\xf1\x03\xf5\x03\xf8\x03\xfa\x03\xfa\
\x03\xf9\x03\xf6\x03\xf2\x03\xec\x03\xe5\x03\xdd\x03\xd4\x03\xc9\
\x03\xbd\x03\xb0\x03\xa2\x03\x92\x03\x81\x03p\x03]\x03I\
\x034\x03\x1e\x03\x07\x03\xf0\x02\xd7\x02\xbe\x02\xa4\x02\x89\
\x02n\x02R\x026\x02\x19\x02\xfb\x01\xdd\x01\xbf\x01\xa1\
\x01\x82\x01c\x01D\x01$\x01\x05\x01\xe5\x00\xc6\x00\xa7\
\x00\x87\x00h\x00I\x00+\x00\x0c\x00\xf0\xff\xd2\xff\xb5\
\xff\x98\xff|\xff`\xffE\xff+\xff\x11\xff\xf8\xfe\xdf\
\xfe\xc8\xfe\xb1\xfe\x9b\xfe\x86\xfeq\xfe^\xfeK\xfe9\
\xfe)\xfe\x19\xfe\x0a\xfe\xfd\xfd\xf0\xfd\xe4\xfd\xd9\xfd\xd0\
\xfd\xc7\xfd\xc0\xfd\xb9\xfd\xb4\xfd\xaf\xfd\xac\xfd\xaa\xfd\xa8\
\xfd\xa8\xfd\xa9\xfd\xab\xfd\xae\xfd\xb2\xfd\xb7\xfd\xbc\xfd\xc3\
\xfd\xcb\xfd\xd3\xfd\xdd\xfd\xe7\xfd\xf3\xfd\xff\xfd\x0c\xfe\x19\
\xfe(\xfe7\xfeF\xfeW\xfeh\xfez\xfe\x8c\xfe\x9f\
\xfe\xb2\xfe\xc6\xfe\xda\xfe\xef\xfe\x04\xff\x19\xff/\xffE\
\xff[\xffq\xff\x88\xff\x9e\xff\xb5\xff\xcc\xff\xe2\xff\xf9\
\xff\x0f\x00%\x00<\x00R\x00h\x00~\x00\x93\x00\xa9\
\x00\xbe\x00\xd2\x00\xe6\x00\xfa\x00\x0d\x01 \x013\x01D\
\x01V\x01f\x01v\x01\x86\x01\x95\x01\xa3\x01\xb0\x01\xbd\
\x01\xc9\x01\xd5\x01\xdf\x01\xe9\x01\xf2\x01\xfa\x01\x02\x02\x08\
\x02\x0e\x02\x13\x02\x17\x02\x1b\x02\x1d\x02\x1f\x02\x1f\x02\x1f\
\x02\x1f\x02\x1d\x02\x1a\x02\x17\x02\x13\x02\x0e\x02\x08\x02\x01\
\x02\xfa\x01\xf2\x01\xe9\x01\xdf\x01\xd5\x01\xc9\x01\xbd\x01\xb1\
\x01\xa4\x01\x96\x01\x87\x01x\x01h\x01X\x01G\x016\
\x01$\x01\x11\x01\xfe\x00\xeb\x00\xd7\x00\xc3\x00\xaf\x00\x9a\
\x00\x85\x00p\x00Z\x00D\x00.\x00\x18\x00\x02\x00\xec\
\xff\xd6\xff\xbf\xff\xa9\xff\x92\xff{\xffe\xffN\xff8\
\xff\x22\xff\x0c\xff\xf6\xfe\xe0\xfe\xcb\xfe\xb6\xfe\xa1\xfe\x8d\
\xfey\xfee\xfeQ\xfe>\xfe,\xfe\x1a\xfe\x08\xfe\xf7\
\xfd\xe7\xfd\xd6\xfd\xc7\xfd\xb8\xfd\xaa\xfd\x9c\xfd\x8f\xfd\x82\
\xfdv\xfdk\xfd`\xfdV\xfdM\xfdE\xfd=\xfd6\
\xfd/\xfd*\xfd%\xfd!\xfd\x1d\xfd\x1a\xfd\x18\xfd\x17\
\xfd\x17\xfd\x17\xfd\x18\xfd\x1a\xfd\x1c\xfd\x1f\xfd#\xfd(\
\xfd-\xfd3\xfd:\xfdA\xfdI\xfdR\xfd[\xfde\
\xfdp\xfd{\xfd\x87\xfd\x93\xfd\xa1\xfd\xae\xfd\xbc\xfd\xcb\
\xfd\xda\xfd\xea\xfd\xfa\xfd\x0b\xfe\x1c\xfe-\xfe?\xfeR\
\xfed\xfew\xfe\x8b\xfe\x9e\xfe\xb2\xfe\xc6\xfe\xdb\xfe\xef\
\xfe\x04\xff\x19\xff/\xffD\xffY\xffo\xff\x84\xff\x9a\
\xff\xb0\xff\xc6\xff\xdb\xff\xf1\xff\x05\x00\x1b\x000\x00F\
\x00[\x00p\x00\x85\x00\x99\x00\xae\x00\xc2\x00\xd6\x00\xea\
\x00\xfd\x00\x10\x01#\x015\x01H\x01Y\x01k\x01|\
\x01\x8c\x01\x9c\x01\xac\x01\xbb\x01\xca\x01\xd8\x01\xe6\x01\xf3\
\x01\x00\x02\x0d\x02\x18\x02$\x02.\x029\x02B\x02K\
\x02T\x02\x5c\x02c\x02j\x02q\x02v\x02{\x02\x80\
\x02\x84\x02\x87\x02\x8a\x02\x8d\x02\x8e\x02\x8f\x02\x90\x02\x90\
\x02\x8f\x02\x8e\x02\x8d\x02\x8a\x02\x88\x02\x84\x02\x80\x02|\
\x02w\x02r\x02l\x02f\x02_\x02X\x02P\x02H\
\x02?\x026\x02,\x02#\x02\x18\x02\x0e\x02\x03\x02\xf7\
\x01\xec\x01\xe0\x01\xd3\x01\xc7\x01\xba\x01\xad\x01\x9f\x01\x92\
\x01\x84\x01v\x01g\x01Y\x01J\x01;\x01,\x01\x1d\
\x01\x0e\x01\xff\x00\xf0\x00\xe0\x00\xd1\x00\xc1\x00\xb2\x00\xa2\
\x00\x93\x00\x83\x00t\x00d\x00U\x00E\x006\x00'\
\x00\x18\x00\x09\x00\xfc\xff\xed\xff\xdf\xff\xd0\xff\xc2\xff\xb5\
\xff\xa7\xff\x9a\xff\x8c\xff\x7f\xffs\xfff\xffZ\xffN\
\xffC\xff7\xff,\xff\x22\xff\x17\xff\x0d\xff\x04\xff\xfa\
\xfe\xf1\xfe\xe9\xfe\xe0\xfe\xd8\xfe\xd1\xfe\xca\xfe\xc3\xfe\xbc\
\xfe\xb6\xfe\xb1\xfe\xab\xfe\xa6\xfe\xa2\xfe\x9e\xfe\x9a\xfe\x96\
\xfe\x93\xfe\x91\xfe\x8e\xfe\x8d\xfe\x8b\xfe\x8a\xfe\x89\xfe\x89\
\xfe\x89\xfe\x89\xfe\x8a\xfe\x8b\xfe\x8d\xfe\x8f\xfe\x91\xfe\x94\
\xfe\x96\xfe\x9a\xfe\x9d\xfe\xa1\xfe\xa5\xfe\xaa\xfe\xaf\xfe\xb4\
\xfe\xb9\xfe\xbf\xfe\xc5\xfe\xcc\xfe\xd2\xfe\xd9\xfe\xe0\xfe\xe7\
\xfe\xef\xfe\xf7\xfe\xff\xfe\x07\xff\x0f\xff\x18\xff!\xff*\
\xff3\xff<\xffE\xffO\xffY\xffb\xffl\xffv\
\xff\x80\xff\x8b\xff\x95\xff\x9f\xff\xa9\xff\xb4\xff\xbe\xff\xc9\
\xff\xd3\xff\xde\xff\xe8\xff\xf3\xff\xfd\xff\x06\x00\x11\x00\x1b\
\x00%\x00/\x009\x00C\x00M\x00W\x00a\x00k\
\x00t\x00}\x00\x87\x00\x90\x00\x99\x00\xa1\x00\xaa\x00\xb2\
\x00\xbb\x00\xc3\x00\xca\x00\xd2\x00\xda\x00\xe1\x00\xe8\x00\xef\
\x00\xf5\x00\xfc\x00\x02\x01\x08\x01\x0d\x01\x13\x01\x18\x01\x1d\
\x01\x22\x01&\x01*\x01.\x012\x015\x018\x01;\
\x01>\x01@\x01B\x01D\x01E\x01G\x01G\x01H\
\x01I\x01I\x01I\x01H\x01G\x01G\x01E\x01D\
\x01B\x01@\x01>\x01;\x019\x016\x012\x01/\
\x01+\x01'\x01#\x01\x1e\x01\x1a\x01\x15\x01\x10\x01\x0a\
\x01\x05\x01\xff\x00\xf9\x00\xf3\x00\xed\x00\xe6\x00\xdf\x00\xd8\
\x00\xd1\x00\xca\x00\xc3\x00\xbb\x00\xb4\x00\xac\x00\xa4\x00\x9c\
\x00\x93\x00\x8b\x00\x83\x00z\x00q\x00i\x00`\x00W\
\x00N\x00E\x00<\x002\x00)\x00 \x00\x16\x00\x0d\
\x00\x04\x00\xfb\xff\xf2\xff\xe8\xff\xdf\xff\xd5\xff\xcc\xff\xc2\
\xff\xb9\xff\xaf\xff\xa6\xff\x9d\xff\x93\xff\x8a\xff\x81\xffx\
\xffn\xffe\xff\x5c\xffT\xffK\xffB\xff9\xff1\
\xff)\xff \xff\x18\xff\x10\xff\x08\xff\x00\xff\xf8\xfe\xf1\
\xfe\xea\xfe\xe2\xfe\xdb\xfe\xd4\xfe\xcd\xfe\xc7\xfe\xc0\xfe\xba\
\xfe\xb4\xfe\xae\xfe\xa8\xfe\xa2\xfe\x9d\xfe\x97\xfe\x92\xfe\x8d\
\xfe\x88\xfe\x84\xfe\x7f\xfe{\xfew\xfet\xfep\xfel\
\xfei\xfef\xfec\xfea\xfe^\xfe\x5c\xfeZ\xfeY\
\xfeW\xfeV\xfeT\xfeS\xfeS\xfeR\xfeR\xfeR\
\xfeR\xfeR\xfeR\xfeS\xfeT\xfeU\xfeV\xfeW\
\xfeY\xfe[\xfe]\xfe_\xfea\xfed\xfeg\xfej\
\xfem\xfep\xfes\xfew\xfe{\xfe\x7f\xfe\x83\xfe\x87\
\xfe\x8c\xfe\x90\xfe\x95\xfe\x9a\xfe\x9f\xfe\xa4\xfe\xa9\xfe\xaf\
\xfe\xb4\xfe\xba\xfe\xc0\xfe\xc6\xfe\xcc\xfe\xd2\xfe\xd8\xfe\xdf\
\xfe\xe5\xfe\xec\xfe\xf3\xfe\xf9\xfe\x00\xff\x07\xff\x0e\xff\x16\
\xff\x1d\xff$\xff,\xff3\xff;\xffB\xffJ\xffR\
\xffY\xffa\xffi\xffq\xffy\xff\x81\xff\x88\xff\x90\
\xff\x98\xff\xa0\xff\xa8\xff\xb1\xff\xb9\xff\xc1\xff\xc9\xff\xd1\
\xff\xd9\xff\xe1\xff\xe9\xff\xf1\xff\xf9\xff\
\x00\x00E\x14\
R\
IFF\x0cE\x00\x00WAVEfmt \x10\
\x00\x00\x00\x01\x00\x01\x00D\xac\x00\x00\x88X\x01\x00\x02\
\x00\x10\x00data\xe8D\x00\x00\x00\x00\xb6\x0bJ\
\x17\xa1\x22\xa1-28=B\xaaKeT[\x5c{\
c\xb7i\x02oQs\x9dv\xe0x\x17zCze\
y\x83w\xa3t\xcfp\x13l|f\x1b`\x01YB\
Q\xf1H&@\xf76{-\xcc#\x00\x1a2\x10x\
\x06\xed\xfc\xa5\xf3\xb8\xea:\xe2A\xda\xde\xd2\x22\xcc\x1d\
\xc6\xdb\xc0h\xbc\xcc\xb8\x0e\xb62\xb4;\xb3(\xb3\xf7\
\xb3\xa3\xb5%\xb8s\xbb\x84\xbfI\xc4\xb5\xc9\xb6\xcf<\
\xd62\xdd\x85\xe4!\xec\xee\xf3\xd9\xfb\xc9\x03\xaa\x0bf\
\x13\xe7\x1a\x18\x22\xe5(</\x0a5A:\xd0>\xac\
B\xc9E\x1dH\xa2ITJ-J/IZG\xb2\
D<A\x00=\x078^2\x10,-%\xc6\x1d\xeb\
\x15\xb0\x0d'\x05h\xfc\x84\xf3\x92\xea\xa7\xe1\xda\xd8@\
\xd0\xec\xc7\xf5\xbfl\xb8f\xb1\xf1\xaa \xa5\x00\xa0\x9e\
\x9b\x05\x98>\x95Q\x93C\x92\x17\x92\xd0\x92k\x94\xe6\
\x96=\x9ai\x9e`\xa3\x1a\xa9\x88\xaf\x9d\xb6K\xbe\x81\
\xc6,\xcf:\xd8\x98\xe11\xeb\xf0\xf4\xc1\xfe\x8d\x08A\
\x12\xc8\x1b\x0d%\xfd-\x866\x95>\x19F\x05MH\
S\xd9X\xab]\xb6a\xf3d\x5cg\xeeh\xa8i\x8b\
i\x97h\xd3fCd\xf0`\xe3\x5c(X\xcaR\xd8\
L`Fs?#8\x800\x9d(\x8d d\x183\
\x10\x0f\x08\x09\x006\xf8\xa4\xf0f\xe9\x8c\xe2%\xdc>\
\xd6\xe4\xd0!\xcc\x00\xc8\x88\xc4\xc0\xc1\xac\xbfO\xbe\xaa\
\xbd\xbd\xbd\x85\xbe\xfe\xbf#\xc2\xec\xc4R\xc8H\xcc\xc5\
\xd0\xbc\xd5\x1e\xdb\xdd\xe0\xea\xe64\xed\xab\xf3?\xfa\xdb\
\x00s\x07\xf2\x0dJ\x14h\x1a> \xbc%\xd5*z\
/\xa13=7F:\xb3<~>\xa2?\x1a@\xe5\
?\x03?t=;;^8\xe14\xcc0(,\xff\
&\x5c!L\x1b\xdb\x14\x19\x0e\x14\x07\xdd\xff\x82\xf8\x15\
\xf1\xa7\xe9G\xe2\x07\xdb\xf7\xd3'\xcd\xa7\xc6\x85\xc0\xcf\
\xba\x92\xb5\xdb\xb0\xb4\xac'\xa9<\xa6\xfa\xa3g\xa2\x87\
\xa1]\xa1\xe9\xa1+\xa3!\xa5\xc7\xa7\x19\xab\x10\xaf\xa5\
\xb3\xcd\xb8\x7f\xbe\xb0\xc4S\xcbZ\xd2\xb8\xd9]\xe1:\
\xe9@\xf1^\xf9\x83\x01\xa0\x09\xa5\x11\x82\x19'!\x85\
(\x8e/46k<'B]G\x04L\x13P\x84\
SQVuX\xeeY\xbaZ\xd9ZMZ\x18Y?\
W\xc7T\xb7Q\x16N\xefIJE3@\xb6:\xe1\
4\xbf.^(\xcf!\x1d\x1bY\x14\x91\x0d\xd4\x06/\
\x00\xb3\xf9k\xf3d\xed\xab\xe7L\xe2Q\xdd\xc4\xd8\xae\
\xd4\x17\xd1\x05\xce}\xcb\x83\xc9\x1a\xc8D\xc7\x01\xc7O\
\xc7-\xc8\x96\xc9\x86\xcb\xf8\xcd\xe4\xd0A\xd4\x08\xd8.\
\xdc\xa8\xe0l\xe5m\xea\x9f\xef\xf5\xf4b\xfa\xda\xffM\
\x05\xb1\x0a\xf7\x0f\x14\x15\xfa\x19\x9f\x1e\xf7\x22\xf7&\x97\
*\xcd-\x910\xdd2\xab4\xf65\xbb6\xf86\xaa\
6\xd35s4\x8c2#0<-\xdd)\x0b&\xd0\
!3\x1d>\x18\xfb\x12u\x0d\xb8\x07\xcf\x01\xc7\xfb\xac\
\xf5\x8a\xefn\xe9f\xe3~\xdd\xc2\xd7>\xd2\xfe\xcc\x0d\
\xc8v\xc3A\xbfx\xbb$\xb8J\xb5\xf3\xb2!\xb1\xdb\
\xaf\x22\xaf\xfa\xaea\xafY\xb0\xe0\xb1\xf4\xb3\x90\xb6\xb0\
\xb9N\xbde\xc1\xeb\xc5\xd9\xca&\xd0\xc7\xd5\xb2\xdb\xdd\
\xe1;\xe8\xc1\xeeb\xf5\x13\xfc\xc6\x02p\x09\x04\x10w\
\x16\xbc\x1c\xc8\x22\x90(\x0b..3\xf07I<2\
@\xa5C\x9cF\x11I\x03KnLQM\xabM}\
M\xc9L\x91K\xd9I\xa5G\xfbD\xe1A^>{\
:?6\xb51\xe4,\xd9'\x9d\x22;\x1d\xbe\x172\
\x12\xa0\x0c\x16\x07\x9c\x01@\xfc\x0a\xf7\x03\xf27\xed\xaf\
\xe8q\xe4\x87\xe0\xf7\xdc\xc7\xd9\xfe\xd6\x9e\xd4\xad\xd2-\
\xd1\x1f\xd0\x85\xcf^\xcf\xaa\xcff\xd0\x91\xd1&\xd3 \
\xd5{\xd70\xda:\xdd\x8f\xe0*\xe4\x00\xe8\x09\xec=\
\xf0\x90\xf4\xfb\xf8r\xfd\xeb\x01]\x06\xbf\x0a\x06\x0f)\
\x13\x1e\x17\xde\x1a_\x1e\x9a!\x89$#'d)G\
+\xc7,\xe0-\x90.\xd5.\xae.\x1b.\x1c-\xb3\
+\xe2)\xad'\x17%&\x22\xde\x1eF\x1be\x17B\
\x13\xe4\x0eT\x0a\x9b\x05\xc1\x00\xd2\xfb\xd4\xf6\xd2\xf1\xd5\
\xec\xe8\xe7\x13\xe3`\xde\xd8\xd9\x84\xd5l\xd1\x98\xcd\x10\
\xca\xda\xc6\xfc\xc3}\xc1a\xbf\xad\xbdd\xbc\x88\xbb\x1d\
\xbb\x22\xbb\x98\xbb\x7f\xbc\xd5\xbd\x98\xbf\xc6\xc1[\xc4R\
\xc7\xa6\xcaS\xceQ\xd2\x99\xd6%\xdb\xec\xdf\xe6\xe4\x0b\
\xeaR\xef\xb2\xf4\x22\xfa\x97\xff\x09\x05p\x0a\xc2\x0f\xf5\
\x14\x02\x1a\xdf\x1e\x86#\xed'\x0f,\xe4/g3\x92\
6a9\xce;\xd8=z?\xb4@\x84A\xe9A\xe4\
AvA\xa0@e?\xc8=\xcd;x9\xcf6\xd6\
3\x940\x10-P)\x5c%<!\xf6\x1c\x94\x18\x1e\
\x14\x9c\x0f\x16\x0b\x94\x06\x1f\x02\xc0\xfd|\xf9\x5c\xf5h\
\xf1\xa5\xed\x1b\xea\xcf\xe6\xc7\xe3\x08\xe1\x95\xdet\xdc\xa6\
\xda.\xd9\x0f\xd8I\xd7\xdd\xd6\xcb\xd6\x11\xd7\xaf\xd7\xa1\
\xd8\xe7\xd9|\xdb[\xdd\x82\xdf\xeb\xe1\x90\xe4l\xe7y\
\xea\xb0\xed\x0a\xf1\x81\xf4\x0d\xf8\xa6\xfbG\xff\xe5\x02|\
\x06\x03\x0at\x0d\xc7\x10\xf6\x13\xfa\x16\xcd\x19j\x1c\xcb\
\x1e\xec \xc8\x22[$\xa2%\x9a&A'\x96'\x97\
'E'\x9f&\xa6%\x5c$\xc3\x22\xdd \xae\x1e9\
\x1c\x83\x19\x90\x16e\x13\x07\x10}\x0c\xcd\x08\xfd\x04\x14\
\x01\x19\xfd\x11\xf9\x05\xf5\xfc\xf0\xfd\xec\x0e\xe98\xe5\x7f\
\xe1\xec\xdd\x83\xdaM\xd7M\xd4\x89\xd1\x07\xcf\xca\xcc\xd7\
\xca2\xc9\xdc\xc7\xda\xc6,\xc6\xd4\xc5\xd3\xc5*\xc6\xd7\
\xc6\xdb\xc73\xc9\xdd\xca\xd8\xcc\x1f\xcf\xb0\xd1\x87\xd4\x9e\
\xd7\xf2\xda}\xde9\xe2!\xe6.\xeaZ\xee\x9f\xf2\xf5\
\xf6W\xfb\xbd\xff \x04z\x08\xc4\x0c\xf8\x10\x0f\x15\x03\
\x19\xce\x1cj \xd2#\x02'\xf4)\xa4,\x0f/1\
1\x083\x914\xca5\xb36J7\x907\x847'\
7{6\x815<4\xae2\xdb0\xc6.t,\xe8\
)''7$\x1c!\xdd\x1d~\x1a\x05\x17z\x13\xe0\
\x0f@\x0c\x9e\x08\x01\x05o\x01\xee\xfd\x82\xfa2\xf7\x03\
\xf4\xfa\xf0\x1c\xeel\xeb\xf0\xe8\xaa\xe6\x9e\xe4\xcf\xe2?\
\xe1\xf0\xdf\xe5\xde\x1d\xde\x99\xdd[\xdd`\xdd\xa9\xdd5\
\xde\x02\xdf\x0d\xe0T\xe1\xd5\xe2\x8c\xe4v\xe6\x8e\xe8\xd1\
\xea9\xed\xc4\xefj\xf2(\xf5\xf9\xf7\xd6\xfa\xbb\xfd\xa2\
\x00\x86\x03b\x060\x09\xeb\x0b\x8f\x0e\x16\x11{\x13\xbc\
\x15\xd2\x17\xbb\x19s\x1b\xf7\x1cD\x1eW\x1f/ \xca\
 &!C! !\xbe \x1c <\x1f\x1f\x1e\xc6\
\x1c3\x1bj\x19k\x17<\x15\xde\x12W\x10\xa9\x0d\xd9\
\x0a\xeb\x07\xe4\x04\xc9\x01\xa0\xfel\xfb2\xf8\xf9\xf4\xc4\
\xf1\x99\xee~\xebw\xe8\x89\xe5\xb8\xe2\x09\xe0\x81\xdd#\
\xdb\xf3\xd8\xf6\xd6-\xd5\x9b\xd3E\xd2*\xd1O\xd0\xb3\
\xcfX\xcf?\xcfh\xcf\xd3\xcf\x7f\xd0l\xd1\x98\xd2\x02\
\xd4\xa8\xd5\x88\xd7\x9e\xd9\xe9\xdbd\xde\x0c\xe1\xde\xe3\xd5\
\xe6\xed\xe9\x22\xedo\xf0\xd0\xf3?\xf7\xb9\xfa7\xfe\xb5\
\x01/\x05\xa0\x08\x02\x0cQ\x0f\x89\x12\xa5\x15\xa1\x18x\
\x1b(\x1e\xad \x03#(%\x18'\xd2(S*\x9a\
+\xa6,t-\x06.Y.o.H.\xe5-F\
-m,\x5c+\x15*\x9b(\xef&\x15%\x10#\xe3\
 \x92\x1e!\x1c\x93\x19\xed\x163\x14i\x11\x92\x0e\xb5\
\x0b\xd4\x08\xf5\x05\x1b\x03K\x00\x89\xfd\xd9\xfa>\xf8\xbd\
\xf5X\xf3\x14\xf1\xf3\xee\xf9\xec'\xeb\x80\xe9\x07\xe8\xbd\
\xe6\xa3\xe5\xbb\xe4\x06\xe4\x84\xe36\xe3\x1a\xe32\xe3}\
\xe3\xf9\xe3\xa5\xe4\x7f\xe5\x87\xe6\xb9\xe7\x14\xe9\x95\xea9\
\xec\xfd\xed\xde\xef\xd9\xf1\xea\xf3\x0e\xf6A\xf8\x80\xfa\xc6\
\xfc\x10\xffY\x01\x9f\x03\xde\x05\x12\x087\x0aI\x0cF\
\x0e)\x10\xf1\x11\x9a\x13!\x15\x84\x16\xc0\x17\xd4\x18\xbd\
\x19{\x1a\x0b\x1bn\x1b\xa1\x1b\xa5\x1bz\x1b\x1f\x1b\x95\
\x1a\xdc\x19\xf6\x18\xe4\x17\xa7\x16A\x15\xb4\x13\x01\x12,\
\x107\x0e%\x0c\xf8\x09\xb4\x07\x5c\x05\xf3\x02}\x00\xfd\
\xfdw\xfb\xee\xf8e\xf6\xe1\xf3f\xf1\xf5\xee\x94\xecF\
\xea\x0d\xe8\xed\xe5\xe8\xe3\x03\xe2?\xe0\xa0\xde&\xdd\xd6\
\xdb\xaf\xda\xb5\xd9\xe8\xd8J\xd8\xdc\xd7\x9d\xd7\x90\xd7\xb4\
\xd7\x09\xd8\x8e\xd8C\xd9'\xda9\xdbx\xdc\xe2\xddu\
\xdf0\xe1\x10\xe3\x12\xe55\xe7u\xe9\xd0\xebB\xee\xc9\
\xf0a\xf3\x08\xf6\xb9\xf8q\xfb-\xfe\xe8\x00\xa2\x03U\
\x06\xfe\x08\x9b\x0b'\x0e\xa0\x10\x03\x13M\x15{\x17\x8b\
\x19z\x1bF\x1d\xed\x1em \xc5!\xf3\x22\xf6#\xcd\
$w%\xf5%E&g&\x5c&%&\xc1%2\
%y$\x97#\x8d\x22^!\x0b \x97\x1e\x03\x1dR\
\x1b\x86\x19\xa1\x17\xa8\x15\x9c\x13\x80\x11W\x0f%\x0d\xeb\
\x0a\xae\x08p\x064\x04\xfd\x01\xcf\xff\xab\xfd\x95\xfb\x8f\
\xf9\x9b\xf7\xbd\xf5\xf6\xf3I\xf2\xb8\xf0D\xef\xf0\xed\xbc\
\xec\xaa\xeb\xbb\xea\xf1\xe9K\xe9\xca\xe8o\xe8:\xe8+\
\xe8A\xe8{\xe8\xda\xe8]\xe9\x01\xea\xc7\xea\xac\xeb\xaf\
\xec\xcf\xed\x0a\xef\x5c\xf0\xc6\xf1C\xf3\xd3\xf4r\xf6\x1e\
\xf8\xd4\xf9\x93\xfbV\xfd\x1d\xff\xe3\x00\xa7\x02f\x04\x1d\
\x06\xcb\x07k\x09\xfd\x0a~\x0c\xeb\x0dC\x0f\x84\x10\xab\
\x11\xb8\x12\xa8\x13z\x14.\x15\xc1\x154\x16\x85\x16\xb4\
\x16\xc0\x16\xaa\x16r\x16\x17\x16\x9a\x15\xfb\x14<\x14]\
\x13_\x12D\x11\x0c\x10\xba\x0eO\x0d\xcc\x0b5\x0a\x89\
\x08\xcd\x06\x01\x05)\x03F\x01[\xffj\xfdv\xfb\x81\
\xf9\x8e\xf7\x9e\xf5\xb5\xf3\xd5\xf1\x00\xf09\xee\x81\xec\xdb\
\xeaJ\xe9\xce\xe7j\xe6 \xe5\xf0\xe3\xde\xe2\xea\xe1\x14\
\xe1`\xe0\xcc\xdf[\xdf\x0c\xdf\xe0\xde\xd7\xde\xf2\xde0\
\xdf\x92\xdf\x16\xe0\xbc\xe0\x83\xe1l\xe2s\xe3\x9a\xe4\xdd\
\xe5<\xe7\xb6\xe8H\xea\xf0\xeb\xae\xed~\xef`\xf1P\
\xf3M\xf5T\xf7c\xf9y\xfb\x91\xfd\xab\xff\xc3\x01\xd9\
\x03\xe9\x05\xf1\x07\xef\x09\xe1\x0b\xc5\x0d\x99\x0fZ\x11\x07\
\x13\x9f\x14\x1f\x16\x86\x17\xd4\x18\x05\x1a\x1a\x1b\x12\x1c\xeb\
\x1c\xa5\x1d?\x1e\xb8\x1e\x12\x1fK\x1fc\x1fZ\x1f2\
\x1f\xea\x1e\x82\x1e\xfc\x1dY\x1d\x99\x1c\xbe\x1b\xc8\x1a\xba\
\x19\x94\x18X\x17\x07\x16\xa4\x140\x13\xad\x11\x1c\x10\x80\
\x0e\xdb\x0c/\x0b}\x09\xc8\x07\x11\x06[\x04\xa8\x02\xf9\
\x00R\xff\xb3\xfd\x1d\xfc\x94\xfa\x18\xf9\xab\xf7P\xf6\x06\
\xf5\xd0\xf3\xaf\xf2\xa4\xf1\xb0\xf0\xd4\xef\x11\xefg\xee\xd7\
\xedb\xed\x07\xed\xc6\xec\xa1\xec\x97\xec\xa7\xec\xd1\xec\x16\
\xeds\xed\xe9\xedw\xee\x1c\xef\xd7\xef\xa6\xf0\x89\xf1~\
\xf2\x85\xf3\x9b\xf4\xbf\xf5\xef\xf6*\xf8o\xf9\xbb\xfa\x0d\
\xfcd\xfd\xbc\xfe\x15\x00m\x01\xc3\x02\x14\x04`\x05\xa3\
\x06\xdd\x07\x0c\x09/\x0aD\x0bJ\x0c?\x0d#\x0e\xf4\
\x0e\xb1\x0fZ\x10\xec\x10i\x11\xcf\x11\x1d\x12S\x12r\
\x12w\x12e\x12:\x12\xf7\x11\x9b\x11)\x11\x9e\x10\xfe\
\x0fG\x0f{\x0e\x9b\x0d\xa7\x0c\xa1\x0b\x8a\x0ab\x09,\
\x08\xe9\x06\x99\x05?\x04\xdb\x02p\x01\xff\xff\x8a\xfe\x11\
\xfd\x97\xfb\x1d\xfa\xa5\xf80\xf7\xc1\xf5X\xf4\xf7\xf2\xa0\
\xf1T\xf0\x15\xef\xe3\xed\xc1\xec\xaf\xeb\xaf\xea\xc1\xe9\xe7\
\xe8\x22\xe8r\xe7\xd8\xe6U\xe6\xea\xe5\x96\xe5[\xe58\
\xe5.\xe5<\xe5d\xe5\xa4\xe5\xfc\xe5m\xe6\xf5\xe6\x95\
\xe7K\xe8\x16\xe9\xf7\xe9\xec\xea\xf5\xeb\x0f\xed;\xeew\
\xef\xc2\xf0\x1a\xf2\x7f\xf3\xee\xf4g\xf6\xe8\xf7p\xf9\xfd\
\xfa\x8e\xfc!\xfe\xb4\xffF\x01\xd6\x02c\x04\xeb\x05l\
\x07\xe4\x08T\x0a\xb9\x0b\x12\x0d]\x0e\x9b\x0f\xc9\x10\xe7\
\x11\xf3\x12\xed\x13\xd4\x14\xa7\x15f\x16\x0f\x17\xa3\x17!\
\x18\x89\x18\xdb\x18\x16\x19:\x19H\x19?\x19 \x19\xeb\
\x18\xa0\x18@\x18\xcc\x17C\x17\xa8\x16\xf9\x159\x15i\
\x14\x88\x13\x98\x12\x9b\x11\x91\x10{\x0f[\x0e1\x0d\x00\
\x0c\xc8\x0a\x8a\x09H\x08\x04\x07\xbd\x05w\x041\x03\xed\
\x01\xad\x00s\xff=\xfe\x0f\xfd\xe9\xfb\xcb\xfa\xb9\xf9\xb1\
\xf8\xb6\xf7\xc7\xf6\xe7\xf5\x15\xf5S\xf4\xa1\xf3\xff\xf2n\
\xf2\xef\xf1\x81\xf1&\xf1\xdd\xf0\xa6\xf0\x82\xf0q\xf0q\
\xf0\x84\xf0\xa9\xf0\xdf\xf0'\xf1\x7f\xf1\xe8\xf1`\xf2\xe8\
\xf2~\xf3!\xf4\xd2\xf4\x8e\xf5V\xf6'\xf7\x02\xf8\xe5\
\xf8\xd0\xf9\xc1\xfa\xb6\xfb\xb0\xfc\xad\xfd\xac\xfe\xab\xff\xa9\
\x00\xa7\x01\xa2\x02\x9a\x03\x8d\x04z\x05a\x06@\x07\x17\
\x08\xe5\x08\xa8\x09`\x0a\x0c\x0b\xac\x0b>\x0c\xc3\x0c9\
\x0d\xa0\x0d\xf8\x0dA\x0ey\x0e\xa1\x0e\xb9\x0e\xc1\x0e\xb7\
\x0e\x9d\x0es\x0e8\x0e\xed\x0d\x92\x0d'\x0d\xad\x0c%\
\x0c\x8e\x0b\xe9\x0a7\x0ay\x09\xaf\x08\xda\x07\xfa\x06\x11\
\x06\x1f\x05&\x04&\x03\x1f\x02\x14\x01\x05\x00\xf4\xfe\xdf\
\xfd\xca\xfc\xb5\xfb\xa0\xfa\x8e\xf9~\xf8s\xf7l\xf6k\
\xf5q\xf4\x7f\xf3\x95\xf2\xb5\xf1\xde\xf0\x13\xf0S\xef\xa0\
\xee\xfa\xeda\xed\xd6\xecZ\xec\xed\xeb\x90\xebB\xeb\x04\
\xeb\xd7\xea\xba\xea\xae\xea\xb2\xea\xc7\xea\xed\xea#\xebi\
\xeb\xc0\xeb&\xec\x9c\xec \xed\xb4\xedV\xee\x05\xef\xc1\
\xef\x8a\xf0^\xf1>\xf2(\xf3\x1c\xf4\x19\xf5\x1d\xf6)\
\xf7;\xf8S\xf9o\xfa\x8f\xfb\xb2\xfc\xd6\xfd\xfc\xfe \
\x00E\x01h\x02\x88\x03\xa4\x04\xbc\x05\xcf\x06\xdc\x07\xe2\
\x08\xe0\x09\xd5\x0a\xc1\x0b\xa4\x0c|\x0dI\x0e\x0a\x0f\xbf\
\x0fg\x10\x02\x11\x90\x11\x0f\x12\x81\x12\xe4\x128\x13}\
\x13\xb4\x13\xdb\x13\xf4\x13\xfd\x13\xf8\x13\xe4\x13\xc1\x13\x90\
\x13P\x13\x03\x13\xa9\x12A\x12\xcd\x11M\x11\xc1\x10*\
\x10\x88\x0f\xdd\x0e(\x0ek\x0d\xa6\x0c\xd9\x0b\x06\x0b.\
\x0aP\x09n\x08\x89\x07\xa0\x06\xb6\x05\xcb\x04\xe0\x03\xf4\
\x02\x0a\x02\x22\x01=\x00\x5c\xff~\xfe\xa4\xfd\xd1\xfc\x03\
\xfc<\xfb|\xfa\xc4\xf9\x15\xf9o\xf8\xd2\xf7>\xf7\xb5\
\xf67\xf6\xc4\xf5[\xf5\xff\xf4\xad\xf4h\xf4/\xf4\x01\
\xf4\xe0\xf3\xcb\xf3\xc2\xf3\xc5\xf3\xd4\xf3\xee\xf3\x14\xf4E\
\xf4\x82\xf4\xc9\xf4\x1a\xf5v\xf5\xdb\xf5I\xf6\xc0\xf6?\
\xf7\xc7\xf7U\xf8\xea\xf8\x85\xf9&\xfa\xcb\xfau\xfb#\
\xfc\xd3\xfc\x86\xfd;\xfe\xf1\xfe\xa7\xff]\x00\x12\x01\xc6\
\x01x\x02'\x03\xd2\x03z\x04\x1e\x05\xbc\x05U\x06\xe7\
\x06s\x07\xf8\x07u\x08\xeb\x08W\x09\xbc\x09\x17\x0ah\
\x0a\xb0\x0a\xee\x0a\x22\x0bL\x0bk\x0b\x80\x0b\x89\x0b\x89\
\x0b}\x0bg\x0bF\x0b\x1b\x0b\xe5\x0a\xa5\x0a[\x0a\x07\
\x0a\xaa\x09C\x09\xd3\x08[\x08\xda\x07Q\x07\xc1\x06*\
\x06\x8c\x05\xe8\x04?\x04\x90\x03\xdd\x02%\x02k\x01\xad\
\x00\xee\xff,\xffh\xfe\xa5\xfd\xe1\xfc\x1d\xfc[\xfb\x9a\
\xfa\xdc\xf9 \xf9h\xf8\xb3\xf7\x03\xf7X\xf6\xb3\xf5\x13\
\xf5z\xf4\xe7\xf3\x5c\xf3\xd8\xf2]\xf2\xe9\xf1\x7f\xf1\x1d\
\xf1\xc5\xf0w\xf02\xf0\xf7\xef\xc7\xef\xa0\xef\x84\xefs\
\xefl\xefp\xef~\xef\x97\xef\xba\xef\xe8\xef \xf0a\
\xf0\xad\xf0\x03\xf1b\xf1\xca\xf1;\xf2\xb5\xf27\xf3\xc1\
\xf3S\xf4\xec\xf4\x8b\xf51\xf6\xdd\xf6\x8f\xf7E\xf8\x00\
\xf9\xbf\xf9\x82\xfaG\xfb\x0f\xfc\xd9\xfc\xa5\xfdq\xfe>\
\xff\x0a\x00\xd7\x00\xa2\x01k\x023\x03\xf8\x03\xba\x04x\
\x052\x06\xe8\x06\x99\x07D\x08\xea\x08\x89\x09\x22\x0a\xb5\
\x0a@\x0b\xc3\x0b?\x0c\xb3\x0c\x1f\x0d\x82\x0d\xdc\x0d.\
\x0ev\x0e\xb6\x0e\xec\x0e\x19\x0f<\x0fV\x0fg\x0fn\
\x0fl\x0fa\x0fM\x0f0\x0f\x0a\x0f\xdb\x0e\xa3\x0ed\
\x0e\x1c\x0e\xcc\x0du\x0d\x17\x0d\xb1\x0cE\x0c\xd3\x0bZ\
\x0b\xdc\x0aY\x0a\xd1\x09D\x09\xb3\x08\x1f\x08\x87\x07\xed\
\x06P\x06\xb1\x05\x11\x05o\x04\xcd\x03*\x03\x88\x02\xe6\
\x01F\x01\xa6\x00\x09\x00o\xff\xd6\xfeA\xfe\xae\xfd \
\xfd\x95\xfc\x0f\xfc\x8e\xfb\x12\xfb\x9b\xfa)\xfa\xbe\xf9X\
\xf9\xf9\xf8\xa0\xf8N\xf8\x03\xf8\xbe\xf7\x81\xf7K\xf7\x1c\
\xf7\xf5\xf6\xd4\xf6\xbc\xf6\xaa\xf6\xa0\xf6\x9e\xf6\xa3\xf6\xaf\
\xf6\xc2\xf6\xdc\xf6\xfd\xf6$\xf7S\xf7\x88\xf7\xc2\xf7\x03\
\xf8J\xf8\x96\xf8\xe8\xf8>\xf9\x9a\xf9\xf9\xf9]\xfa\xc5\
\xfa0\xfb\x9f\xfb\x10\xfc\x84\xfc\xfa\xfcr\xfd\xeb\xfdf\
\xfe\xe1\xfe]\xff\xd9\xffT\x00\xcf\x00J\x01\xc3\x01:\
\x02\xaf\x02#\x03\x93\x03\x01\x04l\x04\xd3\x046\x05\x96\
\x05\xf1\x05H\x06\x9a\x06\xe7\x06/\x07q\x07\xaf\x07\xe6\
\x07\x18\x08C\x08i\x08\x88\x08\xa1\x08\xb4\x08\xc1\x08\xc7\
\x08\xc7\x08\xc0\x08\xb3\x08\xa0\x08\x86\x08f\x08@\x08\x13\
\x08\xe1\x07\xa9\x07k\x07(\x07\xdf\x06\x91\x06>\x06\xe6\
\x05\x89\x05(\x05\xc3\x04Z\x04\xed\x03}\x03\x09\x03\x93\
\x02\x1a\x02\x9f\x01!\x01\xa2\x00\x22\x00\xa1\xff\x1f\xff\x9c\
\xfe\x19\xfe\x96\xfd\x13\xfd\x91\xfc\x10\xfc\x90\xfb\x12\xfb\x96\
\xfa\x1b\xfa\xa4\xf9/\xf9\xbc\xf8N\xf8\xe2\xf7z\xf7\x17\
\xf7\xb7\xf6\x5c\xf6\x05\xf6\xb3\xf5g\xf5\x1f\xf5\xdc\xf4\x9f\
\xf4h\xf46\xf4\x0a\xf4\xe4\xf3\xc4\xf3\xaa\xf3\x96\xf3\x88\
\xf3\x80\xf3\x7f\xf3\x84\xf3\x8e\xf3\x9f\xf3\xb7\xf3\xd4\xf3\xf7\
\xf3 \xf4O\xf4\x83\xf4\xbd\xf4\xfd\xf4B\xf5\x8c\xf5\xdc\
\xf50\xf6\x88\xf6\xe6\xf6G\xf7\xad\xf7\x17\xf8\x84\xf8\xf5\
\xf8i\xf9\xdf\xf9Y\xfa\xd5\xfaT\xfb\xd4\xfbV\xfc\xda\
\xfc^\xfd\xe4\xfdk\xfe\xf1\xfex\xff\xff\xff\x85\x00\x0a\
\x01\x8f\x01\x13\x02\x95\x02\x16\x03\x95\x03\x12\x04\x8c\x04\x04\
\x05y\x05\xeb\x05Z\x06\xc5\x06-\x07\x91\x07\xf1\x07M\
\x08\xa4\x08\xf8\x08F\x09\x90\x09\xd6\x09\x16\x0aQ\x0a\x88\
\x0a\xb9\x0a\xe5\x0a\x0c\x0b-\x0bI\x0b`\x0br\x0b~\
\x0b\x84\x0b\x86\x0b\x82\x0by\x0bk\x0bX\x0b?\x0b\x22\
\x0b\x00\x0b\xd9\x0a\xae\x0a~\x0aI\x0a\x10\x0a\xd4\x09\x93\
\x09N\x09\x06\x09\xba\x08k\x08\x19\x08\xc4\x07m\x07\x12\
\x07\xb6\x06W\x06\xf6\x05\x93\x05/\x05\xca\x04d\x04\xfc\
\x03\x94\x03,\x03\xc3\x02Z\x02\xf1\x01\x89\x01!\x01\xba\
\x00S\x00\xef\xff\x8c\xff*\xff\xc9\xfej\xfe\x0e\xfe\xb4\
\xfd\x5c\xfd\x06\xfd\xb4\xfcd\xfc\x17\xfc\xcd\xfb\x86\xfbC\
\xfb\x03\xfb\xc7\xfa\x8e\xfaY\xfa(\xfa\xfb\xf9\xd1\xf9\xac\
\xf9\x8a\xf9m\xf9T\xf9>\xf9-\xf9 \xf9\x17\xf9\x12\
\xf9\x11\xf9\x15\xf9\x1c\xf9'\xf96\xf9H\xf9_\xf9y\
\xf9\x97\xf9\xb8\xf9\xdd\xf9\x05\xfa0\xfa^\xfa\x90\xfa\xc4\
\xfa\xfb\xfa4\xfbp\xfb\xae\xfb\xef\xfb1\xfcu\xfc\xbb\
\xfc\x03\xfdL\xfd\x96\xfd\xe1\xfd-\xfez\xfe\xc8\xfe\x16\
\xffd\xff\xb2\xff\x00\x00N\x00\x9b\x00\xe8\x005\x01\x80\
\x01\xcb\x01\x14\x02\x5c\x02\xa3\x02\xe8\x02+\x03m\x03\xac\
\x03\xea\x03%\x04^\x04\x94\x04\xc8\x04\xf9\x04'\x05S\
\x05|\x05\xa1\x05\xc4\x05\xe3\x05\x00\x06\x19\x06.\x06A\
\x06P\x06\x5c\x06d\x06i\x06k\x06i\x06c\x06[\
\x06O\x06?\x06,\x06\x16\x06\xfd\x05\xe0\x05\xc1\x05\x9e\
\x05x\x05O\x05#\x05\xf5\x04\xc4\x04\x90\x04Z\x04!\
\x04\xe6\x03\xa8\x03i\x03'\x03\xe3\x02\x9e\x02W\x02\x0f\
\x02\xc5\x01z\x01-\x01\xe0\x00\x92\x00C\x00\xf4\xff\xa4\
\xffT\xff\x03\xff\xb2\xfea\xfe\x11\xfe\xc1\xfdq\xfd\x22\
\xfd\xd3\xfc\x85\xfc9\xfc\xed\xfb\xa3\xfbZ\xfb\x12\xfb\xcc\
\xfa\x88\xfaE\xfa\x05\xfa\xc6\xf9\x8a\xf9O\xf9\x17\xf9\xe2\
\xf8\xae\xf8~\xf8P\xf8$\xf8\xfc\xf7\xd6\xf7\xb3\xf7\x93\
\xf7v\xf7\x5c\xf7E\xf71\xf7 \xf7\x13\xf7\x08\xf7\x01\
\xf7\xfc\xf6\xfb\xf6\xfd\xf6\x03\xf7\x0b\xf7\x17\xf7%\xf77\
\xf7L\xf7d\xf7~\xf7\x9c\xf7\xbd\xf7\xe0\xf7\x06\xf8/\
\xf8[\xf8\x89\xf8\xb9\xf8\xed\xf8\x22\xf9Z\xf9\x94\xf9\xd0\
\xf9\x0e\xfaN\xfa\x8f\xfa\xd3\xfa\x18\xfb_\xfb\xa7\xfb\xf0\
\xfb;\xfc\x87\xfc\xd3\xfc!\xfdo\xfd\xbe\xfd\x0e\xfe^\
\xfe\xaf\xfe\xff\xfeP\xff\xa1\xff\xf1\xffA\x00\x91\x00\xe1\
\x000\x01~\x01\xcc\x01\x19\x02e\x02\xb0\x02\xfa\x02B\
\x03\x89\x03\xcf\x03\x13\x04V\x04\x97\x04\xd7\x04\x14\x05P\
\x05\x89\x05\xc1\x05\xf6\x05*\x06[\x06\x8a\x06\xb7\x06\xe1\
\x06\x09\x07.\x07Q\x07q\x07\x8f\x07\xab\x07\xc4\x07\xda\
\x07\xed\x07\xfe\x07\x0d\x08\x19\x08\x22\x08(\x08,\x08.\
\x08,\x08)\x08\x22\x08\x1a\x08\x0e\x08\x01\x08\xf0\x07\xde\
\x07\xc9\x07\xb2\x07\x99\x07}\x07`\x07@\x07\x1e\x07\xfa\
\x06\xd5\x06\xad\x06\x84\x06Y\x06-\x06\xff\x05\xcf\x05\x9e\
\x05l\x058\x05\x03\x05\xcd\x04\x96\x04_\x04&\x04\xed\
\x03\xb2\x03x\x03<\x03\x01\x03\xc4\x02\x88\x02K\x02\x0f\
\x02\xd2\x01\x95\x01Y\x01\x1d\x01\xe0\x00\xa5\x00j\x00/\
\x00\xf6\xff\xbc\xff\x84\xffL\xff\x15\xff\xdf\xfe\xa9\xfeu\
\xfeC\xfe\x11\xfe\xe0\xfd\xb1\xfd\x83\xfdW\xfd,\xfd\x03\
\xfd\xdb\xfc\xb4\xfc\x90\xfcm\xfcK\xfc,\xfc\x0e\xfc\xf2\
\xfb\xd7\xfb\xbf\xfb\xa8\xfb\x93\xfb\x80\xfbo\xfb`\xfbS\
\xfbG\xfb>\xfb6\xfb1\xfb-\xfb+\xfb+\xfb,\
\xfb0\xfb5\xfb=\xfbF\xfbP\xfb]\xfbk\xfbz\
\xfb\x8c\xfb\x9f\xfb\xb3\xfb\xc9\xfb\xe1\xfb\xfa\xfb\x14\xfc/\
\xfcL\xfck\xfc\x8a\xfc\xaa\xfc\xcc\xfc\xee\xfc\x12\xfd7\
\xfd\x5c\xfd\x82\xfd\xa9\xfd\xd1\xfd\xf9\xfd\x22\xfeK\xfeu\
\xfe\x9f\xfe\xca\xfe\xf5\xfe \xffL\xffw\xff\xa2\xff\xce\
\xff\xf9\xff$\x00O\x00z\x00\xa4\x00\xcf\x00\xf8\x00\x22\
\x01K\x01s\x01\x9b\x01\xc2\x01\xe8\x01\x0e\x023\x02V\
\x02y\x02\x9c\x02\xbd\x02\xdd\x02\xfc\x02\x1a\x037\x03R\
\x03m\x03\x86\x03\x9e\x03\xb5\x03\xca\x03\xde\x03\xf1\x03\x03\
\x04\x13\x04!\x04.\x04:\x04D\x04M\x04U\x04[\
\x04_\x04b\x04c\x04d\x04b\x04_\x04[\x04U\
\x04N\x04E\x04;\x04/\x04\x22\x04\x14\x04\x04\x04\xf3\
\x03\xe1\x03\xcd\x03\xb9\x03\xa2\x03\x8b\x03s\x03Y\x03>\
\x03\x22\x03\x05\x03\xe7\x02\xc8\x02\xa8\x02\x88\x02f\x02C\
\x02 \x02\xfc\x01\xd7\x01\xb1\x01\x8b\x01d\x01=\x01\x15\
\x01\xed\x00\xc4\x00\x9b\x00q\x00G\x00\x1d\x00\xf4\xff\xc9\
\xff\x9f\xfft\xffI\xff\x1f\xff\xf4\xfe\xca\xfe\x9f\xfeu\
\xfeK\xfe!\xfe\xf8\xfd\xcf\xfd\xa6\xfd~\xfdV\xfd/\
\xfd\x08\xfd\xe2\xfc\xbd\xfc\x98\xfct\xfcP\xfc.\xfc\x0c\
\xfc\xeb\xfb\xcb\xfb\xab\xfb\x8d\xfbp\xfbS\xfb8\xfb\x1d\
\xfb\x04\xfb\xeb\xfa\xd4\xfa\xbe\xfa\xa9\xfa\x95\xfa\x82\xfaq\
\xfa`\xfaQ\xfaC\xfa6\xfa+\xfa \xfa\x17\xfa\x0f\
\xfa\x09\xfa\x03\xfa\xff\xf9\xfc\xf9\xfb\xf9\xfb\xf9\xfb\xf9\xfe\
\xf9\x01\xfa\x06\xfa\x0c\xfa\x13\xfa\x1b\xfa%\xfa/\xfa;\
\xfaH\xfaV\xfaf\xfav\xfa\x88\xfa\x9a\xfa\xae\xfa\xc3\
\xfa\xd8\xfa\xef\xfa\x07\xfb \xfb9\xfbT\xfbo\xfb\x8b\
\xfb\xa8\xfb\xc6\xfb\xe5\xfb\x04\xfc$\xfcE\xfcg\xfc\x89\
\xfc\xac\xfc\xcf\xfc\xf3\xfc\x17\xfd<\xfda\xfd\x87\xfd\xad\
\xfd\xd3\xfd\xfa\xfd!\xfeH\xfep\xfe\x97\xfe\xbf\xfe\xe7\
\xfe\x0f\xff7\xff_\xff\x87\xff\xb0\xff\xd8\xff\x00\x00&\
\x00N\x00v\x00\x9d\x00\xc4\x00\xeb\x00\x11\x017\x01]\
\x01\x82\x01\xa7\x01\xcc\x01\xf0\x01\x13\x027\x02Y\x02{\
\x02\x9c\x02\xbd\x02\xdd\x02\xfd\x02\x1c\x03:\x03W\x03t\
\x03\x90\x03\xab\x03\xc6\x03\xe0\x03\xf9\x03\x11\x04(\x04>\
\x04T\x04i\x04|\x04\x8f\x04\xa1\x04\xb3\x04\xc3\x04\xd2\
\x04\xe1\x04\xee\x04\xfb\x04\x06\x05\x11\x05\x1b\x05$\x05,\
\x053\x059\x05>\x05B\x05E\x05H\x05I\x05J\
\x05I\x05H\x05F\x05C\x05?\x05:\x055\x05.\
\x05'\x05\x1f\x05\x16\x05\x0c\x05\x01\x05\xf6\x04\xea\x04\xdd\
\x04\xd0\x04\xc1\x04\xb2\x04\xa3\x04\x92\x04\x81\x04p\x04]\
\x04K\x047\x04#\x04\x0f\x04\xfa\x03\xe4\x03\xce\x03\xb7\
\x03\xa0\x03\x89\x03q\x03Y\x03@\x03'\x03\x0e\x03\xf4\
\x02\xdb\x02\xc0\x02\xa6\x02\x8b\x02p\x02U\x02:\x02\x1f\
\x02\x03\x02\xe8\x01\xcc\x01\xb0\x01\x95\x01y\x01]\x01A\
\x01%\x01\x0a\x01\xee\x00\xd2\x00\xb7\x00\x9b\x00\x80\x00e\
\x00J\x000\x00\x15\x00\xfc\xff\xe2\xff\xc8\xff\xaf\xff\x95\
\xff}\xffd\xffL\xff4\xff\x1c\xff\x05\xff\xee\xfe\xd8\
\xfe\xc2\xfe\xad\xfe\x98\xfe\x83\xfeo\xfe[\xfeH\xfe5\
\xfe#\xfe\x11\xfe\x00\xfe\xef\xfd\xdf\xfd\xcf\xfd\xc0\xfd\xb1\
\xfd\xa3\xfd\x96\xfd\x89\xfd}\xfdq\xfdf\xfd[\xfdQ\
\xfdG\xfd>\xfd6\xfd.\xfd'\xfd!\xfd\x1b\xfd\x15\
\xfd\x10\xfd\x0c\xfd\x08\xfd\x05\xfd\x03\xfd\x01\xfd\x00\xfd\xff\
\xfc\xff\xfc\xff\xfc\x00\xfd\x01\xfd\x03\xfd\x06\xfd\x09\xfd\x0c\
\xfd\x10\xfd\x15\xfd\x1a\xfd\x1f\xfd&\xfd,\xfd3\xfd;\
\xfdC\xfdK\xfdT\xfd]\xfdg\xfdq\xfd|\xfd\x87\
\xfd\x92\xfd\x9e\xfd\xaa\xfd\xb6\xfd\xc3\xfd\xd0\xfd\xdd\xfd\xeb\
\xfd\xf9\xfd\x07\xfe\x16\xfe%\xfe4\xfeC\xfeS\xfec\
\xfes\xfe\x83\xfe\x93\xfe\xa4\xfe\xb5\xfe\xc6\xfe\xd7\xfe\xe8\
\xfe\xf9\xfe\x0a\xff\x1c\xff-\xff?\xffQ\xffc\xfft\
\xff\x86\xff\x98\xff\xaa\xff\xbc\xff\xcd\xff\xdf\xff\xf1\xff\x02\
\x00\x13\x00%\x006\x00G\x00Y\x00j\x00{\x00\x8c\
\x00\x9d\x00\xad\x00\xbe\x00\xce\x00\xde\x00\xee\x00\xfe\x00\x0d\
\x01\x1d\x01,\x01;\x01I\x01X\x01f\x01t\x01\x81\
\x01\x8f\x01\x9c\x01\xa9\x01\xb5\x01\xc2\x01\xcd\x01\xd9\x01\xe5\
\x01\xf0\x01\xfa\x01\x05\x02\x0f\x02\x19\x02\x22\x02+\x024\
\x02<\x02D\x02L\x02S\x02Z\x02a\x02g\x02m\
\x02s\x02x\x02}\x02\x81\x02\x85\x02\x89\x02\x8c\x02\x8f\
\x02\x92\x02\x94\x02\x96\x02\x98\x02\x99\x02\x9a\x02\x9a\x02\x9a\
\x02\x9a\x02\x99\x02\x98\x02\x97\x02\x95\x02\x93\x02\x91\x02\x8e\
\x02\x8b\x02\x87\x02\x84\x02\x80\x02{\x02v\x02q\x02l\
\x02f\x02`\x02Z\x02S\x02L\x02E\x02>\x026\
\x02.\x02%\x02\x1d\x02\x14\x02\x0b\x02\x01\x02\xf7\x01\xee\
\x01\xe3\x01\xd9\x01\xce\x01\xc4\x01\xb9\x01\xad\x01\xa2\x01\x96\
\x01\x8a\x01~\x01r\x01f\x01Y\x01L\x01?\x012\
\x01%\x01\x18\x01\x0a\x01\xfd\x00\x00\x00\x00\x00\x00\x00\x00\
\x00\x00\x00\x00\x00\x00\x00\x00\x00\x00\x00\x00\x00\x00\x00\x00\
\x00\x00\x00\x00\x00\x00\x00\x00\x00\x00\x00\x00\x00\x00\x00\x00\
\x00\x00\x00\x00\x00\x00\x00\x00\x00\x00\x00\x00\x00\x00\x00\x00\
\x00\x00\x00\x00\x00\x00\x00\x00\x00\x00\x00\x00\x00\x00\x00\x00\
\x00\x00\x00\x00\x00\x00\x00\x00\x00\x00\x00\x00\x00\x00\x00\x00\
\x00\x00\x00\x00\x00\x00\x00\x00\x00\x00\x00\x00\x00\x00\x00\x00\
\x00\x00\x00\x00\x00\x00\x00\x00\x00\x00\x00\x00\x00\x00\x00\x00\
\x00\x00\x00\x00\x00\x00\x00\x00\x00\x00\x00\x00\x00\x00\x00\x00\
\x00\x00\x00\x00\x00\x00\x00\x00\x00\x00\x00\x00\x00\x00\x00\x00\
\x00\x00\x00\x00\x00\x00\x00\x00\x00\x00\x00\x00\x00\x00\x00\x00\
\x00\x00\x00\x00\x00\x00\x00\x00\x00\x00\x00\x00\x00\x00\x00\x00\
\x00\x00\x00\x00\x00\x00\x00\x00\x00\x00\x00\x00\x00\x00\x00\x00\
\x00\x00\x00\x00\x00\x00\x00\x00\x00\x00\x00\x00\x00\x00\x00\x00\
\x00\x00\x00\x00\x00\x00\x00\x00\x00\x00\x00\x00\x00\x00\x00\x00\
\x00\x00\x00\x00\x00\x00\x00\x00\x00\x00\x00\x00\x00\x00\x00\x00\
\x00\x00\x00\x00\x00\x00\x00\x00\x00\x00\x00\x00\x00\x00\x00\x00\
\x00\x00\x00\x00\x00\x00\x00\x00\x00\x00\x00\x00\x00\x00\x00\x00\
\x00\x00\x00\x00\x00\x00\x00\x00\x00\x00\x00\x00\x00\x00\x00\x00\
\x00\x00\x00\x00\x00\x00\x00\x00\x00\x00\x00\x00\x00\x00\x00\x00\
\x00\x00\x00\x00\x00\x00\x00\x00\x00\x00\x00\x00\x00\x00\x00\x00\
\x00\x00\x00\x00\x00\x00\x00\x00\x00\x00\x00\x00\x00\x00\x00\x00\
\x00\x00\x00\x00\x00\x00\x00\x00\x00\x00\x00\x00\x00\x00\x00\x00\
\x00\x00\x00\x00\x00\x00\x00\x00\x00\x00\x00\x00\x00\x00\x00\x00\
\x00\x00\x00\x00\x00\x00\x00\x00\x00\x00\x00\x00\x00\x00\x00\x00\
\x00\x00\x00\x00\x00\x00\x00\x00\x00\x00\x00\x00\x00\x00\x00\x00\
\x00\x00\x00\x00\x00\x00\x00\x00\x00\x00\x00\x00\x00\x00\x00\x00\
\x00\x00\x00\x00\x00\x00\x00\x00\x00\x00\x00\x00\x00\x00\x00\x00\
\x00\x00\x00\x00\x00\x00\x00\x00\x00\x00\x00\x00\x00\x00\x00\x00\
\x00\x00\x00\x00\x00\x00\x00\x00\x00\x00\x00\x00\x00\x00\x00\x00\
\x00\x00\x00\x00\x00\x00\x00\x00\x00\x00\x00\x00\x00\x00\x00\x00\
\x00\x00\x00\x00\x00\x00\x00\x00\x00\x00\x00\x00\x00\x00\x00\x00\
\x00\x00\x00\x00\x00\x00\x00\x00\x00\x00\x00\x00\x00\x00\x00\x00\
\x00\x00\x00\x00\x00\x00\x00\x00\x00\x00\x00\x00\x00\x00\x00\x00\
\x00\x00\x00\x00\x00\x00\x00\x00\x00\x00\x00\x00\x00\x00\x00\x00\
\x00\x00\x00\x00\x00\x00\x00\x00\x00\x00\x00\x00\x00\x00\x00\x00\
\x00\x00\x00\x00\x00\x00\x00\x00\x00\x00\x00\x00\x00\x00\x00\x00\
\x00\x00\x00\x00\x00\x00\x00\x00\x00\x00\x00\x00\x00\x00\x00\x00\
\x00\x00\x00\x00\x00\x00\x00\x00\x00\x00\x00\x00\x00\x00\x00\x00\
\x00\x00\x00\x00\x00\x00\x00\x00\x00\x00\x00\x00\x00\x00\x00\x00\
\x00\x00\x00\x00\x00\x00\x00\x00\x00\x00\x00\x00\x00\x00\x00\x00\
\x00\x00\x00\x00\x00\x00\x00\x00\x00\x00\x00\x00\x00\x00\x00\x00\
\x00\x00\x00\x00\x00\x00\x00\x00\x00\x00\x00\x00\x00\x00\x00\x00\
\x00\x00\x00\x00\x00\x00\x00\x00\x00\x00\x00\x00\x00\x00\x00\x00\
\x00\x00\x00\x00\x00\x00\x00\x00\x00\x00\x00\x00\x00\x00\x00\x00\
\x00\x00\x00\x00\x00\x00\x00\x00\x00\x00\x00\x00\x00\x00\x00\x00\
\x00\x00\x00\x00\x00\x00\x00\x00\x00\x00\x00\x00\x00\x00\x00\x00\
\x00\x00\x00\x00\x00\x00\x00\x00\x00\x00\x00\x00\x00\x00\x00\x00\
\x00\x00\x00\x00\x00\x00\x00\x00\x00\x00\x00\x00\x00\x00\x00\x00\
\x00\x00\x00\x00\x00\x00\x00\x00\x00\x00\x00\x00\x00\x00\x00\x00\
\x00\x00\x00\x00\x00\x00\x00\x00\x00\x00\x00\x00\x00\x00\x00\x00\
\x00\x00\x00\x00\x00\x00\x00\x00\x00\x00\x00\x00\x00\x00\x00\x00\
\x00\x00\x00\x00\x00\x00\x00\x00\x00\x00\x00\x00\x00\x00\x00\x00\
\x00\x00\x00\x00\x00\x00\x00\x00\x00\x00\x00\x00\x00\x00\x00\x00\
\x00\x00\x00\x00\x00\x00\x00\x00\x00\x00\x00\x00\x00\x00\x00\x00\
\x00\x00\x00\x00\x00\x00\x00\x00\x00\x00\x00\x00\x00\x00\x00\x00\
\x00\x00\x00\x00\x00\x00\x00\x00\x00\x00\x00\x00\x00\x00\x00\x00\
\x00\x00\x00\x00\x00\x00\x00\x00\x00\x00\x00\x00\x00\x00\x00\x00\
\x00\x00\x00\x00\x00\x00\x00\x00\x00\x00\x00\x00\x00\x00\x00\x00\
\x00\x00\x00\x00\x00\x00\x00\x00\x00\x00\x00\x00\x00\x00\x00\x00\
\x00\x00\x00\x00\x00\x00\x00\x00\x00\x00\x00\x00\x00\x00\x00\x00\
\x00\x00\x00\x00\x00\x00\x00\x00\x00\x00\x00\x00\x00\x00\x00\x00\
\x00\x00\x00\x00\x00\x00\x00\x00\x00\x00\x00\x00\x00\x00\x00\x00\
\x00\x00\x00\x00\x00\x00\x00\x00\x00\x00\x00\x00\x00\x00\x00\x00\
\x00\x00\x00\x00\x00\x00\x00\x00\x00\x00\x00\x00\x00\x00\x00\x00\
\x00\x00\x00\x00\x00\x00\x00\x00\x00\x00\x00\x00\x00\x00\x00\x00\
\x00\x00\x00\x00\x00\x00\x00\x00\x00\x00\x00\x00\x00\x00\x00\x00\
\x00\x00\x00\x00\x00\x00\x00\x00\x00\x00\x00\x00\x00\x00\x00\x00\
\x00\x00\x00\x00\x00\x00\x00\x00\x00\x00\x00\x00\x00\x00\x00\x00\
\x00\x00\x00\x00\x00\x00\x00\x00\x00\x00\x00\x00\x00\x00\x00\x00\
\x00\x00\x00\x00\x00\x00\x00\x00\x00\x00\x00\x00\x00\x00\x00\x00\
\x00\x00\x00\x00\x00\x00\x00\x00\x00\x00\x00\x00\x00\x00\x00\x00\
\x00\x00\x00\x00\x00\x00\x00\x00\x00\x00\x00\x00\x00\x00\x00\x00\
\x00\x00\x00\x00\x00\x00\x00\x00\x00\x00\x00\x00\x00\x00\x00\x00\
\x00\x00\x00\x00\x00\x00\x00\x00\x00\x00\x00\x00\x00\x00\x00\x00\
\x00\x00\x00\x00\x00\x00\x00\x00\x00\x00\x00\x00\x00\x00\x00\x00\
\x00\x00\x00\x00\x00\x00\x00\x00\x00\x00\x00\x00\x00\x00\x00\x00\
\x00\x00\x00\x00\x00\x00\x00\x00\x00\x00\x00\x00\x00\x00\x00\x00\
\x00\x00\x00\x00\x00\x00\x00\x00\x00\x00\x00\x00\x00\x00\x00\x00\
\x00\x00\x00\x00\x00\x00\x00\x00\x00\x00\x00\x00\x00\x00\x00\x00\
\x00\x00\x00\x00\x00\x00\x00\x00\x00\x00\x00\x00\x00\x00\x00\x00\
\x00\x00\x00\x00\x00\x00\x00\x00\x00\x00\x00\x00\x00\x00\x00\x00\
\x00\x00\x00\x00\x00\x00\x00\x00\x00\x00\x00\x00\x00\x00\x00\x00\
\x00\x00\x00\x00\x00\x00\x00\x00\x00\x00\x00\x00\x00\x00\x00\x00\
\x00\x00\x00\x00\x00\x00\x00\x00\x00\x00\x00\x00\x00\x00\x00\x00\
\x00\x00\x00\x00\x00\x00\x00\x00\x00\x00\x00\x00\x00\x00\x00\x00\
\x00\x00\x00\x00\x00\x00\x00\x00\x00\x00\x00\x00\x00\x00\x00\x00\
\x00\x00\x00\x00\x00\x00\x00\x00\x00\x00\x00\x00\x00\x00\x00\x00\
\x00\x00\x00\x00\x00\x00\x00\x00\x00\x00\x00\x00\x00\x00\x00\x00\
\x00\x00\x00\x00\x00\x00\x00\x00\x00\x00\x00\x00\x00\x00\x00\x00\
\x00\x00\x00\x00\x00\x00\x00\x00\x00\x00\x00\x00\x00\x00\x00\x00\
\x00\x00\x00\x00\x00\x00\x00\x00\x00\x00\x00\x00\x00\x00\x00\x00\
\x00\x00\x00\x00\x00\x00\x00\x00\x00\x00\x00\x00\x00\x00\x00\x00\
\x00\x00\x00\x00\x00\x00\x00\x00\x00\x00\x00\x00\x00\x00\x00\x00\
\x00\x00\x00\x00\x00\x00\x00\x00\x00\x00\x00\x00\x00\x00\x00\x00\
\x00\x00\x00\x00\x00\x00\x00\x00\x00\x00\x00\x00\x00\x00\x00\x00\
\x00\x00\x00\x00\x00\x00\x00\x00\x00\x00\x00\x00\x00\x00\x00\x00\
\x00\x00\x00\x00\x00\x00\x00\x00\x00\x00\x00\x00\x00\x00\x00\x00\
\x00\x00\x00\x00\x00\x00\x00\x00\x00\x00\x00\x00\x00\x00\x00\x00\
\x00\x00\x00\x00\x00\x00\x00\x00\x00\x00\x00\x00\x00\x00\x00\x00\
\x00\x00\x00\x00\x00\x00\x00\x00\x00\x00\x00\x00\x00\x00\x00\x00\
\x00\x00\x00\x00\x00\x00\x00\x00\x00\x00\x00\x00\x00\x00\x00\x00\
\x00\x00\x00\x00\x00\x00\x00\x00\x00\x00\x00\x00\x00\x00\x00\x00\
\x00\x00\x00\x00\x00\x00\x00\x00\x00\x00\x00\x00\x00\x00\x00\x00\
\x00\x00\x00\x00\x00\x00\x00\x00\x00\x00\x00\x00\x00\x00\x00\x00\
\x00\x00\x00\x00\x00\x00\x00\x00\x00\x00\x00\x00\x00\x00\x00\x00\
\x00\x00\x00\x00\x00\x00\x00\x00\x00\x00\x00\x00\x00\x00\x00\x00\
\x00\x00\x00\x00\x00\x00\x00\x00\x00\x00\x00\x00\x00\x00\x00\x00\
\x00\x00\x00\x00\x00\x00\x00\x00\x00\x00\x00\x00\x00\x00\x00\x00\
\x00\x00\x00\x00\x00\x00\x00\x00\x00\x00\x00\x00\x00\x00\x00\x00\
\x00\x00\x00\x00\x00\x00\x00\x00\x00\x00\x00\x00\x00\x00\x00\x00\
\x00\x00\x00\x00\x00\x00\x00\x00\x00\x00\x00\x00\x00\x00\x00\x00\
\x00\x00\x00\x00\x00\x00\x00\x00\x00\x00\x00\x00\x00\x00\x00\x00\
\x00\x00\x00\x00\x00\x00\x00\x00\x00\x00\x00\x00\x00\x00\x00\x00\
\x00\x00\x00\x00\x00\x00\x00\x00\x00\x00\x00\x00\x00\x00\x00\x00\
\x00\x00\x00\x00\x00\x00\x00\x00\x00\x00\x00\x00\x00\x00\x00\x00\
\x00\x00\x00\x00\x00\x00\x00\x00\x00\x00\x00\x00\x00\x00\x00\x00\
\x00\x00\x00\x00\x00\x00\x00\x00\x00\x00\x00\x00\x00\x00\x00\x00\
\x00\x00\x00\x00\x00\x00\x00\x00\x00\x00\x00\x00\x00\x00\x00\x00\
\x00\x00\x00\x00\x00\x00\x00\x00\x00\x00\x00\x00\x00\x00\x00\x00\
\x00\x00\x00\x00\x00\x00\x00\x00\x00\x00\x00\x00\x00\x00\x00\x00\
\x00\x00\x00\x00\x00\x00\x00\x00\x00\x00\x00\x00\x00\x00\x00\x00\
\x00\x00\x00\x00\x00\x00\x00\x00\x00\x00\x00\x00\x00\x00\x00\x00\
\x00\x00\x00\x00\x00\x00\x00\x00\x00\x00\x00\x00\x00\x00\x00\x00\
\x00\x00\x00\x00\x00\x00\x00\x00\x00\x00\x00\x00\x00\x00\x00\x00\
\x00\x00\x00\x00\x00\x00\x00\x00\x00\x00\x00\x00\x00\x00\x00\x00\
\x00\x00\x00\x00\x00\x00\x00\x00\x00\x00\x00\x00\x00\x00\x00\x00\
\x00\x00\x00\x00\x00\x00\x00\x00\x00\x00\x00\x00\x00\x00\x00\x00\
\x00\x00\x00\x00\x00\x00\x00\x00\x00\x00\x00\x00\x00\x00\x00\x00\
\x00\x00\x00\x00\x00\x00\x00\x00\x00\x00\x00\x00\x00\x00\x00\x00\
\x00\x00\x00\x00\x00\x00\x00\x00\x00\x00\x00\x00\x00\x00\x00\x00\
\x00\x00\x00\x00\x00\x00\x00\x00\x00\x00\x00\x00\x00\x00\x00\x00\
\x00\x00\x00\x00\x00\x00\x00\x00\x00\x00\x00\x00\x00\x00\x00\x00\
\x00\x00\x00\x00\x00\x00\x00\x00\x00\x00\x00\x00\x00\x00\x00\x00\
\x00\x00\x00\x00\x00\x00\x00\x00\x00\x00\x00\x00\x00\x00\x00\x00\
\x00\x00\x00\x00\x00\x00\x00\x00\x00\x00\x00\x00\x00\x00\x00\x00\
\x00\x00\x00\x00\x00\x00\x00\x00\x00\x00\x00\x00\x00\x00\x00\x00\
\x00\x00\x00\x00\x00\x00\x00\x00\x00\x00\x00\x00\x00\x00\x00\x00\
\x00\x00\x00\x00\x00\x00\x00\x00\x00\x00\x00\x00\x00\x00\x00\x00\
\x00\x00\x00\x00\x00\x00\x00\x00\x00\x00\x00\x00\x00\x00\x00\x00\
\x00\x00\x00\x00\x00\x00\x00\x00\x00\x00\x00\x00\x00\x00\x00\x00\
\x00\x00\x00\x00\x00\x00\x00\x00\x00\x00\x00\x00\x00\x00\x00\x00\
\x00\x00\x00\x00\x00\x00\x00\x00\x00\x00\x00\x00\x00\x00\x00\x00\
\x00\x00\x00\x00\x00\x00\x00\x00\x00\x00\x00\x00\x00\x00\x00\x00\
\x00\x00\x00\x00\x00\x00\x00\x00\x00\x00\x00\x00\x00\x00\x00\x00\
\x00\x00\x00\x00\x00\x00\x00\x00\x00\x00\x00\x00\x00\x00\x00\x00\
\x00\x00\x00\x00\x00\x00\x00\x00\x00\x00\x00\x00\x00\x00\x00\x00\
\x00\x00\x00\x00\x00\x00\x00\x00\x00\x00\x00\x00\x00\x00\x00\x00\
\x00\x00\x00\x00\x00\x00\x00\x00\x00\x00\x00\x00\x00\x00\x00\x00\
\x00\x00\x00\x00\x00\x00\x00\x00\x00\x00\x00\x00\x00\x00\x00\x00\
\x00\x00\x00\x00\x00\x00\x00\x00\x00\x00\x00\x00\x00\x00\x00\x00\
\x00\x00\x00\x00\x00\x00\x00\x00\x00\x00\x00\x00\x00\x00\x00\x00\
\x00\x00\x00\x00\x00\x00\x00\x00\x00\x00\x00\x00\x00\x00\x00\x00\
\x00\x00\x00\x00\x00\x00\x00\x00\x00\x00\x00\x00\x00\x00\x00\x00\
\x00\x00\x00\x00\x00\x00\x00\x00\x00\x00\x00\x00\x00\x00\x00\x00\
\x00\x00\x00\x00\x00\x00\x00\x00\x00\x00\x00\x00\x00\x00\x00\x00\
\x00\x00\x00\x00\x00\x00\x00\x00\x00\x00\x00\x00\x00\x00\x00\x00\
\x00\x00\x00\x00\x00\x00\x00\x00\x00\x00\x00\x00\x00\x00\x00\x00\
\x00\x00\x00\x00\x00\x00\x00\x00\x00\x00\x00\x00\x00\x00\x00\x00\
\x00\x00\x00\x00\x00\x00\x00\x00\x00\x00\x00\x00\x00\x00\x00\x00\
\x00\x00\x00\x00\x00\x00\x00\x00\x00\x00\x00\x00\x00\x00\x00\x00\
\x00\x00\x00\x00\x00\x00\x00\x00\x00\x00\x00\x00\x00\x00\x00\x00\
\x00\x00\x00\x00\x00\x00\x00\x00\x00\x00\x00\x00\x00\x00\x00\x00\
\x00\x00\x00\x00\x00\x00\x00\x00\x00\x00\x00\x00\x00\x00\x00\x00\
\x00\x00\x00\x00\x00\x00\x00\x00\x00\x00\x00\x00\x00\x00\x00\x00\
\x00\x00\x00\x00\x00\x00\x00\x00\x00\x00\x00\x00\x00\x00\x00\x00\
\x00\x00\x00\x00\x00\x00\x00\x00\x00\x00\x00\x00\x00\x00\x00\x00\
\x00\x00\x00\x00\x00\x00\x00\x00\x00\x00\x00\x00\x00\x00\x00\x00\
\x00\x00\x00\x00\x00\x00\x00\x00\x00\x00\x00\x00\x00\x00\x00\x00\
\x00\x00\x00\x00\x00\x00\x00\x00\x00\x00\x00\x00\x00\x00\x00\x00\
\x00\x00\x00\x00\x00\x00\x00\x00\x00\x00\x00\x00\x00\x00\x00\x00\
\x00\x00\x00\x00\x00\x00\x00\x00\x00\x00\x00\x00\x00\x00\x00\x00\
\x00\x00\x00\x00\x00\x00\x00\x00\x00\x00\x00\x00\x00\x00\x00\x00\
\x00\x00\x00\x00\x00\x00\x00\x00\x00\x00\x00\x00\x00\x00\x00\x00\
\x00\x00\x00\x00\x00\x00\x00\x00\x00\x00\x00\x00\x00\x00\x00\x00\
\x00\x00\x00\x00\x00\x00\x00\x00\x00\x00\x00\x00\x00\x00\x00\x00\
\x00\x00\x00\x00\x00\x00\x00\x00\x00\x00\x00\x00\x00\x00\x00\x00\
\x00\x00\x00\x00\x00\x00\x00\x00\x00\x00\x00\x00\x00\x00\x00\x00\
\x00\x00\x00\x00\x00\x00\x00\x00\x00\x00\x00\x00\x00\x00\x00\x00\
\x00\x00\x00\x00\x00\x00\x00\x00\x00\x00\x00\x00\x00\x00\x00\x00\
\x00\x00\x00\x00\x00\x00\x00\x00\x00\x00\x00\x00\x00\x00\x00\x00\
\x00\x00\x00\x00\x00\x00\x00\x00\x00\x00\x00\x00\x00\x00\x00\x00\
\x00\x00\x00\x00\x00\x00\x00\x00\x00\x00\x00\x00\x00\x00\x00\x00\
\x00\x00\x00\x00\x00\x00\x00\x00\x00\x00\x00\x00\x00\x00\x00\x00\
\x00\x00\x00\x00\x00\x00\x00\x00\x00\x00\x00\x00\x00\x00\x00\x00\
\x00\x00\x00\x00\x00\x00\x00\x00\x00\x00\x00\x00\x00\x00\x00\x00\
\x00\x00\x00\x00\x00\x00\x00\x00\x00\x00\x00\x00\x00\x00\x00\x00\
\x00\x00\x00\x00\x00\x00\x00\x00\x00\x00\x00\x00\x00\x00\x00\x00\
\x00\x00\x00\x00\x00\x00\x00\x00\x00\x00\x00\x00\x00\x00\x00\x00\
\x00\x00\x00\x00\x00\x00\x00\x00\x00\x00\x00\x00\x00\x00\x00\x00\
\x00\x00\x00\x00\x00\x00\x00\x00\x00\x00\x00\x00\x00\x00\x00\x00\
\x00\x00\x00\x00\x00\x00\x00\x00\x00\x00\x00\x00\x00\x00\x00\x00\
\x00\x00\x00\x00\x00\x00\x00\x00\x00\x00\x00\x00\x00\x00\x00\x00\
\x00\x00\x00\x00\x00\x00\x00\x00\x00\x00\x00\x00\x00\x00\x00\x00\
\x00\x00\x00\x00\x00\x00\x00\x00\x00\x00\x00\x00\x00\x00\x00\x00\
\x00\x00\x00\x00\x00\x00\x00\x00\x00\x00\x00\x00\x00\x00\x00\x00\
\x00\x00\x00\x00\x00\x00\x00\x00\x00\x00\x00\x00\x00\x00\x00\x00\
\x00\x00\x00\x00\x00\x00\x00\x00\x00\x00\x00\x00\x00\x00\x00\x00\
\x00\x00\x00\x00\x00\x00\x00\x00\x00\x00\x00\x00\x00\x00\x00\x00\
\x00\x00\x00\x00\x00\x00\x00\x00\x00\x00\x00\x00\x00\x00\x00\x00\
\x00\x00\x00\x00\x00\x00\x00\x00\x00\x00\x00\x00\x00\x00\x00\x00\
\x00\x00\x00\x00\x00\x00\x00\x00\x00\x00\x00\x00\x00\x00\x00\x00\
\x00\x00\x00\x00\x00\x00\x00\x00\x00\x00\x00\x00\x00\x00\x00\x00\
\x00\x00\x00\x00\x00\x00\x00\x00\x00\x00\x00\x00\x00\x00\x00\x00\
\x00\x00\x00\x00\x00\x00\x00\x00\x00\x00\x00\x00\x00\x00\x00\x00\
\x00\x00\x00\x00\x00\x00\x00\x00\x00\x00\x00\x00\x00\x00\x00\x00\
\x00\x00\x00\x00\x00\x00\x00\x00\x00\x00\x00\x00\x00\x00\x00\x00\
\x00\x00\x00\x00\x00\x00\x00\x00\x00\x00\x00\x00\x00\x00\x00\x00\
\x00\x00\x00\x00\x00\x00\x00\x00\x00\x00\x00\x00\x00\x00\x00\x00\
\x00\x00\x00\x00\x00\x00\x00\x00\x00\x00\x00\x00\x00\x00\x00\x00\
\x00\x00\x00\x00\x00\x00\x00\x00\x00\x00\x00\x00\x00\x00\x00\x00\
\x00\x00\x00\x00\x00\x00\x00\x00\x00\x00\x00\x00\x00\x00\x00\x00\
\x00\x00\x00\x00\x00\x00\x00\x00\x00\x00\x00\x00\x00\x00\x00\x00\
\x00\x00\x00\x00\x00\x00\x00\x00\x00\x00\x00\x00\x00\x00\x00\x00\
\x00\x00\x00\x00\x00\x00\x00\x00\x00\x00\x00\x00\x00\x00\x00\x00\
\x00\x00\x00\x00\x00\x00\x00\x00\x00\x00\x00\x00\x00\x00\x00\x00\
\x00\x00\x00\x00\x00\x00\x00\x00\x00\x00\x00\x00\x00\x00\x00\x00\
\x00\x00\x00\x00\x00\x00\x00\x00\x00\x00\x00\x00\x00\x00\x00\x00\
\x00\x00\x00\x00\x00\x00\x00\x00\x00\x00\x00\x00\x00\x00\x00\x00\
\x00\x00\x00\x00\x00\x00\x00\x00\x00\x00\x00\x00\x00\x00\x00\x00\
\x00\x00\x00\x00\x00\x00\x00\x00\x00\x00\x00\x00\x00\x00\x00\x00\
\x00\x00\x00`\x0a\xa9\x14\xc6\x1e\xa6(72i;,\
DpL&TC[\xbaa\x80g\x8cl\xd6pX\
t\x0dw\xf2x\x05zEz\xb4yVx.vB\
s\x9ao>k8f\x94`^Z\xa3SpL\xd6\
D\xe4<\xaa48,\xa0#\xf3\x1aA\x12\x9c\x09\x14\
\x01\xbb\xf8\x9e\xf0\xcf\xe8[\xe1P\xda\xbc\xd3\xaa\xcd$\
\xc85\xc3\xe4\xbe9\xbb9\xb8\xe8\xb5J\xb4_\xb3(\
\xb3\xa3\xb3\xce\xb4\xa4\xb6\x1f\xb99\xbc\xe9\xbf'\xc4\xe8\
\xc8!\xce\xc6\xd3\xc9\xd9\x1d\xe0\xb4\xe6\x7f\xedn\xf4s\
\xfb}\x02~\x09g\x10'\x17\xb1\x1d\xf6#\xe8){\
/\xa24R9\x80=$A4D\xaaF\x81H\xb3\
I=J\x1eJUI\xe2G\xc7E\x09C\xac?\xb5\
;+7\x182\x83,y&\x03 .\x19\x06\x12\x9a\
\x0a\xf7\x02-\xfbH\xf3X\xebn\xe3\x97\xdb\xe2\xd3_\
\xcc\x1c\xc5'\xbe\x8d\xb7[\xb1\x9e\xab_\xa6\xaa\xa1\x88\
\x9d\x01\x9a\x1d\x97\xe0\x94P\x93q\x92E\x92\xcc\x92\x06\
\x94\xf3\x95\x8e\x98\xd4\x9b\xc0\x9fJ\xa4l\xa9\x1d\xafS\
\xb5\x04\xbc#\xc3\xa6\xca\x7f\xd2\xa0\xda\xfc\xe2\x85\xeb+\
\xf4\xe1\xfc\x96\x05=\x0e\xc7\x16&\x1fK')/\xb4\
6\xdd=\x9aD\xe1J\xa6P\xe1U\x8aZ\x9a^\x0b\
b\xd9d\xfff{hLisi\xf0h\xc5g\xf7\
e\x8ac\x84`\xeb\x5c\xc7X!T\x03OwI\x87\
C@=\xae6\xde/\xdc(\xb6!x\x1a2\x13\xef\
\x0b\xbe\x04\xac\xfd\xc5\xf6\x15\xf0\xa8\xe9\x89\xe3\xc4\xddb\
\xd8l\xd3\xea\xce\xe4\xca_\xc7b\xc4\xf0\xc1\x0d\xc0\xbb\
\xbe\xfa\xbd\xcb\xbd,\xbe\x1c\xbf\x97\xc0\x99\xc2\x1c\xc5\x1b\
\xc8\x8e\xcbm\xcf\xb0\xd3L\xd89\xddl\xe2\xd9\xe7t\
\xed3\xf3\x09\xf9\xea\xfe\xc9\x04\x9c\x0aU\x10\xea\x15N\
\x1bv X%\xeb)#.\xfa1f5`8\xe3\
:\xe9<m>l?\xe3?\xd1?5?\x10>c\
<1:}7K4\xa20\x88,\x02(\x1a#\xd8\
\x1dE\x18j\x12S\x0c\x0b\x06\x9c\xff\x11\xf9w\xf2\xd9\
\xebC\xe5\xc1\xde^\xd8'\xd2&\xccg\xc6\xf3\xc0\xd4\
\xbb\x15\xb7\xbd\xb2\xd5\xaec\xabo\xa8\xfe\xa5\x15\xa4\xb6\
\xa2\xe6\xa1\xa7\xa1\xf8\xa1\xda\xa2L\xa4M\xa6\xd8\xa8\xea\
\xab\x7f\xaf\x91\xb3\x1a\xb8\x11\xbdp\xc2.\xc8A\xce\x9f\
\xd4?\xdb\x16\xe2\x18\xe9;\xf0s\xf7\xb5\xfe\xf3\x05%\
\x0d=\x141\x1b\xf6!\x82(\xc9.\xc34f:\xa9\
?\x86D\xf4H\xedLlPkS\xe8U\xdfWM\
Y2Z\x8dZ^Z\xa8YlX\xafVrT\xbd\
Q\x94N\xfdJ\x01G\xa5B\xf3=\xf48\xb031\
.\x82(\xab\x22\xb8\x1c\xb3\x16\xa7\x10\x9e\x0a\xa2\x04\xbf\
\xfe\xfd\xf8e\xf3\x03\xee\xdd\xe8\xfe\xe3l\xdf/\xdbM\
\xd7\xcd\xd3\xb3\xd0\x04\xce\xc4\xcb\xf6\xc9\x9b\xc8\xb5\xc7D\
\xc7I\xc7\xc1\xc7\xab\xc8\x03\xca\xc7\xcb\xf3\xcd\x80\xd0j\
\xd3\xa9\xd69\xda\x10\xde'\xe2v\xe6\xf4\xea\x99\xef[\
\xf40\xf9\x10\xfe\xf0\x02\xc8\x07\x8f\x0c:\x11\xc2\x15\x1c\
\x1aB\x1e+\x22\xcf%')-,\xdb.,1\x1b\
3\xa44\xc45x6\xbf6\x986\x026\xfe4\x8e\
3\xb31p/\xc9,\xc1)_&\xa6\x22\x9e\x1eM\
\x1a\xb9\x15\xec\x10\xeb\x0b\xc1\x06u\x01\x11\xfc\x9d\xf6\x22\
\xf1\xa9\xeb=\xe6\xe5\xe0\xab\xdb\x98\xd6\xb5\xd1\x09\xcd\x9c\
\xc8w\xc4\xa0\xc0\x1d\xbd\xf6\xb9/\xb7\xcc\xb4\xd4\xb2H\
\xb1+\xb0\x81\xafK\xaf\x88\xaf9\xb0^\xb1\xf5\xb2\xfb\
\xb4n\xb7K\xba\x8d\xbd/\xc1,\xc5}\xc9\x1e\xce\x05\
\xd3-\xd8\x8d\xdd\x1e\xe3\xd6\xe8\xad\xee\x9b\xf4\x96\xfa\x95\
\x00\x91\x06\x80\x0cX\x12\x12\x18\xa4\x1d\x08#4(\x22\
-\xcb1'61:\xe4=9A.D\xbdF\xe5\
H\xa2J\xf2K\xd5LJMPM\xeaL\x19L\xde\
J<I8G\xd4D\x16B\x03?\xa0;\xf47\x04\
4\xd8/v+\xe7&2\x22_\x1dv\x18~\x13\x81\
\x0e\x85\x09\x94\x04\xb5\xff\xf0\xfaK\xf6\xcf\xf1\x82\xedk\
\xe9\x90\xe5\xf6\xe1\xa4\xde\x9d\xdb\xe6\xd8\x83\xd6v\xd4\xc3\
\xd2k\xd1p\xd0\xd2\xcf\x92\xcf\xae\xcf&\xd0\xf9\xd0#\
\xd2\xa2\xd3s\xd5\x92\xd7\xfa\xd9\xa7\xdc\x93\xdf\xb8\xe2\x11\
\xe6\x98\xe9E\xed\x12\xf1\xf7\xf4\xef\xf8\xf1\xfc\xf5\x00\xf6\
\x04\xeb\x08\xcf\x0c\x99\x10C\x14\xc6\x17\x1c\x1b?\x1e)\
!\xd6#@&c(:*\xc3+\xfb,\xdf-m\
.\xa5.\x84.\x0c.=-\x17,\x9c*\xcf(\xb1\
&F$\x91!\x98\x1e]\x1b\xe6\x179\x14Z\x10Q\
\x0c#\x08\xd7\x03t\xff\xff\xfa\x81\xf6\x00\xf2\x83\xed\x11\
\xe9\xb2\xe4l\xe0E\xdcE\xd8r\xd4\xd2\xd0j\xcd@\
\xcaY\xc7\xba\xc4f\xc2b\xc0\xb1\xbeV\xbdS\xbc\xaa\
\xbb\x5c\xbbi\xbb\xd3\xbb\x99\xbc\xb9\xbd3\xbf\x04\xc1+\
\xc3\xa3\xc5j\xc8}\xcb\xd5\xcep\xd2H\xd6W\xda\x98\
\xde\x05\xe3\x98\xe7I\xec\x14\xf1\xf0\xf5\xd7\xfa\xc3\xff\xab\
\x04\x8b\x09[\x0e\x14\x13\xb0\x17)\x1cx \x98$\x84\
(5,\xa8/\xd72\xbf5]8\xac:\xab<W\
>\xae?\xaf@YA\xacA\xa9AOA\xa1@\xa0\
?M>\xac<\xc0:\x8c8\x146\x5c3h0?\
-\xe4)]&\xaf\x22\xe2\x1e\xf9\x1a\xfc\x16\xf1\x12\xdd\
\x0e\xc8\x0a\xb6\x06\xae\x02\xb8\xfe\xd6\xfa\x10\xf7j\xf3\xeb\
\xef\x97\xecs\xe9\x82\xe6\xca\xe3M\xe1\x0f\xdf\x13\xdd[\
\xdb\xe9\xd9\xbf\xd8\xdd\xd7E\xd7\xf6\xd6\xf1\xd65\xd7\xc1\
\xd7\x92\xd8\xa8\xd9\xff\xda\x95\xdch\xdes\xe0\xb2\xe2\x22\
\xe5\xbe\xe7\x82\xeah\xedl\xf0\x89\xf3\xb8\xf6\xf6\xf9;\
\xfd\x83\x00\xc8\x03\x06\x076\x0aR\x0dW\x10?\x13\x04\
\x16\xa3\x18\x17\x1b\x5c\x1dn\x1fJ!\xec\x22R$z\
%`&\x05'e'\x82'Y'\xeb&9&C\
%\x0a$\x90\x22\xd8 \xe3\x1e\xb4\x1cN\x1a\xb4\x17\xeb\
\x14\xf6\x11\xda\x0e\x9a\x0b<\x08\xc4\x048\x01\x9d\xfd\xf7\
\xf9L\xf6\xa1\xf2\xfc\xeeb\xeb\xd8\xe7c\xe4\x09\xe1\xce\
\xdd\xb7\xda\xc9\xd7\x07\xd5v\xd2\x1a\xd0\xf6\xcd\x0e\xccc\
\xca\xfa\xc8\xd3\xc7\xf1\xc6U\xc6\x00\xc6\xf3\xc5/\xc6\xb2\
\xc6}\xc7\x8e\xc8\xe5\xc9\x7f\xcb[\xcdv\xcf\xce\xd1_\
\xd4&\xd7!\xdaI\xdd\x9d\xe0\x17\xe4\xb3\xe7l\xeb=\
\xef!\xf3\x14\xf7\x10\xfb\x10\xff\x0d\x03\x06\x07\xf3\x0a\xd0\
\x0e\x98\x12E\x16\xd4\x19@\x1d\x85 \x9f#\x89&A\
)\xc3+\x0d.\x1b0\xec1}3\xce4\xdb5\xa6\
6-7p7o7+7\xa46\xdd5\xd64\x91\
3\x112Y0j.H,\xf6)y'\xd3$\x08\
\x22\x1e\x1f\x17\x1c\xf9\x18\xc8\x15\x88\x12>\x0f\xef\x0b\x9f\
\x08S\x05\x0f\x02\xda\xfe\xb4\xfb\xa4\xf8\xad\xf5\xd4\xf2\x1c\
\xf0\x89\xed\x1d\xeb\xdc\xe8\xc9\xe6\xe7\xe46\xe3\xba\xe1t\
\xe0f\xdf\x8f\xde\xf2\xdd\x8d\xddc\xddq\xdd\xb7\xdd5\
\xde\xe9\xde\xd2\xdf\xee\xe0;\xe2\xb6\xe3]\xe5-\xe7\x22\
\xe9;\xebs\xed\xc6\xef1\xf2\xb1\xf4@\xf7\xdc\xf9\x7f\
\xfc'\xff\xcd\x01p\x04\x0a\x07\x98\x09\x16\x0c\x7f\x0e\xd1\
\x10\x07\x13\x1f\x15\x15\x17\xe5\x18\x8e\x1a\x0c\x1c^\x1d\x81\
\x1es\x1f4 \xc1 \x19!=!+!\xe3 g\
 \xb5\x1f\xd0\x1e\xb7\x1dm\x1c\xf3\x1aK\x19v\x17y\
\x15T\x13\x0b\x11\xa1\x0e\x19\x0cv\x09\xbc\x06\xef\x03\x12\
\x01*\xfe8\xfbC\xf8M\xf5[\xf2q\xef\x93\xec\xc3\
\xe9\x07\xe7b\xe4\xd7\xe1j\xdf\x1f\xdd\xf7\xda\xf7\xd8 \
\xd7v\xd5\xfa\xd3\xaf\xd2\x97\xd1\xb2\xd0\x03\xd0\x8b\xcfI\
\xcf?\xcfl\xcf\xd2\xcfn\xd0B\xd1K\xd2\x88\xd3\xf9\
\xd4\x9b\xd6m\xd8k\xda\x95\xdc\xe8\xde`\xe1\xfa\xe3\xb5\
\xe6\x8b\xe9z\xec\x7f\xef\x95\xf2\xba\xf5\xe9\xf8\x1e\xfcV\
\xff\x8c\x02\xbe\x05\xe7\x08\x04\x0c\x11\x0f\x0a\x12\xed\x14\xb5\
\x17`\x1a\xeb\x1cR\x1f\x93!\xac#\x9b%\x5c'\xf0\
(S*\x84+\x84,O-\xe7-K.z.v\
.=.\xd1-4-e,g+:*\xe2(_\
'\xb5%\xe5#\xf2!\xdf\x1f\xae\x1dd\x1b\x02\x19\x8c\
\x16\x05\x14q\x11\xd3\x0e.\x0c\x85\x09\xdd\x069\x04\x9b\
\x01\x08\xff\x82\xfc\x0c\xfa\xa9\xf7]\xf5)\xf3\x12\xf1\x18\
\xef?\xed\x88\xeb\xf6\xe9\x8a\xe8E\xe7)\xe67\xe5p\
\xe4\xd4\xe3e\xe3!\xe3\x09\xe3\x1d\xe3\x5c\xe3\xc5\xe3X\
\xe4\x13\xe5\xf5\xe5\xfd\xe6)\xe8v\xe9\xe3\xean\xec\x14\
\xee\xd3\xef\xa8\xf1\x90\xf3\x89\xf5\x90\xf7\xa1\xf9\xba\xfb\xd9\
\xfd\xf8\xff\x16\x021\x04D\x06M\x08J\x0a6\x0c\x10\
\x0e\xd5\x0f\x83\x11\x17\x13\x8e\x14\xe8\x15!\x179\x18-\
\x19\xfd\x19\xa7\x1a)\x1b\x84\x1b\xb7\x1b\xc1\x1b\xa2\x1bZ\
\x1b\xea\x1aQ\x1a\x91\x19\xaa\x18\x9d\x17l\x16\x18\x15\xa2\
\x13\x0c\x12Y\x10\x8a\x0e\xa1\x0c\xa1\x0a\x8b\x08d\x06,\
\x04\xe8\x01\x9a\xffD\xfd\xe9\xfa\x8c\xf81\xf6\xd9\xf3\x89\
\xf1B\xef\x07\xed\xdc\xea\xc2\xe8\xbd\xe6\xcf\xe4\xfb\xe2B\
\xe1\xa6\xdf*\xde\xd0\xdc\x99\xdb\x87\xda\x9b\xd9\xd6\xd8:\
\xd8\xc6\xd7}\xd7]\xd7h\xd7\x9d\xd7\xfd\xd7\x86\xd89\
\xd9\x15\xda\x18\xdbB\xdc\x92\xdd\x05\xdf\x9c\xe0R\xe2(\
\xe4\x1b\xe6(\xe8N\xea\x8a\xec\xd9\xee:\xf1\xa9\xf3%\
\xf6\xa9\xf84\xfb\xc2\xfdP\x00\xde\x02g\x05\xe8\x07`\
\x0a\xcb\x0c'\x0fq\x11\xa7\x13\xc7\x15\xcf\x17\xbc\x19\x8c\
\x1b>\x1d\xd0\x1eA \x8e!\xb8\x22\xbd#\x9b$S\
%\xe4%N&\x8f&\xa9&\x9c&g&\x0c&\x8b\
%\xe5$\x1b$.#\x1f\x22\xf0 \xa3\x1f:\x1e\xb5\
\x1c\x17\x1bc\x19\x99\x17\xbe\x15\xd1\x13\xd7\x11\xd2\x0f\xc3\
\x0d\xad\x0b\x93\x09x\x07]\x05E\x033\x01)\xff)\
\xfd5\xfbP\xf9{\xf7\xb9\xf5\x0c\xf4t\xf2\xf5\xf0\x8f\
\xefE\xee\x16\xed\x05\xec\x12\xeb?\xea\x8c\xe9\xf9\xe8\x87\
\xe86\xe8\x06\xe8\xf7\xe7\x0a\xe8=\xe8\x90\xe8\x02\xe9\x93\
\xe9A\xea\x0c\xeb\xf2\xeb\xf2\xec\x0b\xee:\xef\x7f\xf0\xd7\
\xf1A\xf3\xba\xf4B\xf6\xd5\xf7q\xf9\x15\xfb\xbf\xfcl\
\xfe\x19\x00\xc5\x01o\x03\x13\x05\xaf\x06B\x08\xca\x09C\
\x0b\xae\x0c\x07\x0eN\x0f\x80\x10\x9c\x11\xa0\x12\x8c\x13^\
\x14\x14\x15\xaf\x15-\x16\x8e\x16\xd0\x16\xf5\x16\xfa\x16\xe1\
\x16\xaa\x16S\x16\xdf\x15M\x15\x9d\x14\xd1\x13\xe9\x12\xe7\
\x11\xcb\x10\x96\x0fK\x0e\xea\x0ct\x0b\xec\x09S\x08\xab\
\x06\xf6\x045\x03k\x01\x9a\xff\xc3\xfd\xe8\xfb\x0c\xfa1\
\xf8X\xf6\x84\xf4\xb7\xf2\xf3\xf09\xef\x8c\xed\xee\xeb`\
\xea\xe4\xe8|\xe7)\xe6\xed\xe4\xc8\xe3\xbe\xe2\xce\xe1\xf9\
\xe0B\xe0\xa7\xdf+\xdf\xce\xde\x90\xdeq\xder\xde\x92\
\xde\xd3\xde2\xdf\xb1\xdfO\xe0\x0b\xe1\xe4\xe1\xd9\xe2\xeb\
\xe3\x17\xe5\x5c\xe6\xb9\xe7-\xe9\xb7\xeaT\xec\x04\xee\xc4\
\xef\x93\xf1o\xf3V\xf5F\xf7>\xf9;\xfb;\xfd>\
\xff>\x01=\x038\x05-\x07\x1a\x09\xfc\x0a\xd3\x0c\x9c\
\x0eV\x10\x00\x12\x97\x13\x1a\x15\x88\x16\xdf\x17\x1f\x19F\
\x1aT\x1bG\x1c\x1e\x1d\xd9\x1dx\x1e\xfa\x1e_\x1f\xa6\
\x1f\xcf\x1f\xdb\x1f\xca\x1f\x9b\x1fP\x1f\xe9\x1eg\x1e\xc9\
\x1d\x12\x1dB\x1cY\x1bZ\x1aE\x19\x1c\x18\xdf\x16\x91\
\x153\x14\xc6\x12M\x11\xc8\x0f9\x0e\xa2\x0c\x05\x0bc\
\x09\xbe\x07\x18\x06s\x04\xd0\x021\x01\x99\xff\x07\xfe~\
\xfc\x00\xfb\x8d\xf9'\xf8\xd1\xf6\x8a\xf5T\xf41\xf3!\
\xf2&\xf1?\xf0o\xef\xb5\xee\x13\xee\x88\xed\x15\xed\xbb\
\xecy\xecP\xec@\xecH\xech\xec\xa0\xec\xef\xecU\
\xed\xd1\xedc\xee\x0a\xef\xc4\xef\x91\xf0p\xf1`\xf2_\
\xf3l\xf4\x86\xf5\xac\xf6\xdc\xf7\x15\xf9U\xfa\x9b\xfb\xe6\
\xfc3\xfe\x81\xff\xcf\x00\x1b\x02e\x03\xa9\x04\xe8\x05\x1f\
\x07M\x08q\x09\x89\x0a\x94\x0b\x91\x0c\x7f\x0d]\x0e)\
\x0f\xe4\x0f\x8b\x10\x1f\x11\x9e\x11\x09\x12]\x12\x9c\x12\xc5\
\x12\xd7\x12\xd3\x12\xb8\x12\x86\x12>\x12\xe0\x11k\x11\xe2\
\x10C\x10\x90\x0f\xca\x0e\xf0\x0d\x05\x0d\x08\x0c\xfb\x0a\xdf\
\x09\xb4\x08}\x07:\x06\xec\x04\x96\x037\x02\xd2\x00i\
\xff\xfb\xfd\x8b\xfc\x1a\xfb\xa9\xf9:\xf8\xcf\xf6i\xf5\x09\
\xf4\xb0\xf2a\xf1\x1c\xf0\xe2\xee\xb5\xed\x95\xec\x85\xeb\x85\
\xea\x96\xe9\xb9\xe8\xef\xe78\xe7\x96\xe6\x09\xe6\x91\xe50\
\xe5\xe5\xe4\xb0\xe4\x93\xe4\x8d\xe4\x9f\xe4\xc7\xe4\x07\xe5]\
\xe5\xca\xe5N\xe6\xe7\xe6\x95\xe7X\xe80\xe9\x1a\xea\x17\
\xeb&\xecE\xedt\xee\xb1\xef\xfc\xf0S\xf2\xb6\xf3\x22\
\xf5\x97\xf6\x13\xf8\x95\xf9\x1c\xfb\xa6\xfc3\xfe\xc0\xffK\
\x01\xd5\x02\x5c\x04\xde\x05Z\x07\xcf\x08<\x0a\x9e\x0b\xf6\
\x0cB\x0e\x81\x0f\xb1\x10\xd3\x11\xe4\x12\xe5\x13\xd4\x14\xb1\
\x15{\x161\x17\xd4\x17b\x18\xdb\x18>\x19\x8d\x19\xc6\
\x19\xea\x19\xf8\x19\xf0\x19\xd4\x19\xa2\x19\x5c\x19\x02\x19\x94\
\x18\x13\x18\x7f\x17\xd9\x16\x22\x16Z\x15\x83\x14\x9d\x13\xaa\
\x12\xaa\x11\x9d\x10\x86\x0ff\x0e=\x0d\x0c\x0c\xd6\x0a\x9a\
\x09Z\x08\x18\x07\xd4\x05\x90\x04M\x03\x0b\x02\xcd\x00\x94\
\xff`\xfe2\xfd\x0c\xfc\xee\xfa\xda\xf9\xd0\xf8\xd1\xf7\xdf\
\xf6\xfa\xf5#\xf5Z\xf4\xa0\xf3\xf5\xf2[\xf2\xd1\xf1X\
\xf1\xf1\xf0\x9b\xf0V\xf0#\xf0\x03\xf0\xf3\xef\xf6\xef\x0a\
\xf00\xf0f\xf0\xad\xf0\x04\xf1l\xf1\xe2\xf1g\xf2\xfa\
\xf2\x9b\xf3H\xf4\x01\xf5\xc5\xf5\x94\xf6k\xf7K\xf83\
\xf9!\xfa\x15\xfb\x0d\xfc\x08\xfd\x06\xfe\x06\xff\x05\x00\x04\
\x01\x02\x02\xfd\x02\xf4\x03\xe7\x04\xd4\x05\xbb\x06\x9a\x07q\
\x08>\x09\x02\x0a\xbb\x0ah\x0b\x09\x0c\x9e\x0c%\x0d\x9e\
\x0d\x08\x0ed\x0e\xb0\x0e\xed\x0e\x1b\x0f8\x0fE\x0fA\
\x0f.\x0f\x0a\x0f\xd6\x0e\x92\x0e?\x0e\xdc\x0di\x0d\xe8\
\x0cY\x0c\xbb\x0b\x11\x0bY\x0a\x96\x09\xc7\x08\xed\x07\x09\
\x07\x1c\x06&\x05)\x04&\x03\x1c\x02\x0d\x01\xfc\xff\xe6\
\xfe\xcf\xfd\xb6\xfc\x9d\xfb\x85\xfao\xf9[\xf8L\xf7@\
\xf6;\xf5<\xf4D\xf3T\xf2m\xf1\x90\xf0\xbd\xef\xf6\
\xee;\xee\x8c\xed\xeb\xecW\xec\xd1\xeb[\xeb\xf3\xea\x9b\
\xeaR\xea\x1a\xea\xf2\xe9\xdb\xe9\xd4\xe9\xdd\xe9\xf7\xe9\x22\
\xea]\xea\xa8\xea\x03\xebn\xeb\xe9\xebr\xec\x0a\xed\xb0\
\xedd\xee%\xef\xf2\xef\xcb\xf0\xb0\xf1\x9e\xf2\x97\xf3\x98\
\xf4\xa2\xf5\xb3\xf6\xcb\xf7\xe8\xf8\x0a\xfa0\xfbY\xfc\x84\
\xfd\xb0\xfe\xdd\xff\x08\x012\x02Z\x03\x7f\x04\xa0\x05\xbb\
\x06\xd1\x07\xe0\x08\xe8\x09\xe8\x0a\xdf\x0b\xcc\x0c\xaf\x0d\x87\
\x0eT\x0f\x14\x10\xc8\x10o\x11\x09\x12\x94\x12\x12\x13\x81\
\x13\xe1\x133\x14u\x14\xa8\x14\xcc\x14\xe1\x14\xe6\x14\xdd\
\x14\xc4\x14\x9d\x14g\x14#\x14\xd1\x13q\x13\x04\x13\x8a\
\x12\x04\x12r\x11\xd5\x10-\x10{\x0f\xbf\x0e\xfb\x0d/\
\x0d[\x0c\x81\x0b\xa1\x0a\xbb\x09\xd1\x08\xe4\x07\xf4\x06\x01\
\x06\x0e\x05\x19\x04&\x033\x02B\x01S\x00i\xff\x82\
\xfe\xa0\xfd\xc3\xfc\xed\xfb\x1d\xfbT\xfa\x94\xf9\xdc\xf8-\
\xf8\x87\xf7\xec\xf6[\xf6\xd5\xf5Z\xf5\xea\xf4\x86\xf4.\
\xf4\xe3\xf3\xa3\xf3p\xf3J\xf30\xf3\x22\xf3!\xf3-\
\xf3D\xf3h\xf3\x97\xf3\xd2\xf3\x18\xf4i\xf4\xc5\xf4+\
\xf5\x9b\xf5\x14\xf6\x96\xf6 \xf7\xb2\xf7K\xf8\xeb\xf8\x91\
\xf9=\xfa\xed\xfa\xa1\xfbY\xfc\x14\xfd\xd1\xfd\x90\xfeO\
\xff\x0e\x00\xcd\x00\x8b\x01G\x02\x00\x03\xb7\x03i\x04\x18\
\x05\xc1\x05e\x06\x02\x07\x99\x07)\x08\xb1\x081\x09\xa9\
\x09\x17\x0a|\x0a\xd7\x0a(\x0bo\x0b\xac\x0b\xdd\x0b\x04\
\x0c\x1f\x0c/\x0c4\x0c.\x0c\x1c\x0c\xff\x0b\xd7\x0b\xa4\
\x0be\x0b\x1c\x0b\xc8\x0aj\x0a\x02\x0a\x90\x09\x15\x09\x91\
\x08\x04\x08o\x07\xd2\x06-\x06\x82\x05\xd1\x04\x1a\x04]\
\x03\x9c\x02\xd7\x01\x0e\x01C\x00v\xff\xa6\xfe\xd6\xfd\x05\
\xfd4\xfcd\xfb\x96\xfa\xc9\xf9\x00\xf99\xf8w\xf7\xb9\
\xf6\x00\xf6L\xf5\x9f\xf4\xf8\xf3X\xf3\xc0\xf20\xf2\xa9\
\xf1*\xf1\xb5\xf0I\xf0\xe7\xef\x8f\xefB\xef\x00\xef\xc8\
\xee\x9c\xee{\xeee\xeeZ\xee[\xeeh\xee\x7f\xee\xa3\
\xee\xd1\xee\x0b\xefP\xef\x9f\xef\xf9\xef^\xf0\xcc\xf0E\
\xf1\xc7\xf1R\xf2\xe6\xf2\x82\xf3&\xf4\xd2\xf4\x85\xf5>\
\xf6\xfd\xf6\xc2\xf7\x8c\xf8Z\xf9-\xfa\x03\xfb\xdb\xfb\xb6\
\xfc\x92\xfdp\xfeN\xff+\x00\x09\x01\xe5\x01\xbf\x02\x97\
\x03l\x04>\x05\x0c\x06\xd5\x06\x9a\x07X\x08\x11\x09\xc4\
\x09p\x0a\x14\x0b\xb1\x0bF\x0c\xd2\x0cV\x0d\xd1\x0dB\
\x0e\xaa\x0e\x09\x0f]\x0f\xa8\x0f\xe8\x0f\x1e\x10J\x10k\
\x10\x82\x10\x8e\x10\x90\x10\x88\x10u\x10X\x102\x10\x01\
\x10\xc7\x0f\x84\x0f7\x0f\xe2\x0e\x84\x0e\x1e\x0e\xb0\x0d:\
\x0d\xbd\x0c9\x0c\xaf\x0b\x1f\x0b\x8a\x0a\xef\x09P\x09\xac\
\x08\x05\x08[\x07\xae\x06\xfe\x05M\x05\x9b\x04\xe8\x035\
\x03\x82\x02\xd0\x01\x1f\x01o\x00\xc3\xff\x19\xffq\xfe\xcd\
\xfd.\xfd\x92\xfc\xfb\xfbj\xfb\xde\xfaW\xfa\xd7\xf9^\
\xf9\xeb\xf8\x7f\xf8\x1a\xf8\xbd\xf7h\xf7\x1b\xf7\xd6\xf6\x98\
\xf6d\xf67\xf6\x13\xf6\xf8\xf5\xe5\xf5\xda\xf5\xd8\xf5\xde\
\xf5\xed\xf5\x03\xf6\x22\xf6I\xf6w\xf6\xad\xf6\xea\xf6/\
\xf7z\xf7\xcc\xf7$\xf8\x82\xf8\xe6\xf8O\xf9\xbd\xf90\
\xfa\xa7\xfa!\xfb\xa0\xfb!\xfc\xa5\xfc,\xfd\xb4\xfd>\
\xfe\xc9\xfeT\xff\xe0\xffj\x00\xf5\x00~\x01\x07\x02\x8d\
\x02\x11\x03\x92\x03\x10\x04\x8b\x04\x02\x05u\x05\xe4\x05M\
\x06\xb2\x06\x11\x07k\x07\xbe\x07\x0c\x08S\x08\x93\x08\xcd\
\x08\xff\x08+\x09O\x09l\x09\x82\x09\x90\x09\x96\x09\x95\
\x09\x8c\x09|\x09d\x09D\x09\x1e\x09\xef\x08\xba\x08~\
\x08:\x08\xf0\x07\x9f\x07H\x07\xeb\x06\x88\x06\x1f\x06\xb1\
\x05>\x05\xc6\x04J\x04\xc9\x03E\x03\xbd\x022\x02\xa4\
\x01\x13\x01\x81\x00\xee\xffY\xff\xc2\xfe+\xfe\x94\xfd\xfe\
\xfcg\xfc\xd2\xfb?\xfb\xac\xfa\x1d\xfa\x8f\xf9\x04\xf9}\
\xf8\xf9\xf7y\xf7\xfd\xf6\x86\xf6\x13\xf6\xa6\xf5>\xf5\xdb\
\xf4\x7f\xf4(\xf4\xd8\xf3\x8e\xf3K\xf3\x0f\xf3\xda\xf2\xac\
\xf2\x85\xf2f\xf2N\xf2>\xf25\xf24\xf2:\xf2H\
\xf2^\xf2{\xf2\xa0\xf2\xcb\xf2\xfe\xf29\xf3z\xf3\xc2\
\xf3\x11\xf4f\xf4\xc2\xf4$\xf5\x8b\xf5\xf9\xf5k\xf6\xe3\
\xf6`\xf7\xe1\xf7f\xf8\xf0\xf8}\xf9\x0d\xfa\xa1\xfa7\
\xfb\xcf\xfbj\xfc\x06\xfd\xa3\xfdA\xfe\xe0\xfe\x7f\xff\x1e\
\x00\xbc\x00Z\x01\xf7\x01\x92\x02,\x03\xc3\x03X\x04\xea\
\x04y\x05\x04\x06\x8c\x06\x10\x07\x90\x07\x0b\x08\x81\x08\xf3\
\x08_\x09\xc6\x09'\x0a\x83\x0a\xd8\x0a(\x0bq\x0b\xb4\
\x0b\xf0\x0b%\x0cT\x0c}\x0c\x9e\x0c\xb9\x0c\xcd\x0c\xda\
\x0c\xe0\x0c\xdf\x0c\xd8\x0c\xca\x0c\xb5\x0c\x9a\x0cy\x0cQ\
\x0c#\x0c\xef\x0b\xb5\x0bu\x0b0\x0b\xe6\x0a\x96\x0aB\
\x0a\xe9\x09\x8b\x09*\x09\xc4\x08[\x08\xee\x07~\x07\x0c\
\x07\x97\x06\x1f\x06\xa6\x05*\x05\xae\x040\x04\xb2\x033\
\x03\xb3\x024\x02\xb5\x017\x01\xba\x00>\x00\xc4\xffK\
\xff\xd5\xfe`\xfe\xee\xfd\x7f\xfd\x13\xfd\xaa\xfcE\xfc\xe3\
\xfb\x86\xfb,\xfb\xd6\xfa\x85\xfa9\xfa\xf1\xf9\xae\xf9q\
\xf98\xf9\x04\xf9\xd6\xf8\xad\xf8\x89\xf8k\xf8R\xf8?\
\xf81\xf8)\xf8&\xf8)\xf80\xf8>\xf8P\xf8h\
\xf8\x85\xf8\xa6\xf8\xcd\xf8\xf8\xf8(\xf9\x5c\xf9\x94\xf9\xd1\
\xf9\x12\xfaV\xfa\x9e\xfa\xe9\xfa7\xfb\x88\xfb\xdc\xfb3\
\xfc\x8b\xfc\xe6\xfcB\xfd\xa0\xfd\x00\xfe`\xfe\xc1\xfe#\
\xff\x85\xff\xe7\xffH\x00\xaa\x00\x0b\x01k\x01\xc9\x01'\
\x02\x83\x02\xdd\x025\x03\x8b\x03\xde\x03.\x04|\x04\xc7\
\x04\x0e\x05R\x05\x93\x05\xd0\x05\x09\x06>\x06n\x06\x9b\
\x06\xc3\x06\xe7\x06\x06\x07!\x077\x07H\x07T\x07\x5c\
\x07_\x07]\x07V\x07J\x07:\x07$\x07\x0a\x07\xec\
\x06\xc8\x06\xa1\x06t\x06D\x06\x0f\x06\xd6\x05\x99\x05X\
\x05\x13\x05\xcb\x04\x80\x041\x04\xdf\x03\x8a\x032\x03\xd8\
\x02{\x02\x1c\x02\xbb\x01Y\x01\xf4\x00\x8f\x00(\x00\xc2\
\xffZ\xff\xf1\xfe\x88\xfe\x1f\xfe\xb6\xfdN\xfd\xe6\xfc\x7f\
\xfc\x19\xfc\xb4\xfbQ\xfb\xef\xfa\x90\xfa2\xfa\xd7\xf9~\
\xf9(\xf9\xd5\xf8\x85\xf87\xf8\xee\xf7\xa7\xf7e\xf7&\
\xf7\xea\xf6\xb3\xf6\x80\xf6R\xf6'\xf6\x01\xf6\xe0\xf5\xc2\
\xf5\xaa\xf5\x96\xf5\x87\xf5}\xf5w\xf5v\xf5z\xf5\x83\
\xf5\x90\xf5\xa2\xf5\xb9\xf5\xd4\xf5\xf4\xf5\x19\xf6B\xf6o\
\xf6\xa1\xf6\xd6\xf6\x10\xf7N\xf7\x90\xf7\xd5\xf7\x1e\xf8k\
\xf8\xba\xf8\x0d\xf9c\xf9\xbc\xf9\x17\xfau\xfa\xd6\xfa8\
\xfb\x9c\xfb\x02\xfcj\xfc\xd3\xfc>\xfd\xa9\xfd\x15\xfe\x82\
\xfe\xef\xfe]\xff\xca\xff7\x00\xa4\x00\x10\x01|\x01\xe6\
\x01P\x02\xb8\x02\x1f\x03\x84\x03\xe7\x03H\x04\xa7\x04\x04\
\x05^\x05\xb6\x05\x0b\x06]\x06\xab\x06\xf7\x06?\x07\x84\
\x07\xc5\x07\x03\x08=\x08s\x08\xa6\x08\xd4\x08\xff\x08%\
\x09G\x09e\x09\x7f\x09\x95\x09\xa7\x09\xb4\x09\xbd\x09\xc2\
\x09\xc3\x09\xbf\x09\xb8\x09\xac\x09\x9d\x09\x89\x09q\x09V\
\x097\x09\x14\x09\xed\x08\xc3\x08\x96\x08e\x081\x08\xfa\
\x07\xc0\x07\x83\x07D\x07\x02\x07\xbd\x06v\x06.\x06\xe3\
\x05\x96\x05G\x05\xf7\x04\xa6\x04T\x04\x00\x04\xab\x03V\
\x03\x00\x03\xaa\x02T\x02\xfe\x01\xa7\x01Q\x01\xfb\x00\xa6\
\x00R\x00\xff\xff\xad\xff[\xff\x0b\xff\xbd\xfep\xfe$\
\xfe\xdb\xfd\x94\xfdN\xfd\x0b\xfd\xca\xfc\x8c\xfcP\xfc\x17\
\xfc\xe0\xfb\xac\xfb{\xfbM\xfb\x22\xfb\xfb\xfa\xd6\xfa\xb4\
\xfa\x96\xfa{\xfac\xfaN\xfa=\xfa/\xfa$\xfa\x1d\
\xfa\x19\xfa\x18\xfa\x1a\xfa \xfa)\xfa5\xfaD\xfaW\
\xfal\xfa\x84\xfa\x9f\xfa\xbd\xfa\xde\xfa\x01\xfb'\xfbO\
\xfbz\xfb\xa7\xfb\xd6\xfb\x07\xfc:\xfco\xfc\xa6\xfc\xde\
\xfc\x18\xfdS\xfd\x90\xfd\xcd\xfd\x0c\xfeK\xfe\x8b\xfe\xcc\
\xfe\x0d\xffO\xff\x90\xff\xd2\xff\x13\x00T\x00\x95\x00\xd6\
\x00\x16\x01U\x01\x94\x01\xd1\x01\x0e\x02I\x02\x83\x02\xbc\
\x02\xf3\x02(\x03\x5c\x03\x8e\x03\xbe\x03\xec\x03\x17\x04A\
\x04h\x04\x8d\x04\xb0\x04\xd0\x04\xee\x04\x09\x05!\x057\
\x05J\x05Z\x05g\x05r\x05z\x05\x7f\x05\x81\x05\x80\
\x05|\x05v\x05l\x05`\x05Q\x05?\x05+\x05\x14\
\x05\xfa\x04\xdd\x04\xbe\x04\x9c\x04x\x04R\x04)\x04\xfe\
\x03\xd0\x03\xa1\x03o\x03<\x03\x07\x03\xcf\x02\x97\x02\x5c\
\x02!\x02\xe3\x01\xa5\x01e\x01%\x01\xe3\x00\xa0\x00]\
\x00\x19\x00\xd6\xff\x91\xffL\xff\x07\xff\xc2\xfe|\xfe7\
\xfe\xf3\xfd\xae\xfdk\xfd'\xfd\xe5\xfc\xa3\xfcc\xfc#\
\xfc\xe5\xfb\xa8\xfbl\xfb2\xfb\xf9\xfa\xc2\xfa\x8c\xfaY\
\xfa'\xfa\xf8\xf9\xca\xf9\x9e\xf9u\xf9N\xf9)\xf9\x07\
\xf9\xe7\xf8\xca\xf8\xaf\xf8\x96\xf8\x81\xf8n\xf8]\xf8O\
\xf8D\xf8<\xf86\xf84\xf84\xf86\xf8<\xf8D\
\xf8O\xf8\x5c\xf8m\xf8\x80\xf8\x95\xf8\xad\xf8\xc8\xf8\xe5\
\xf8\x05\xf9'\xf9L\xf9s\xf9\x9c\xf9\xc7\xf9\xf4\xf9$\
\xfaU\xfa\x88\xfa\xbe\xfa\xf5\xfa-\xfbg\xfb\xa3\xfb\xe0\
\xfb\x1f\xfc^\xfc\x9f\xfc\xe1\xfc$\xfdg\xfd\xac\xfd\xf1\
\xfd7\xfe}\xfe\xc3\xfe\x0a\xffQ\xff\x98\xff\xdf\xff%\
\x00k\x00\xb2\x00\xf7\x00=\x01\x82\x01\xc6\x01\x09\x02K\
\x02\x8d\x02\xcd\x02\x0c\x03J\x03\x87\x03\xc2\x03\xfc\x034\
\x04k\x04\xa0\x04\xd3\x04\x04\x054\x05a\x05\x8d\x05\xb7\
\x05\xde\x05\x04\x06'\x06I\x06g\x06\x84\x06\x9f\x06\xb7\
\x06\xcc\x06\xe0\x06\xf1\x06\x00\x07\x0c\x07\x16\x07\x1e\x07#\
\x07&\x07&\x07$\x07 \x07\x1a\x07\x11\x07\x06\x07\xf9\
\x06\xe9\x06\xd8\x06\xc4\x06\xae\x06\x97\x06}\x06a\x06C\
\x06$\x06\x03\x06\xe0\x05\xbb\x05\x95\x05m\x05D\x05\x19\
\x05\xed\x04\xc0\x04\x92\x04b\x042\x04\x00\x04\xce\x03\x9a\
\x03f\x032\x03\xfd\x02\xc7\x02\x91\x02Z\x02$\x02\xed\
\x01\xb6\x01\x7f\x01H\x01\x11\x01\xda\x00\xa4\x00n\x009\
\x00\x03\x00\xd0\xff\x9c\xffi\xff7\xff\x05\xff\xd5\xfe\xa5\
\xfew\xfeI\xfe\x1d\xfe\xf2\xfd\xc8\xfd\xa0\xfdy\xfdS\
\xfd/\xfd\x0c\xfd\xeb\xfc\xcb\xfc\xad\xfc\x91\xfcv\xfc]\
\xfcE\xfc0\xfc\x1c\xfc\x0a\xfc\xfa\xfb\xeb\xfb\xdf\xfb\xd4\
\xfb\xcb\xfb\xc3\xfb\xbe\xfb\xba\xfb\xb9\xfb\xb9\xfb\xba\xfb\xbe\
\xfb\xc3\xfb\xca\xfb\xd3\xfb\xde\xfb\xea\xfb\xf7\xfb\x07\xfc\x17\
\xfc*\xfc>\xfcS\xfcj\xfc\x82\xfc\x9b\xfc\xb6\xfc\xd2\
\xfc\xef\xfc\x0d\xfd-\xfdM\xfdn\xfd\x91\xfd\xb4\xfd\xd8\
\xfd\xfc\xfd\x22\xfeH\xfen\xfe\x95\xfe\xbd\xfe\xe5\xfe\x0d\
\xff6\xff^\xff\x87\xff\xb0\xff\xd9\xff\x01\x00*\x00R\
\x00{\x00\xa3\x00\xca\x00\xf2\x00\x19\x01?\x01e\x01\x8a\
\x01\xaf\x01\xd2\x01\xf5\x01\x18\x029\x02Y\x02y\x02\x97\
\x02\xb4\x02\xd1\x02\xec\x02\x06\x03\x1e\x036\x03L\x03a\
\x03u\x03\x87\x03\x98\x03\xa7\x03\xb5\x03\xc2\x03\xcd\x03\xd7\
\x03\xdf\x03\xe5\x03\xeb\x03\xee\x03\xf0\x03\xf1\x03\xf0\x03\xee\
\x03\xea\x03\xe5\x03\xde\x03\xd5\x03\xcb\x03\xc0\x03\xb3\x03\xa5\
\x03\x96\x03\x85\x03r\x03_\x03J\x033\x03\x1c\x03\x03\
\x03\xe9\x02\xce\x02\xb2\x02\x94\x02v\x02W\x026\x02\x15\
\x02\xf3\x01\xd0\x01\xac\x01\x87\x01b\x01<\x01\x16\x01\xee\
\x00\xc7\x00\x9f\x00v\x00M\x00$\x00\xfc\xff\xd2\xff\xa8\
\xff~\xffT\xff*\xff\x00\xff\xd6\xfe\xac\xfe\x82\xfeY\
\xfe0\xfe\x07\xfe\xdf\xfd\xb7\xfd\x8f\xfdh\xfdB\xfd\x1c\
\xfd\xf7\xfc\xd3\xfc\xaf\xfc\x8c\xfcj\xfcI\xfc)\xfc\x0a\
\xfc\xeb\xfb\xce\xfb\xb2\xfb\x97\xfb|\xfbc\xfbL\xfb5\
\xfb \xfb\x0c\xfb\xf9\xfa\xe7\xfa\xd7\xfa\xc8\xfa\xba\xfa\xae\
\xfa\xa3\xfa\x99\xfa\x91\xfa\x8a\xfa\x85\xfa\x81\xfa~\xfa}\
\xfa}\xfa\x7f\xfa\x82\xfa\x86\xfa\x8c\xfa\x93\xfa\x9b\xfa\xa5\
\xfa\xb0\xfa\xbd\xfa\xcb\xfa\xda\xfa\xea\xfa\xfc\xfa\x0f\xfb#\
\xfb8\xfbO\xfbg\xfb\x7f\xfb\x99\xfb\xb4\xfb\xd0\xfb\xed\
\xfb\x0b\xfc*\xfcJ\xfck\xfc\x8c\xfc\xae\xfc\xd1\xfc\xf5\
\xfc\x1a\xfd?\xfde\xfd\x8b\xfd\xb2\xfd\xd9\xfd\x01\xfe)\
\xfeR\xfez\xfe\xa4\xfe\xcd\xfe\xf7\xfe \xffJ\xfft\
\xff\x9e\xff\xc8\xff\xf2\xff\x1b\x00D\x00n\x00\x97\x00\xc0\
\x00\xe9\x00\x11\x019\x01a\x01\x88\x01\xaf\x01\xd5\x01\xfb\
\x01 \x02D\x02h\x02\x8b\x02\xad\x02\xcf\x02\xf0\x02\x10\
\x03/\x03M\x03k\x03\x87\x03\xa3\x03\xbe\x03\xd7\x03\xf0\
\x03\x07\x04\x1e\x044\x04H\x04\x5c\x04n\x04\x7f\x04\x8f\
\x04\x9e\x04\xac\x04\xb9\x04\xc4\x04\xcf\x04\xd8\x04\xe0\x04\xe7\
\x04\xed\x04\xf2\x04\xf5\x04\xf7\x04\xf9\x04\xf9\x04\xf7\x04\xf5\
\x04\xf2\x04\xed\x04\xe8\x04\xe1\x04\xd9\x04\xd1\x04\xc7\x04\xbc\
\x04\xb0\x04\xa3\x04\x95\x04\x87\x04w\x04f\x04U\x04B\
\x04/\x04\x1b\x04\x06\x04\xf1\x03\xda\x03\xc3\x03\xab\x03\x93\
\x03z\x03`\x03F\x03+\x03\x0f\x03\xf4\x02\xd7\x02\xbb\
\x02\x9d\x02\x80\x02b\x02D\x02%\x02\x07\x02\xe8\x01\xc9\
\x01\xaa\x01\x8a\x01k\x01K\x01,\x01\x0c\x01\xed\x00\xce\
\x00\xae\x00\x8f\x00p\x00Q\x003\x00\x14\x00\xf7\xff\xda\
\xff\xbc\xff\x9f\xff\x82\xfff\xffJ\xff/\xff\x14\xff\xf9\
\xfe\xdf\xfe\xc6\xfe\xad\xfe\x95\xfe}\xfef\xfeP\xfe:\
\xfe%\xfe\x11\xfe\xfd\xfd\xea\xfd\xd8\xfd\xc7\xfd\xb6\xfd\xa6\
\xfd\x97\xfd\x89\xfd{\xfdo\xfdc\xfdX\xfdM\xfdD\
\xfd;\xfd4\xfd-\xfd'\xfd!\xfd\x1d\xfd\x1a\xfd\x17\
\xfd\x15\xfd\x14\xfd\x14\xfd\x14\xfd\x16\xfd\x18\xfd\x1b\xfd\x1f\
\xfd$\xfd)\xfd/\xfd6\xfd>\xfdF\xfdO\xfdY\
\xfdc\xfdo\xfdz\xfd\x87\xfd\x94\xfd\xa2\xfd\xb0\xfd\xbf\
\xfd\xce\xfd\xde\xfd\xef\xfd\xff\xfd\x11\xfe#\xfe5\xfeH\
\xfe[\xfeo\xfe\x83\xfe\x97\xfe\xab\xfe\xc0\xfe\xd5\xfe\xea\
\xfe\x00\xff\x16\xff,\xffB\xffX\xffn\xff\x85\xff\x9b\
\xff\xb2\xff\xc8\xff\xdf\xff\xf5\xff\x0b\x00!\x007\x00N\
\x00d\x00y\x00\x8f\x00\xa5\x00\xba\x00\xcf\x00\xe4\x00\xf8\
\x00\x0d\x01 \x014\x01G\x01Z\x01m\x01\x7f\x01\x90\
\x01\xa2\x01\xb2\x01\xc3\x01\xd2\x01\xe2\x01\xf1\x01\xff\x01\x0d\
\x02\x1a\x02'\x023\x02>\x02I\x02T\x02]\x02g\
\x02o\x02w\x02~\x02\x85\x02\x8b\x02\x91\x02\x95\x02\x99\
\x02\x9d\x02\xa0\x02\xa2\x02\xa3\x02\xa4\x02\xa4\x02\xa4\x02\xa3\
\x02\xa1\x02\x9e\x02\x9b\x02\x98\x02\x93\x02\x8e\x02\x89\x02\x82\
\x02{\x02t\x02l\x02c\x02Z\x02P\x02F\x02;\
\x02/\x02#\x02\x16\x02\x09\x02\xfc\x01\xed\x01\xdf\x01\xd0\
\x01\xc0\x01\xb0\x01\xa0\x01\x8f\x01~\x01l\x01Z\x01H\
\x015\x01\x22\x01\x0f\x01\xfb\x00\xe7\x00\xd3\x00\xbf\x00\xaa\
\x00\x95\x00\x80\x00k\x00U\x00@\x00*\x00\x14\x00\x00\
\x00\xea\xff\xd4\xff\xbe\xff\xa7\xff\x91\xff{\xffe\xffO\
\xff9\xff#\xff\x0d\xff\xf8\xfe\xe2\xfe\xcd\xfe\xb7\xfe\xa2\
\xfe\x8d\xfey\xfed\xfeP\xfe<\xfe(\xfe\x14\xfe\x01\
\xfe\xee\xfd\xdc\xfd\xc9\xfd\xb7\xfd\xa6\xfd\x95\xfd\x84\xfds\
\xfdc\xfdT\xfdD\xfd6\xfd'\xfd\x19\xfd\x0c\xfd\xff\
\xfc\xf3\xfc\xe7\xfc\xdb\xfc\xd0\xfc\xc6\xfc\xbc\xfc\xb2\xfc\xa9\
\xfc\xa1\xfc\x99\xfc\x92\xfc\x8b\xfc\x85\xfc\x7f\xfcz\xfcu\
\xfcq\xfcn\xfck\xfch\xfcg\xfce\xfce\xfce\
\xfce\xfcf\xfch\xfcj\xfcm\xfcp\xfct\xfcx\
\xfc}\xfc\x82\xfc\x88\xfc\x8f\xfc\x96\xfc\x9d\xfc\xa5\xfc\xae\
\xfc\xb7\xfc\xc0\xfc\xca\xfc\xd5\xfc\xe0\xfc\xeb\xfc\xf7\xfc\x03\
\xfd\x10\xfd\x1d\xfd*\xfd8\xfdG\xfdU\xfdd\xfdt\
\xfd\x84\xfd\x94\xfd\xa4\xfd\xb5\xfd\xc6\xfd\xd7\xfd\xe9\xfd\xfb\
\xfd\x0d\xfe \xfe2\xfeE\xfeX\xfel\xfe\x7f\xfe\x93\
\xfe\xa7\xfe\xbb\xfe\xcf\xfe\xe3\xfe\xf7\xfe\x0c\xff!\xff5\
\xffJ\xff_\xffs\xff\x88\xff\x9d\xff\xb2\xff\xc7\xff\xdc\
\xff\xf0\xff\x04\x00\x19\x00-\x00B\x00V\x00k\x00\x7f\
\x00\x93\x00\xa7\x00\xba\x00\xce\x00\xe1\x00\xf5\x00\x08\x01\x1b\
\x01-\x01@\x01R\x01d\x01v\x01\x87\x01\x98\x01\xa9\
\x01\xba\x01\xca\x01\xda\x01\xea\x01\xf9\x01\x08\x02\x17\x02%\
\x023\x02A\x02N\x02[\x02h\x02t\x02\x80\x02\x8c\
\x02\x97\x02\xa1\x02\xac\x02\xb6\x02\xbf\x02\xc8\x02\xd1\x02\xd9\
\x02\xe1\x02\xe9\x02\xf0\x02\xf6\x02\xfc\x02\x02\x03\x08\x03\x0d\
\x03\x11\x03\x15\x03\x19\x03\x1c\x03\x1f\x03!\x03#\x03%\
\x03&\x03'\x03'\x03'\x03&\x03&\x03$\x03\x22\
\x03 \x03\x1e\x03\x1b\x03\x18\x03\x14\x03\x10\x03\x0c\x03\x07\
\x03\x02\x03\xfc\x02\xf6\x02\xf0\x02\xea\x02\xe3\x02\xdb\x02\xd4\
\x02\xcc\x02\xc4\x02\xbb\x02\xb3\x02\xaa\x02\xa0\x02\x97\x02\x8d\
\x02\x83\x02x\x02m\x02c\x02W\x02L\x02@\x025\
\x02)\x02\x1c\x02\x10\x02\x03\x02\xf7\x01\xea\x01\xdd\x01\xcf\
\x01\xc2\x01\xb4\x01\xa7\x01\x99\x01\x8b\x01}\x01o\x01a\
\x01S\x01D\x016\x01(\x01\x19\x01\x0b\x01\xfc\x00\xee\
\x00\xdf\x00\xd1\x00\xc2\x00\xb4\x00\xa5\x00\x97\x00\x88\x00z\
\x00k\x00]\x00O\x00A\x003\x00%\x00\x17\x00\x09\
\x00\xfc\xff\xef\xff\xe1\xff\xd4\xff\xc7\xff\xba\xff\xad\xff\xa0\
\xff\x93\xff\x87\xffz\xffn\xffb\xffV\xffK\xff?\
\xff4\xff)\xff\x1e\xff\x14\xff\x09\xff\xff\xfe\xf5\xfe\xec\
\xfe\xe2\xfe\xd9\xfe\xd0\xfe\xc7\xfe\xbf\xfe\xb6\xfe\xae\xfe\xa6\
\xfe\x9f\xfe\x98\xfe\x91\xfe\x8a\xfe\x83\xfe}\xfew\xfeq\
\xfel\xfeg\xfeb\xfe]\xfeY\xfeT\xfeQ\xfeM\
\xfeJ\xfeG\xfeD\xfeA\xfe?\xfe=\xfe<\xfe:\
\xfe9\xfe8\xfe7\xfe7\xfe7\xfe7\xfe7\xfe8\
\xfe9\xfe:\xfe<\xfe=\xfe?\xfeA\xfeD\xfeF\
\xfeI\xfeL\xfeP\xfeS\xfeW\xfe[\xfe_\xfec\
\xfeh\xfem\xfer\xfew\xfe|\xfe\x82\xfe\x88\xfe\x8e\
\xfe\x94\xfe\x9a\xfe\xa1\xfe\xa7\xfe\xae\xfe\xb5\xfe\xbc\xfe\xc3\
\xfe\xcb\xfe\xd2\xfe\xda\xfe\xe2\xfe\xea\xfe\xf2\xfe\xfa\xfe\x02\
\xff\x0a\xff\x13\xff\x1b\xff$\xff-\xff5\xff>\xffG\
\xffP\xffY\xffb\xffl\xffu\xff~\xff\x87\xff\x91\
\xff\x9a\xff\xa4\xff\xad\xff\xb6\xff\xc0\xff\xc9\xff\xd3\xff\xdc\
\xff\xe5\xff\xef\xff\xf8\xff\x01\x00\x0a\x00\x13\x00\x1c\x00&\
\x00/\x008\x00A\x00J\x00S\x00\x5c\x00e\x00m\
\x00v\x00\x7f\x00\x87\x00\x90\x00\x98\x00\xa0\x00\xa8\x00\xb0\
\x00\xb8\x00\xc0\x00\xc8\x00\xcf\x00\xd7\x00\xde\x00\xe5\x00\xec\
\x00\xf3\x00\xfa\x00\x01\x01\x08\x01\x0e\x01\x14\x01\x1a\x01 \
\x01&\x01,\x012\x017\x01<\x01A\x01F\x01K\
\x01P\x01T\x01X\x01\x5c\x01`\x01d\x01h\x01k\
\x01n\x01q\x01t\x01w\x01z\x01|\x01~\x01\x80\
\x01\x82\x01\x84\x01\x85\x01\x87\x01\x88\x01\x89\x01\x8a\x01\x8a\
\x01\x8b\x01\x8b\x01\x8b\x01\x8b\x01\x8b\x01\x8a\x01\x8a\x01\x89\
\x01\x88\x01\x87\x01\x86\x01\x84\x01\x83\x01\x81\x01\x7f\x01}\
\x01{\x01x\x01v\x01s\x01p\x01m\x01j\x01g\
\x01c\x01`\x01\x5c\x01X\x01T\x01P\x01K\x01G\
\x01B\x01=\x019\x014\x01.\x01)\x01$\x01\x1e\
\x01\x19\x01\x13\x01\x0d\x01\x07\x01\x01\x01\xfb\x00\xf5\x00\xef\
\x00\xe8\x00\xe2\x00\xdb\x00\xd4\x00\xce\x00\xc7\x00\xc0\x00\xb9\
\x00\xb2\x00\xab\x00\xa3\x00\x9c\x00\x95\x00\x8d\x00\x86\x00~\
\x00w\x00o\x00g\x00`\x00X\x00P\x00H\x00@\
\x008\x000\x00)\x00!\x00\x19\x00\x11\x00\x08\x00\x00\
\x00\xf9\xff\xf1\xff\xe9\xff\xe1\xff\xd9\xff\xd1\xff\xc9\xff\xc1\
\xff\xb9\xff\
\x00\x00\x9b6\
R\
IFF.\x9b\x00\x00WAVEfmt \x10\
\x00\x00\x00\x01\x00\x01\x00D\xac\x00\x00\x88X\x01\x00\x02\
\x00\x10\x00data\x0a\x9b\x00\x00\x00\x00+\x07J\
\x0eU\x15?\x1c\xff\x22\x8b)\xda/\xe25\x9b;\xfc\
@\xfeE\x9aJ\xcaN\x87R\xceU\x99X\xe5Z\xb0\
\x5c\xf8]\xbb^\xfb^\xb6^\xef]\xa7\x5c\xe2Z\xa4\
X\xf0U\xccR=OJK\xf9FSB]=\x22\
8\xa92\xfa, '\x22!\x0b\x1b\xe3\x14\xb4\x0e\x86\
\x08d\x02U\xfcb\xf6\x93\xf0\xf0\xea\x80\xe5J\xe0V\
\xdb\xa8\xd6G\xd27\xce|\xca\x1b\xc7\x16\xc4o\xc1(\
\xbfC\xbd\xc0\xbb\x9f\xba\xdf\xb9\x7f\xb9|\xb9\xd6\xb9\x88\
\xba\x90\xbb\xe9\xbc\x90\xbe\x80\xc0\xb4\xc2'\xc5\xd3\xc7\xb3\
\xca\xc2\xcd\xf9\xd0S\xd4\xca\xd7W\xdb\xf6\xde\xa0\xe2Q\
\xe6\x01\xea\xae\xedQ\xf1\xe6\xf4i\xf8\xd5\xfb'\xff[\
\x02p\x05b\x08.\x0b\xd3\x0dO\x10\xa2\x12\xca\x14\xc6\
\x16\x97\x18=\x1a\xb8\x1b\x09\x1d1\x1e1\x1f\x0a \xbe\
 N!\xbe!\x0d\x22?\x22U\x22R\x227\x22\x07\
\x22\xc4!o!\x0a!\x97 \x17 \x8d\x1f\xf9\x1e\x5c\
\x1e\xb8\x1d\x0d\x1d]\x1c\xa6\x1b\xea\x1a*\x1ad\x19\x99\
\x18\xc8\x17\xf2\x16\x16\x162\x15H\x14U\x13Y\x12T\
\x11D\x10)\x0f\x03\x0e\xd0\x0c\x90\x0bC\x0a\xe8\x08\x7f\
\x07\x09\x06\x84\x04\xf1\x02Q\x01\xa5\xff\xec\xfd(\xfcY\
\xfa\x82\xf8\xa4\xf6\xbf\xf4\xd7\xf2\xed\xf0\x03\xef\x1c\xed9\
\xeb]\xe9\x8c\xe7\xc6\xe5\x10\xe4k\xe2\xdb\xe0b\xdf\x02\
\xde\xbf\xdc\x9a\xdb\x96\xda\xb5\xd9\xfa\xd8f\xd8\xfa\xd7\xb9\
\xd7\xa4\xd7\xbb\xd7\x00\xd8r\xd8\x13\xd9\xe2\xd9\xdf\xda\x09\
\xdc_\xdd\xe0\xde\x8b\xe0_\xe2X\xe4u\xe6\xb3\xe8\x10\
\xeb\x8a\xed\x1b\xf0\xc3\xf2|\xf5E\xf8\x18\xfb\xf3\xfd\xd1\
\x00\xaf\x03\x8a\x06^\x09&\x0c\xe0\x0e\x88\x11\x1a\x14\x94\
\x16\xf1\x181\x1bO\x1dI\x1f\x1d!\xca\x22L$\xa4\
%\xd0&\xce'\x9e(@)\xb4)\xfa)\x12*\xfc\
)\xba)M)\xb7(\xf7'\x12'\x07&\xda$\x8c\
#\x1f\x22\x97 \xf5\x1e;\x1dm\x1b\x8c\x19\x9c\x17\x9e\
\x15\x95\x13\x83\x11k\x0fO\x0d0\x0b\x11\x09\xf4\x06\xda\
\x04\xc5\x02\xb6\x00\xaf\xfe\xb1\xfc\xbc\xfa\xd2\xf8\xf4\xf6!\
\xf5\x5c\xf3\xa3\xf1\xf8\xef[\xee\xcc\xecK\xeb\xd8\xe9s\
\xe8\x1d\xe7\xd5\xe5\x9c\xe4q\xe3T\xe2F\xe1H\xe0X\
\xdfx\xde\xa8\xdd\xe8\xdc:\xdc\x9d\xdb\x12\xdb\x9b\xda9\
\xda\xeb\xd9\xb4\xd9\x95\xd9\x8e\xd9\xa2\xd9\xd0\xd9\x1c\xda\x85\
\xda\x0e\xdb\xb7\xdb\x82\xdco\xdd\x81\xde\xb7\xdf\x13\xe1\x95\
\xe2>\xe4\x0d\xe6\x03\xe8 \xead\xec\xcc\xeeZ\xf1\x0b\
\xf4\xde\xf6\xd0\xf9\xe1\xfc\x0c\x00Q\x03\xab\x06\x18\x0a\x94\
\x0d\x1b\x11\xa9\x149\x18\xc7\x1bO\x1f\xcb\x226&\x8c\
)\xc7,\xe2/\xd72\xa25>8\xa4:\xd1<\xc0\
>l@\xd1A\xecB\xb8C3DYD)D\xa0\
C\xbdB\x80A\xe7?\xf4=\xa6;\xff8\x016\xae\
2\x0a/\x18+\xdc&Z\x22\x99\x1d\x9d\x18m\x13\x0f\
\x0e\x8a\x08\xe6\x02+\xfd_\xf7\x8b\xf1\xb7\xeb\xed\xe54\
\xe0\x95\xda\x18\xd5\xc7\xcf\xa8\xca\xc4\xc5$\xc1\xce\xbc\xc9\
\xb8\x1d\xb5\xcf\xb1\xe5\xaed\xacR\xaa\xb1\xa8\x86\xa7\xd3\
\xa6\x99\xa6\xda\xa6\x97\xa7\xd0\xa8\x82\xaa\xad\xacM\xaf`\
\xb2\xe2\xb5\xce\xb9\x1f\xbe\xce\xc2\xd6\xc7.\xcd\xd0\xd2\xb3\
\xd8\xd0\xde\x1c\xe5\x8f\xeb\x1f\xf2\xc3\xf8q\xff\x1d\x06\xc1\
\x0cR\x13\xc5\x19\x12 /&\x13,\xb61\x0f7\x17\
<\xc7@\x18E\x04I\x86L\x98O8RbT\x13\
VIW\x04XCX\x07XQW\x22V\x7fTi\
R\xe6O\xf9L\xa9I\xfbE\xf5A\x9f=\xff8\x1d\
4\x02/\xb6)@$\xaa\x1e\xfd\x18A\x13~\x0d\xbe\
\x07\x08\x02g\xfc\xe0\xf6|\xf1B\xec:\xe7i\xe2\xd7\
\xdd\x88\xd9\x82\xd5\xc9\xd1b\xceO\xcb\x94\xc83\xc6-\
\xc4\x83\xc25\xc1D\xc0\xae\xbfs\xbf\x8f\xbf\x02\xc0\xc6\
\xc0\xdb\xc1;\xc3\xe2\xc4\xcc\xc6\xf4\xc8U\xcb\xea\xcd\xad\
\xd0\x98\xd3\xa6\xd6\xd1\xd9\x13\xddg\xe0\xc7\xe3-\xe7\x95\
\xea\xf8\xedS\xf1\xa0\xf4\xda\xf7\xff\xfa\x0a\xfe\xf7\x00\xc5\
\x03p\x06\xf5\x08T\x0b\x8a\x0d\x96\x0fx\x11.\x13\xba\
\x14\x1c\x16S\x17a\x18G\x19\x06\x1a\xa1\x1a\x18\x1bo\
\x1b\xa7\x1b\xc3\x1b\xc4\x1b\xae\x1b\x83\x1bE\x1b\xf8\x1a\x9c\
\x1a5\x1a\xc5\x19N\x19\xd3\x18S\x18\xd3\x17R\x17\xd2\
\x16T\x16\xd9\x15b\x15\xef\x14\x7f\x14\x14\x14\xad\x13H\
\x13\xe7\x12\x87\x12(\x12\xc9\x11i\x11\x06\x11\x9e\x101\
\x10\xbd\x0f@\x0f\xb9\x0e&\x0e\x86\x0d\xd8\x0c\x1a\x0cK\
\x0bk\x0aw\x09q\x08V\x07(\x06\xe6\x04\x8f\x03&\
\x02\xa9\x00\x1b\xff{\xfd\xcc\xfb\x0e\xfaD\xf8o\xf6\x92\
\xf4\xaf\xf2\xc9\xf0\xe1\xee\xfc\xec\x1b\xebB\xe9s\xe7\xb3\
\xe5\x03\xe4f\xe2\xe1\xe0v\xdf'\xde\xf7\xdc\xea\xdb\x01\
\xdb>\xda\xa5\xd95\xd9\xf2\xd8\xdd\xd8\xf6\xd8?\xd9\xb7\
\xd9_\xda8\xdb@\xdcw\xdd\xdc\xdem\xe0)\xe2\x0f\
\xe4\x1b\xe6L\xe8\x9f\xea\x11\xed\x9f\xefF\xf2\x02\xf5\xd0\
\xf7\xac\xfa\x92\xfd}\x00l\x03Z\x06B\x09!\x0c\xf4\
\x0e\xb6\x11d\x14\xfa\x16u\x19\xd3\x1b\x0f\x1e( \x1a\
\x22\xe4#\x84%\xf8&=(T);*\xf2*w\
+\xcc+\xef+\xe3+\xa6+:+\xa1*\xdb)\xea\
(\xd1'\x8f&)%\x9f#\xf5!, G\x1eI\
\x1c4\x1a\x0b\x18\xd0\x15\x87\x130\x11\xd0\x0ei\x0c\xfc\
\x09\x8d\x07\x1e\x05\xb0\x02F\x00\xe3\xfd\x87\xfb3\xf9\xeb\
\xf6\xaf\xf4\x81\xf2c\xf0T\xeeW\xecl\xea\x94\xe8\xd0\
\xe6!\xe5\x87\xe3\x03\xe2\x96\xe0@\xdf\x01\xde\xda\xdc\xcc\
\xdb\xd6\xda\xfa\xd97\xd9\x8f\xd8\x01\xd8\x8f\xd78\xd7\xfd\
\xd6\xde\xd6\xdd\xd6\xfa\xd65\xd7\x8f\xd7\x08\xd8\xa2\xd8[\
\xd96\xda2\xdbP\xdc\x91\xdd\xf3\xdex\xe0\x1f\xe2\xe9\
\xe3\xd5\xe5\xe2\xe7\x11\xea`\xec\xce\xee[\xf1\x05\xf4\xca\
\xf6\xa9\xf9\xa0\xfc\xad\xff\xcb\x02\xfb\x059\x09\x81\x0c\xd1\
\x0f$\x13w\x16\xc7\x19\x0e\x1dJ v#\x8d&\x8c\
)m,,/\xc6154t6\x818W:\xf2\
;N=h>=?\xc9?\x0b@\x00@\xa6?\xfc\
>\x01>\xb3<\x14;$9\xe36R4t1K\
.\xd9*#'+#\xf6\x1e\x89\x1a\xe9\x15\x1b\x11%\
\x0c\x0e\x07\xdd\x01\x98\xfcE\xf7\xed\xf1\x96\xecI\xe7\x0d\
\xe2\xea\xdc\xe7\xd7\x0c\xd3`\xce\xea\xc9\xb2\xc5\xbe\xc1\x15\
\xbe\xbc\xba\xba\xb7\x13\xb5\xcc\xb2\xe9\xb0n\xaf^\xae\xbb\
\xad\x87\xad\xc4\xadq\xae\x8e\xaf\x1b\xb1\x16\xb3|\xb5K\
\xb8\x80\xbb\x15\xbf\x07\xc3O\xc7\xe9\xcb\xcd\xd0\xf5\xd5Y\
\xdb\xf1\xe0\xb6\xe6\x9f\xec\xa3\xf2\xba\xf8\xdb\xfe\xfc\x04\x15\
\x0b\x1e\x11\x0c\x17\xd8\x1cx\x22\xe5'\x17-\x062\xab\
6\x00;\xfe>\xa0B\xe0E\xbbH-K2M\xc9\
N\xefO\xa4P\xe6P\xb8P\x19P\x0bO\x92M\xaf\
KgI\xbeF\xb8C\x5c@\xb0<\xb88}4\x05\
0X+~&}!^\x1c*\x17\xe8\x11\xa1\x0c[\
\x07 \x02\xf8\xfc\xe9\xf7\xfa\xf23\xee\x99\xe94\xe5\x09\
\xe1\x1c\xddt\xd9\x13\xd6\xff\xd29\xd0\xc4\xcd\xa3\xcb\xd6\
\xc9_\xc8=\xc7q\xc6\xf9\xc5\xd5\xc5\x01\xc6}\xc6D\
\xc7T\xc8\xa8\xc9>\xcb\x10\xcd\x1a\xcfV\xd1\xc0\xd3S\
\xd6\x09\xd9\xdc\xdb\xc8\xde\xc6\xe1\xd1\xe4\xe4\xe7\xf9\xea\x0c\
\xee\x18\xf1\x18\xf4\x08\xf7\xe3\xf9\xa7\xfcO\xff\xd7\x01?\
\x04\x84\x06\xa3\x08\x9b\x0ak\x0c\x12\x0e\x90\x0f\xe4\x10\x0e\
\x12\x11\x13\xeb\x13\xa0\x140\x15\x9c\x15\xe8\x15\x15\x16&\
\x16\x1d\x16\xfc\x15\xc7\x15\x81\x15+\x15\xca\x14^\x14\xec\
\x13v\x13\xfe\x12\x86\x12\x10\x12\x9f\x114\x11\xd1\x10w\
\x10&\x10\xdf\x0f\xa4\x0ft\x0fO\x0f5\x0f&\x0f \
\x0f#\x0f-\x0f>\x0fS\x0fj\x0f\x83\x0f\x9a\x0f\xaf\
\x0f\xbe\x0f\xc6\x0f\xc4\x0f\xb6\x0f\x9b\x0fo\x0f2\x0f\xe2\
\x0e{\x0e\xfe\x0di\x0d\xba\x0c\xf2\x0b\x0e\x0b\x0e\x0a\xf3\
\x08\xbd\x07l\x06\x00\x05z\x03\xdc\x01'\x00_\xfe\x81\
\xfc\x93\xfa\x97\xf8\x8f\xf6}\xf4f\xf2L\xf03\xee\x1d\
\xec\x0f\xea\x0c\xe8\x18\xe66\xe4i\xe2\xb6\xe0\x1e\xdf\xa7\
\xddR\xdc#\xdb\x1c\xda@\xd9\x92\xd8\x12\xd8\xc3\xd7\xa7\
\xd7\xbe\xd7\x09\xd8\x88\xd8=\xd9&\xdaC\xdb\x93\xdc\x15\
\xde\xc8\xdf\xa9\xe1\xb6\xe3\xee\xe5L\xe8\xcf\xeas\xed4\
\xf0\x0f\xf3\x00\xf6\x03\xf9\x15\xfc0\xffO\x02q\x05\x90\
\x08\xa8\x0b\xb5\x0e\xb2\x11\x9b\x14m\x17$\x1a\xbc\x1c2\
\x1f\x82!\xab#\xa8%x'\x18)\x87*\xc3+\xca\
,\x9d-9.\x9f.\xcf.\xc8.\x8c.\x1b.v\
-\x9e,\x96+^*\xf9(i'\xb0%\xd1#\xce\
!\xaa\x1fi\x1d\x0c\x1b\x98\x18\x0e\x16s\x13\xc8\x10\x12\
\x0eS\x0b\x8e\x08\xc7\x05\xff\x02:\x00|\xfd\xc4\xfa\x17\
\xf8w\xf5\xe5\xf2e\xf0\xf8\xed\x9f\xeb]\xe93\xe7#\
\xe5-\xe3S\xe1\x96\xdf\xf8\xddx\xdc\x17\xdb\xd7\xd9\xb8\
\xd8\xba\xd7\xdd\xd6#\xd6\x8b\xd5\x15\xd5\xc2\xd4\x92\xd4\x84\
\xd4\x9a\xd4\xd2\xd4-\xd5\xab\xd5L\xd6\x0f\xd7\xf4\xd7\xfb\
\xd8%\xdao\xdb\xdb\xdcg\xde\x14\xe0\xdf\xe1\xca\xe3\xd2\
\xe5\xf8\xe7:\xea\x96\xec\x0d\xef\x9b\xf1A\xf4\xfc\xf6\xca\
\xf9\xaa\xfc\x9a\xff\x96\x02\x9d\x05\xad\x08\xc3\x0b\xdb\x0e\xf3\
\x11\x09\x15\x17\x18\x1c\x1b\x14\x1e\xfb \xce#\x89&)\
)\xa9+\x07.>0K2+4\xda5U7\x99\
8\xa39q:\xff:K;T;\x19;\x97:\xcd\
9\xbc8b7\xc15\xd83\xa914/|,\x82\
)J&\xd7\x22+\x1fK\x1b;\x17\xff\x12\x9d\x0e\x19\
\x0az\x05\xc4\x00\xff\xfb/\xf7\x5c\xf2\x8c\xed\xc6\xe8\x10\
\xe4q\xdf\xf1\xda\x94\xd6c\xd2c\xce\x9b\xca\x10\xc7\xc8\
\xc3\xc9\xc0\x17\xbe\xb6\xbb\xac\xb9\xfc\xb7\xa9\xb6\xb6\xb5$\
\xb5\xf6\xb4,\xb5\xc7\xb5\xc7\xb6+\xb8\xf2\xb9\x1a\xbc\x9f\
\xbe\x80\xc1\xb8\xc4C\xc8\x1d\xcc@\xd0\xa6\xd4J\xd9%\
\xde/\xe3b\xe8\xb7\xed%\xf3\xa5\xf8.\xfe\xb9\x03=\
\x09\xb4\x0e\x13\x14U\x19q\x1e_#\x18(\x97,\xd3\
0\xc84o8\xc3;\xc0>cA\xa6C\x88E\x06\
G\x1eH\xd0H\x1bI\xffH~H\x98GQF\xaa\
D\xa6BK@\x9c=\x9d:U7\xc93\xfe/\xfc\
+\xca'm#\xed\x1eR\x1a\xa2\x15\xe5\x10#\x0cc\
\x07\xab\x02\x05\xfet\xf9\x00\xf5\xb1\xf0\x8b\xec\x94\xe8\xd2\
\xe4H\xe1\xfd\xdd\xf3\xda-\xd8\xb0\xd5|\xd3\x93\xd1\xf8\
\xcf\xaa\xce\xab\xcd\xf8\xcc\x92\xccx\xcc\xa7\xcc\x1d\xcd\xd7\
\xcd\xd3\xce\x0c\xd0\x80\xd1)\xd3\x04\xd5\x0c\xd7<\xd9\x8f\
\xdb\x00\xde\x8b\xe0)\xe3\xd6\xe5\x8c\xe8G\xeb\x03\xee\xb9\
\xf0g\xf3\x07\xf6\x95\xf8\x0f\xfbp\xfd\xb5\xff\xdc\x01\xe3\
\x03\xc7\x05\x87\x07\x22\x09\x96\x0a\xe4\x0b\x0a\x0d\x0a\x0e\xe4\
\x0e\x99\x0f)\x10\x98\x10\xe5\x10\x14\x11&\x11\x1e\x11\xff\
\x10\xcb\x10\x84\x10/\x10\xcd\x0fb\x0f\xf1\x0e|\x0e\x05\
\x0e\x91\x0d \x0d\xb6\x0cU\x0c\xfd\x0b\xb2\x0bt\x0bE\
\x0b&\x0b\x16\x0b\x17\x0b)\x0bJ\x0b|\x0b\xbd\x0b\x0b\
\x0cg\x0c\xcd\x0c=\x0d\xb5\x0d2\x0e\xb2\x0e2\x0f\xb1\
\x0f,\x10\xa0\x10\x09\x11g\x11\xb5\x11\xf2\x11\x1b\x12-\
\x12'\x12\x06\x12\xc8\x11m\x11\xf2\x10V\x10\x98\x0f\xb9\
\x0e\xb7\x0d\x92\x0cK\x0b\xe3\x09[\x08\xb3\x06\xed\x04\x0c\
\x03\x11\x01\x00\xff\xd9\xfc\xa1\xfa[\xf8\x09\xf6\xb1\xf3T\
\xf1\xf8\xee\x9f\xecO\xea\x0b\xe8\xd7\xe5\xb7\xe3\xaf\xe1\xc3\
\xdf\xf7\xddN\xdc\xcb\xdas\xd9H\xd8L\xd7\x82\xd6\xed\
\xd5\x8d\xd5f\xd5w\xd5\xc1\xd5F\xd6\x04\xd7\xfd\xd7.\
\xd9\x98\xda8\xdc\x0d\xde\x15\xe0N\xe2\xb3\xe4C\xe7\xfb\
\xe9\xd5\xec\xd0\xef\xe6\xf2\x13\xf6T\xf9\xa2\xfc\xfb\xffX\
\x03\xb6\x06\x10\x0aa\x0d\xa4\x10\xd6\x13\xf0\x16\xf0\x19\xd1\
\x1c\x8f\x1f'\x22\x94$\xd4&\xe4(\xc2*j,\xdb\
-\x13/\x110\xd30Z1\xa41\xb31\x851\x1c\
1x0\x9c/\x88.>-\xc1+\x12*5(+\
&\xf9#\xa0!%\x1f\x8b\x1c\xd4\x19\x05\x17\x22\x14-\
\x11*\x0e\x1e\x0b\x0b\x08\xf5\x04\xe0\x01\xd0\xfe\xc6\xfb\xc6\
\xf8\xd4\xf5\xf2\xf2$\xf0k\xed\xca\xeaD\xe8\xdb\xe5\x90\
\xe3e\xe1]\xdfx\xdd\xb7\xdb\x1c\xda\xa8\xd8\x5c\xd77\
\xd6;\xd5h\xd4\xbe\xd3>\xd3\xe6\xd2\xb8\xd2\xb2\xd2\xd4\
\xd2\x1f\xd3\x90\xd3)\xd4\xe8\xd4\xcc\xd5\xd5\xd6\x01\xd8P\
\xd9\xc1\xdaR\xdc\x03\xde\xd3\xdf\xc0\xe1\xc8\xe3\xec\xe5(\
\xe8|\xea\xe7\xecf\xef\xf8\xf1\x9c\xf4O\xf7\x0f\xfa\xdb\
\xfc\xb1\xff\x8d\x02p\x05U\x08<\x0b \x0e\x00\x11\xd9\
\x13\xa8\x16k\x19\x1f\x1c\xc1\x1eN!\xc3#\x1e&[\
(x*q,E.\xf0/o1\xc02\xe13\xcf\
4\x885\x0b6T6d686\xcf5)5E\
4\x223\xc11#0G./,\xdb)O'\x8c\
$\x94!j\x1e\x10\x1b\x8b\x17\xdf\x13\x0e\x10\x1d\x0c\x11\
\x08\xef\x03\xbc\xff|\xfb5\xf7\xec\xf2\xa8\xeem\xeaC\
\xe6-\xe23\xdeZ\xda\xa7\xd6 \xd3\xca\xcf\xaa\xcc\xc6\
\xc9!\xc7\xc1\xc4\xa9\xc2\xdc\xc0^\xbf3\xbe[\xbd\xd9\
\xbc\xae\xbc\xdc\xbcc\xbdC\xbez\xbf\x09\xc1\xed\xc2%\
\xc5\xad\xc7\x82\xca\xa1\xcd\x06\xd1\xad\xd4\x8f\xd8\xa9\xdc\xf3\
\xe0j\xe5\x05\xea\xbe\xee\x90\xf3r\xf8^\xfdL\x026\
\x07\x15\x0c\xe2\x10\x95\x15'\x1a\x93\x1e\xd1\x22\xdc&\xad\
*@.\x8f1\x964Q7\xbb9\xd1;\x92=\xfa\
>\x09@\xbc@\x14A\x11A\xb4@\xfd?\xee>\x8a\
=\xd4;\xce9}7\xe54\x0a2\xf2.\xa1+\x1e\
(n$\x98 \xa1\x1c\x91\x18m\x14=\x10\x07\x0c\xd1\
\x07\xa2\x03\x81\xffs\xfb~\xf7\xa8\xf3\xf6\xefm\xec\x13\
\xe9\xeb\xe5\xfa\xe2B\xe0\xc7\xdd\x8c\xdb\x92\xd9\xdb\xd7h\
\xd6;\xd5S\xd4\xaf\xd3O\xd33\xd3W\xd3\xbb\xd3[\
\xd45\xd5E\xd6\x89\xd7\xfc\xd8\x9b\xdaa\xdcI\xdeP\
\xe0q\xe2\xa7\xe4\xed\xe6?\xe9\x99\xeb\xf5\xedP\xf0\xa5\
\xf2\xf0\xf4-\xf7Y\xf9q\xfbq\xfdX\xff \x01\xcc\
\x02W\x04\xc0\x05\x08\x07,\x08-\x09\x0a\x0a\xc5\x0a^\
\x0b\xd6\x0b/\x0ci\x0c\x87\x0c\x8c\x0cx\x0cP\x0c\x14\
\x0c\xc9\x0bq\x0b\x0f\x0b\xa5\x0a7\x0a\xc8\x09Y\x09\xef\
\x08\x8b\x080\x08\xdf\x07\x9c\x07g\x07C\x071\x071\
\x07D\x07l\x07\xa7\x07\xf7\x07Z\x08\xd0\x08W\x09\xf0\
\x09\x97\x0aK\x0b\x0b\x0c\xd3\x0c\xa3\x0dv\x0eK\x0f\x1e\
\x10\xec\x10\xb4\x11p\x12 \x13\xbf\x13J\x14\xbf\x14\x1c\
\x15\x5c\x15\x7f\x15\x82\x15c\x15 \x15\xb8\x14)\x14s\
\x13\x95\x12\x90\x11b\x10\x0d\x0f\x91\x0d\xef\x0b*\x0aB\
\x08:\x06\x14\x04\xd3\x01|\xff\x0f\xfd\x90\xfa\x04\xf8o\
\xf5\xd4\xf29\xf0\xa0\xed\x0f\xeb\x8a\xe8\x15\xe6\xb5\xe3n\
\xe1E\xdf=\xddZ\xdb\xa0\xd9\x14\xd8\xb7\xd6\x8d\xd5\x99\
\xd4\xde\xd3\x5c\xd3\x16\xd3\x0e\xd3D\xd3\xb8\xd3k\xd4]\
\xd5\x8d\xd6\xfa\xd7\xa2\xd9\x84\xdb\x9d\xdd\xeb\xdfj\xe2\x19\
\xe5\xf2\xe7\xf2\xea\x15\xeeW\xf1\xb4\xf4%\xf8\xa7\xfb4\
\xff\xc7\x02]\x06\xee\x09w\x0d\xf2\x10Z\x14\xaa\x17\xde\
\x1a\xf1\x1d\xde \xa3#:&\xa1(\xd4*\xd0,\x93\
.\x1a0c1m273\xc03\x084\x0e4\xd3\
3W3\x9c2\xa31n0\xfe.V-y+i\
))'\xbd$)\x22o\x1f\x94\x1c\x9c\x19\x8a\x16c\
\x13+\x10\xe6\x0c\x97\x09D\x06\xf0\x02\xa1\xffW\xfc\x18\
\xf9\xe7\xf5\xc9\xf2\xbf\xef\xce\xec\xf9\xe9A\xe7\xab\xe47\
\xe2\xe8\xdf\xc1\xdd\xc3\xdb\xef\xd9F\xd8\xcb\xd6}\xd5]\
\xd4l\xd3\xa9\xd2\x16\xd2\xb1\xd1{\xd1s\xd1\x99\xd1\xeb\
\xd1i\xd2\x11\xd3\xe4\xd3\xde\xd4\x00\xd6G\xd7\xb3\xd8A\
\xda\xf0\xdb\xbf\xdd\xab\xdf\xb2\xe1\xd4\xe3\x0e\xe6^\xe8\xc2\
\xea9\xed\xc0\xefV\xf2\xf8\xf4\xa4\xf7Y\xfa\x14\xfd\xd4\
\xff\x94\x02V\x05\x15\x08\xd0\x0a\x85\x0d1\x10\xd2\x12f\
\x15\xea\x17]\x1a\xbd\x1c\x06\x1f7!M#G%\x22\
'\xdb(r*\xe4+.-P.G/\x110\xae\
0\x1b1W1b1:1\xde0N0\x8a/\x90\
.b-\x00,j*\xa1(\xa6&z$\x1f\x22\x97\
\x1f\xe4\x1c\x08\x1a\x06\x17\xe0\x13\x9b\x108\x0d\xbd\x09,\
\x06\x8a\x02\xdb\xfe#\xfbg\xf7\xaa\xf3\xf3\xefF\xec\xa6\
\xe8\x1b\xe5\xa7\xe1Q\xde\x1c\xdb\x0d\xd8)\xd5s\xd2\xf1\
\xcf\xa6\xcd\x96\xcb\xc3\xc92\xc8\xe4\xc6\xdd\xc5\x1e\xc5\xa9\
\xc4\x7f\xc4\xa2\xc4\x11\xc5\xcd\xc5\xd5\xc6(\xc8\xc6\xc9\xab\
\xcb\xd7\xcdF\xd0\xf6\xd2\xe3\xd5\x09\xd9d\xdc\xf1\xdf\xa8\
\xe3\x87\xe7\x87\xeb\xa3\xef\xd5\xf3\x18\xf8d\xfc\xb4\x00\x02\
\x05I\x09\x81\x0d\xa4\x11\xad\x15\x96\x19Y\x1d\xf1 Y\
$\x8c'\x85*A-\xba/\xef1\xdd3\x805\xd6\
6\xdf7\x998\x039\x1e9\xe98f8\x977|\
6\x185n3\x821V/\xee,P*\x7f'\x80\
$X!\x0d\x1e\xa4\x1a#\x17\x8f\x13\xef\x0fG\x0c\x9e\
\x08\xf9\x04^\x01\xd3\xfd\x5c\xfa\xff\xf6\xbf\xf3\xa3\xf0\xad\
\xed\xe2\xeaF\xe8\xdb\xe5\xa4\xe3\xa4\xe1\xdd\xdfO\xde\xfd\
\xdc\xe6\xdb\x0b\xdbl\xda\x09\xda\xdf\xd9\xee\xd93\xda\xae\
\xdaZ\xdb7\xdc?\xddq\xde\xc9\xdfB\xe1\xd9\xe2\x8b\
\xe4S\xe6,\xe8\x14\xea\x05\xec\xfc\xed\xf5\xef\xeb\xf1\xdc\
\xf3\xc4\xf5\x9f\xf7j\xf9\x22\xfb\xc6\xfcR\xfe\xc4\xff\x1a\
\x01U\x02r\x03p\x04P\x05\x11\x06\xb4\x069\x07\xa0\
\x07\xeb\x07\x1c\x084\x085\x08 \x08\xfa\x07\xc2\x07}\
\x07-\x07\xd5\x06v\x06\x15\x06\xb4\x05U\x05\xfc\x04\xaa\
\x04b\x04'\x04\xfa\x03\xdd\x03\xd1\x03\xd9\x03\xf5\x03&\
\x04m\x04\xca\x04=\x05\xc5\x05b\x06\x14\x07\xd8\x07\xae\
\x08\x94\x09\x88\x0a\x87\x0b\x8f\x0c\x9f\x0d\xb2\x0e\xc5\x0f\xd7\
\x10\xe4\x11\xe8\x12\xe1\x13\xca\x14\xa2\x15e\x16\x0f\x17\x9e\
\x17\x10\x18`\x18\x8e\x18\x97\x18y\x183\x18\xc2\x17'\
\x17`\x16m\x15N\x14\x03\x13\x8d\x11\xed\x0f%\x0e6\
\x0c\x22\x0a\xed\x07\x97\x05&\x03\x9b\x00\xfc\xfdJ\xfb\x8b\
\xf8\xc2\xf5\xf5\xf2'\xf0^\xed\x9d\xea\xeb\xe7J\xe5\xc1\
\xe2S\xe0\x06\xde\xdd\xdb\xdc\xd9\x08\xd8d\xd6\xf3\xd4\xba\
\xd3\xb9\xd2\xf5\xd1n\xd1(\xd1\x22\xd1^\xd1\xdd\xd1\x9e\
\xd2\xa1\xd3\xe6\xd4j\xd6-\xd8-\xdaf\xdc\xd6\xde{\
\xe1P\xe4R\xe7|\xea\xca\xed7\xf1\xbf\xf4\x5c\xf8\x0a\
\xfc\xc3\xff\x80\x03>\x07\xf8\x0a\xa6\x0eE\x12\xce\x15=\
\x19\x8d\x1c\xb9\x1f\xbc\x22\x93%8(\xaa*\xe3,\xe1\
.\xa20#2b3]4\x145\x865\xb35\x99\
5;5\x994\xb43\x8d2(1\x85/\xa8-\x93\
+J)\xd0&)$Y!d\x1eM\x1b\x1a\x18\xcf\
\x14p\x11\x02\x0e\x89\x0a\x0a\x07\x8a\x03\x0c\x00\x96\xfc+\
\xf9\xcf\xf5\x87\xf2V\xef?\xecG\xe9p\xe6\xbd\xe31\
\xe1\xce\xde\x97\xdc\x8d\xda\xb2\xd8\x07\xd7\x8e\xd5G\xd44\
\xd3S\xd2\xa7\xd1.\xd1\xe8\xd0\xd4\xd0\xf2\xd0A\xd1\xc0\
\xd1m\xd2H\xd3M\xd4}\xd5\xd4\xd6Q\xd8\xf2\xd9\xb5\
\xdb\x97\xdd\x96\xdf\xb1\xe1\xe5\xe3/\xe6\x8d\xe8\xfd\xea}\
\xed\x09\xf0\xa1\xf2A\xf5\xe7\xf7\x91\xfa=\xfd\xe8\xff\x91\
\x025\x05\xd2\x07g\x0a\xf1\x0co\x0f\xdd\x11;\x14\x87\
\x16\xbf\x18\xe0\x1a\xea\x1c\xdb\x1e\xb1 j\x22\x05$\x81\
%\xdb&\x13(()\x18*\xe2*\x84+\xff+Q\
,y,v,I,\xf1+m+\xbd*\xe1)\xda\
(\xa7'J&\xc3$\x13#:!;\x1f\x16\x1d\xcd\
\x1ab\x18\xd8\x15/\x13k\x10\x8f\x0d\x9c\x0a\x97\x07\x81\
\x04_\x015\xfe\x03\xfb\xd0\xf7\x9e\xf4r\xf1O\xee9\
\xeb3\xe8C\xe5l\xe2\xb1\xdf\x16\xdd\xa0\xdaQ\xd8,\
\xd66\xd4q\xd2\xe0\xd0\x86\xcfd\xce~\xcd\xd4\xcch\
\xcc<\xccO\xcc\xa3\xcc8\xcd\x0e\xce#\xcfw\xd0\x09\
\xd2\xd7\xd3\xde\xd5\x1d\xd8\x91\xda6\xdd\x0a\xe0\x08\xe3-\
\xe6u\xe9\xda\xecZ\xf0\xee\xf3\x92\xf7@\xfb\xf4\xfe\xa8\
\x02X\x06\xfe\x09\x95\x0d\x17\x11\x81\x14\xcc\x17\xf5\x1a\xf7\
\x1d\xcd t#\xe8%&(**\xf2+|-\xc5\
.\xcd/\x910\x121O1H1\xfe0q0\xa3\
/\x96.L-\xc8+\x0b*\x1a(\xf8%\xa9#1\
!\x93\x1e\xd5\x1b\xfb\x18\x0a\x16\x06\x13\xf5\x0f\xdb\x0c\xbe\
\x09\xa1\x06\x8b\x03\x7f\x00\x84\xfd\x9b\xfa\xc9\xf7\x14\xf5~\
\xf2\x0a\xf0\xbd\xed\x98\xeb\x9f\xe9\xd3\xe76\xe6\xc9\xe4\x8e\
\xe3\x85\xe2\xaf\xe1\x0c\xe1\x9a\xe0Z\xe0J\xe0h\xe0\xb4\
\xe0*\xe1\xc9\xe1\x8e\xe2v\xe3\x7f\xe4\xa5\xe5\xe4\xe6:\
\xe8\xa4\xe9\x1c\xeb\xa1\xec.\xee\xc0\xefT\xf1\xe6\xf2t\
\xf4\xf9\xf5t\xf7\xe2\xf8?\xfa\x8b\xfb\xc3\xfc\xe6\xfd\xf1\
\xfe\xe4\xff\xbe\x00\x7f\x01'\x02\xb5\x02*\x03\x86\x03\xca\
\x03\xf8\x03\x10\x04\x15\x04\x08\x04\xec\x03\xc1\x03\x8b\x03K\
\x03\x05\x03\xbb\x02o\x02$\x02\xdd\x01\x9b\x01b\x013\
\x01\x10\x01\xfd\x00\xf9\x00\x08\x01*\x01`\x01\xac\x01\x0e\
\x02\x86\x02\x15\x03\xba\x03u\x04E\x05)\x06\x1f\x07'\
\x08>\x09b\x0a\x91\x0b\xc9\x0c\x06\x0eF\x0f\x86\x10\xc2\
\x11\xf8\x12$\x14C\x15R\x16N\x172\x18\xfc\x18\xaa\
\x198\x1a\xa4\x1a\xea\x1a\x0a\x1b\x00\x1b\xcc\x1al\x1a\xde\
\x19#\x199\x18 \x17\xda\x15f\x14\xc5\x12\xf9\x10\x04\
\x0f\xe7\x0c\xa5\x0aB\x08\xbf\x05 \x03j\x00\xa0\xfd\xc6\
\xfa\xe0\xf7\xf2\xf4\x02\xf2\x15\xef.\xecS\xe9\x89\xe6\xd4\
\xe3:\xe1\xbf\xdeg\xdc7\xda3\xd8_\xd6\xbf\xd4V\
\xd3&\xd24\xd1\x80\xd0\x0d\xd0\xdd\xcf\xf1\xcfI\xd0\xe6\
\xd0\xc8\xd1\xed\xd2V\xd4\xff\xd5\xe9\xd7\x10\xdaq\xdc\x0a\
\xdf\xd7\xe1\xd4\xe4\xfd\xe7M\xeb\xc1\xeeS\xf2\xfe\xf5\xbc\
\xf9\x88\xfd]\x015\x05\x0b\x09\xd8\x0c\x98\x10D\x14\xd8\
\x17N\x1b\xa1\x1e\xcd!\xcc$\x9a'4*\x95,\xbb\
.\xa20H2\xab3\xc84\x9f5.6u6t\
6+6\x9b5\xc44\xaa3L2\xaf0\xd4.\xbe\
,q*\xf0'>%a\x22]\x1f4\x1c\xed\x18\x8c\
\x15\x16\x12\x8f\x0e\xfd\x0ad\x07\xc8\x030\x00\xa0\xfc\x1b\
\xf9\xa7\xf5G\xf2\x00\xef\xd6\xeb\xcc\xe8\xe5\xe5&\xe3\x90\
\xe0'\xde\xec\xdb\xe2\xd9\x0b\xd8h\xd6\xf9\xd4\xc1\xd3\xbf\
\xd2\xf4\xd1`\xd1\x03\xd1\xdb\xd0\xe9\xd0+\xd1\xa0\xd1G\
\xd2\x1e\xd3\x22\xd4S\xd5\xae\xd61\xd8\xd9\xd9\xa4\xdb\x90\
\xdd\x99\xdf\xbd\xe1\xf9\xe3L\xe6\xb1\xe8&\xeb\xa9\xed7\
\xf0\xcd\xf2h\xf5\x07\xf8\xa6\xfaC\xfd\xdd\xffn\x02\xf9\
\x04x\x07\xec\x09P\x0c\xa4\x0e\xe7\x10\x15\x13/\x151\
\x17\x1c\x19\xed\x1a\xa4\x1c?\x1e\xbd\x1f\x1d!^\x22\x80\
#\x82$c%\x22&\xbf&9'\x90'\xc4'\xd3\
'\xbf'\x87'+'\xab&\x07&?%T$F\
#\x16\x22\xc5 R\x1f\xc0\x1d\x0f\x1c@\x1aU\x18N\
\x16.\x14\xf7\x11\xa9\x0fG\x0d\xd3\x0aO\x08\xbe\x05\x22\
\x03}\x00\xd3\xfd%\xfbv\xf8\xca\xf5#\xf3\x85\xf0\xf2\
\xedm\xeb\xfa\xe8\x9b\xe6S\xe4'\xe2\x17\xe0'\xde[\
\xdc\xb3\xda4\xd9\xde\xd7\xb5\xd6\xba\xd5\xef\xd4U\xd4\xee\
\xd3\xbb\xd3\xbc\xd3\xf3\xd3^\xd4\xff\xd4\xd5\xd5\xde\xd6\x1c\
\xd8\x8b\xd9+\xdb\xfa\xdc\xf6\xde\x1c\xe1j\xe3\xdd\xe5r\
\xe8&\xeb\xf5\xed\xdb\xf0\xd5\xf3\xdf\xf6\xf5\xf9\x12\xfd1\
\x00P\x03i\x06y\x09{\x0ck\x0fD\x12\x03\x15\xa5\
\x17$\x1a\x7f\x1c\xb1\x1e\xb8 \x90\x228$\xae%\xee\
&\xf9'\xcc(h)\xca)\xf4)\xe5)\x9e)\x1f\
)k(\x82'f&\x1a%\xa0#\xfb!- :\
\x1e&\x1c\xf3\x19\xa5\x17B\x15\xcb\x12F\x10\xb6\x0d \
\x0b\x88\x08\xf2\x05a\x03\xd9\x00`\xfe\xf7\xfb\xa2\xf9d\
\xf7A\xf5<\xf3V\xf1\x92\xef\xf2\xedw\xec$\xeb\xf8\
\xe9\xf6\xe8\x1c\xe8l\xe7\xe5\xe6\x87\xe6P\xe6@\xe6V\
\xe6\x8f\xe6\xeb\xe6f\xe7\x00\xe8\xb5\xe8\x83\xe9g\xea^\
\xebf\xec|\xed\x9d\xee\xc6\xef\xf4\xf0$\xf2T\xf3\x81\
\xf4\xa8\xf5\xc7\xf6\xdc\xf7\xe6\xf8\xe1\xf9\xcd\xfa\xa7\xfbp\
\xfc'\xfd\xc9\xfdX\xfe\xd3\xfe:\xff\x8e\xff\xce\xff\xfd\
\xff\x1a\x00'\x00'\x00\x1a\x00\x02\x00\xe2\xff\xba\xff\x8e\
\xff^\xff.\xff\x00\xff\xd6\xfe\xb2\xfe\x97\xfe\x85\xfe\x81\
\xfe\x8a\xfe\xa3\xfe\xcd\xfe\x0a\xff[\xff\xc1\xff:\x00\xcb\
\x00q\x01-\x02\xfe\x02\xe5\x03\xdf\x04\xeb\x05\x09\x077\
\x08r\x09\xb9\x0a\x09\x0c`\x0d\xba\x0e\x16\x10p\x11\xc5\
\x12\x11\x14S\x15\x86\x16\xa7\x17\xb2\x18\xa6\x19\x7f\x1a9\
\x1b\xd2\x1bH\x1c\x97\x1c\xbf\x1c\xbc\x1c\x8e\x1c2\x1c\xa8\
\x1b\xf0\x1a\x07\x1a\xf0\x18\xa9\x174\x16\x91\x14\xc2\x12\xc8\
\x10\xa6\x0e^\x0c\xf3\x09h\x07\xc0\x04\xff\x01*\xffB\
\xfcN\xf9Q\xf6P\xf3Q\xf0W\xedh\xea\x89\xe7\xbe\
\xe4\x0d\xe2z\xdf\x09\xdd\xbf\xda\xa1\xd8\xb2\xd6\xf6\xd4q\
\xd3&\xd2\x17\xd1G\xd0\xb9\xcfm\xcff\xcf\xa4\xcf'\
\xd0\xef\xd0\xfd\xd1O\xd3\xe3\xd4\xb9\xd6\xce\xd8\x1e\xdb\xa8\
\xddh\xe0Z\xe3z\xe6\xc4\xe93\xed\xc2\xf0l\xf4,\
\xf8\xfc\xfb\xd6\xff\xb5\x03\x94\x07m\x0b9\x0f\xf4\x12\x98\
\x16\x1f\x1a\x85\x1d\xc3 \xd6#\xb9&h)\xdf+\x1b\
.\x170\xd21I3{4e5\x066^6m\
636\xb05\xe54\xd53\x802\xe90\x14/\x01\
-\xb6*5(\x83%\xa3\x22\x9a\x1fm\x1c\x1f\x19\xb7\
\x159\x12\xa9\x0e\x0e\x0bk\x07\xc7\x03%\x00\x8d\xfc\x00\
\xf9\x84\xf5\x1e\xf2\xd2\xee\xa4\xeb\x98\xe8\xb2\xe5\xf4\xe2b\
\xe0\xfe\xdd\xcb\xdb\xcb\xd9\x00\xd8k\xd6\x0e\xd5\xe9\xd3\xfc\
\xd2I\xd2\xce\xd1\x8c\xd1\x81\xd1\xae\xd1\x0f\xd2\xa5\xd2m\
\xd3f\xd4\x8d\xd5\xe0\xd6\x5c\xd8\xff\xd9\xc7\xdb\xb0\xdd\xb7\
\xdf\xda\xe1\x16\xe4g\xe6\xcb\xe8>\xeb\xbd\xedF\xf0\xd5\
\xf2i\xf5\xfd\xf7\x8f\xfa\x1d\xfd\xa4\xff!\x02\x93\x04\xf8\
\x06M\x09\x90\x0b\xc1\x0d\xdc\x0f\xe2\x11\xcf\x13\xa4\x15_\
\x17\xff\x18\x83\x1a\xea\x1b4\x1d`\x1en\x1f] .\
!\xdf!q\x22\xe4\x227#l#\x81#x#P\
#\x0a#\xa6\x22$\x22\x86!\xcb \xf4\x1f\x02\x1f\xf5\
\x1d\xce\x1c\x8f\x1b7\x1a\xc7\x18A\x17\xa6\x15\xf7\x135\
\x12`\x10{\x0e\x88\x0c\x86\x0ax\x08`\x06?\x04\x17\
\x02\xeb\xff\xbb\xfd\x89\xfbY\xf9+\xf7\x02\xf5\xe0\xf2\xc7\
\xf0\xba\xee\xbb\xec\xcd\xea\xf0\xe8(\xe7w\xe5\xde\xe3a\
\xe2\x00\xe1\xbf\xdf\x9e\xde\x9f\xdd\xc5\xdc\x0f\xdc\x81\xdb\x1a\
\xdb\xdc\xda\xc8\xda\xde\xda\x1e\xdb\x89\xdb\x1e\xdc\xde\xdc\xc8\
\xdd\xda\xde\x15\xe0w\xe1\xfe\xe2\xa9\xe4v\xe6c\xe8m\
\xea\x93\xec\xd2\xee&\xf1\x8e\xf3\x05\xf6\x89\xf8\x16\xfb\xaa\
\xfd?\x00\xd4\x02d\x05\xee\x07k\x0a\xdb\x0c8\x0f\x80\
\x11\xb0\x13\xc5\x15\xbb\x17\x91\x19D\x1b\xd1\x1c7\x1es\
\x1f\x85 k!#\x22\xae\x22\x0a#8#7#\x08\
#\xac\x22$\x22p!\x93 \x8d\x1fb\x1e\x12\x1d\xa1\
\x1b\x11\x1ae\x18\xa0\x16\xc4\x14\xd5\x12\xd6\x10\xca\x0e\xb5\
\x0c\x9a\x0a|\x08_\x06E\x042\x02)\x00.\xfeA\
\xfcg\xfa\xa1\xf8\xf2\xf6\x5c\xf5\xe0\xf3\x81\xf2?\xf1\x1c\
\xf0\x19\xef5\xeer\xed\xcf\xecM\xec\xea\xeb\xa7\xeb\x83\
\xeb{\xeb\x90\xeb\xbf\xeb\x07\xecf\xec\xdb\xecb\xed\xfb\
\xed\xa3\xeeW\xef\x16\xf0\xdc\xf0\xa9\xf1y\xf2K\xf3\x1c\
\xf4\xea\xf4\xb4\xf5x\xf64\xf7\xe6\xf7\x8e\xf8+\xf9\xbb\
\xf9>\xfa\xb3\xfa\x1a\xfbs\xfb\xbe\xfb\xfc\xfb-\xfcQ\
\xfck\xfcz\xfc\x80\xfc~\xfcv\xfcj\xfc[\xfcK\
\xfc<\xfc0\xfc(\xfc&\xfc-\xfc>\xfcZ\xfc\x84\
\xfc\xbd\xfc\x05\xfd_\xfd\xcc\xfdK\xfe\xde\xfe\x85\xff?\
\x00\x0f\x01\xf3\x01\xea\x02\xf3\x03\x0e\x05:\x06t\x07\xbc\
\x08\x0f\x0ak\x0b\xce\x0c6\x0e\x9f\x0f\x07\x11k\x12\xc8\
\x13\x1b\x15a\x16\x97\x17\xba\x18\xc6\x19\xb9\x1a\x90\x1bH\
\x1c\xde\x1cP\x1d\x9c\x1d\xbf\x1d\xb9\x1d\x86\x1d&\x1d\x98\
\x1c\xdc\x1b\xf0\x1a\xd6\x19\x8c\x18\x14\x17p\x15\x9f\x13\xa5\
\x11\x82\x0f:\x0d\xcf\x0aD\x08\x9d\x05\xdc\x02\x06\x00 \
\xfd,\xfa/\xf7/\xf4.\xf14\xeeC\xeba\xe8\x93\
\xe5\xde\xe2F\xe0\xcf\xdd\x7f\xdbY\xd9a\xd7\x9c\xd5\x0c\
\xd4\xb5\xd2\x99\xd1\xbc\xd0\x1f\xd0\xc4\xcf\xad\xcf\xd9\xcfK\
\xd0\x02\xd1\xfd\xd1<\xd3\xbe\xd4\x80\xd6\x82\xd8\xbf\xda7\
\xdd\xe4\xdf\xc4\xe2\xd3\xe5\x0c\xe9k\xec\xeb\xef\x87\xf3:\
\xf7\xfe\xfa\xce\xfe\xa3\x02z\x06L\x0a\x13\x0e\xc9\x11j\
\x15\xef\x18T\x1c\x93\x1f\xa8\x22\x8e%A(\xbd*\xfe\
,\x01/\xc40C2}3p4\x1b5}5\x96\
5e5\xed4,4&3\xdb1N0\x81.x\
,5*\xbd'\x13%;\x229\x1f\x13\x1c\xcd\x18k\
\x15\xf4\x11k\x0e\xd6\x0a;\x07\x9d\x03\x03\x00s\xfc\xee\
\xf8{\xf5\x1e\xf2\xdc\xee\xb9\xeb\xb9\xe8\xdf\xe5/\xe3\xab\
\xe0W\xde5\xdcG\xda\x8f\xd8\x0f\xd7\xc7\xd5\xb8\xd4\xe3\
\xd3G\xd3\xe5\xd2\xbc\xd2\xcb\xd2\x11\xd3\x8d\xd3=\xd4\x1f\
\xd51\xd6q\xd7\xdb\xd8n\xda&\xdc\x01\xde\xfc\xdf\x12\
\xe2B\xe4\x88\xe6\xe1\xe8H\xeb\xbc\xed9\xf0\xbc\xf2A\
\xf5\xc6\xf7H\xfa\xc5\xfc8\xff\xa0\x01\xfb\x03F\x06\x80\
\x08\xa6\x0a\xb7\x0c\xb1\x0e\x93\x10[\x12\x09\x14\x9b\x15\x11\
\x17j\x18\xa5\x19\xc3\x1a\xc3\x1b\xa5\x1ci\x1d\x0f\x1e\x97\
\x1e\x01\x1fO\x1f\x80\x1f\x96\x1f\x8f\x1fn\x1f3\x1f\xde\
\x1eq\x1e\xeb\x1dO\x1d\x9c\x1c\xd3\x1b\xf6\x1a\x04\x1a\x00\
\x19\xe9\x17\xc1\x16\x88\x15?\x14\xe8\x12\x83\x11\x11\x10\x93\
\x0e\x09\x0dv\x0b\xd9\x094\x08\x89\x06\xd7\x04 \x03f\
\x01\xab\xff\xed\xfd/\xfcs\xfa\xba\xf8\x05\xf7V\xf5\xae\
\xf3\x0e\xf2y\xf0\xef\xees\xed\x06\xec\xa9\xea^\xe9'\
\xe8\x04\xe7\xf8\xe5\x04\xe5(\xe4h\xe3\xc3\xe2:\xe2\xcf\
\xe1\x83\xe1W\xe1J\xe1^\xe1\x93\xe1\xe9\xe1`\xe2\xf8\
\xe2\xb2\xe3\x8b\xe4\x84\xe5\x9c\xe6\xd2\xe7%\xe9\x93\xea\x1b\
\xec\xbb\xedr\xef>\xf1\x1c\xf3\x0a\xf5\x06\xf7\x0e\xf9\x1e\
\xfb5\xfdP\xffk\x01\x84\x03\x9a\x05\xa8\x07\xac\x09\xa3\
\x0b\x8c\x0db\x0f$\x11\xcf\x12b\x14\xda\x155\x17q\
\x18\x8d\x19\x87\x1a_\x1b\x13\x1c\xa2\x1c\x0c\x1dQ\x1dp\
\x1dk\x1d@\x1d\xf0\x1c}\x1c\xe8\x1b1\x1bZ\x1ae\
\x19S\x18'\x17\xe2\x15\x86\x14\x17\x13\x96\x11\x06\x10i\
\x0e\xc3\x0c\x15\x0bb\x09\xad\x07\xf9\x05G\x04\x9b\x02\xf7\
\x00^\xff\xd0\xfdP\xfc\xe0\xfa\x81\xf96\xf8\x00\xf7\xdf\
\xf5\xd4\xf4\xe2\xf3\x07\xf3D\xf2\x9a\xf1\x09\xf1\x8f\xf0.\
\xf0\xe4\xef\xb0\xef\x92\xef\x89\xef\x93\xef\xb0\xef\xdd\xef\x19\
\xf0c\xf0\xb9\xf0\x19\xf1\x83\xf1\xf3\xf1i\xf2\xe3\xf2_\
\xf3\xdb\xf3W\xf4\xd2\xf4H\xf5\xbb\xf5(\xf6\x8f\xf6\xf0\
\xf6I\xf7\x9a\xf7\xe4\xf7%\xf8_\xf8\x91\xf8\xbc\xf8\xe1\
\xf8\xff\xf8\x19\xf9/\xf9B\xf9S\xf9d\xf9v\xf9\x8a\
\xf9\xa2\xf9\xbf\xf9\xe3\xf9\x10\xfaF\xfa\x86\xfa\xd4\xfa.\
\xfb\x97\xfb\x10\xfc\x99\xfc3\xfd\xdf\xfd\x9c\xfel\xffL\
\x00?\x01D\x02Y\x03~\x04\xb1\x05\xf2\x06?\x08\x96\
\x09\xf5\x0aZ\x0c\xc4\x0d/\x0f\x99\x10\xff\x11`\x13\xb7\
\x14\x02\x16?\x17j\x18\x81\x19\x81\x1af\x1b/\x1c\xd8\
\x1c`\x1d\xc4\x1d\x02\x1e\x18\x1e\x04\x1e\xc6\x1d\x5c\x1d\xc5\
\x1c\x00\x1c\x0e\x1b\xee\x19\xa1\x18(\x17\x83\x15\xb4\x13\xbc\
\x11\x9f\x0f]\x0d\xf9\x0aw\x08\xd9\x05$\x03Z\x00\x81\
\xfd\x9a\xfa\xac\xf7\xb9\xf4\xc8\xf1\xdb\xee\xf9\xeb%\xe9e\
\xe6\xbc\xe3/\xe1\xc4\xde}\xdc_\xdan\xd8\xae\xd6\x22\
\xd5\xcc\xd3\xb1\xd2\xd2\xd11\xd1\xd0\xd0\xb1\xd0\xd5\xd0;\
\xd1\xe5\xd1\xd1\xd2\x00\xd4p\xd5\x1f\xd7\x0b\xd93\xdb\x93\
\xdd)\xe0\xf0\xe2\xe5\xe5\x04\xe9I\xec\xaf\xef0\xf3\xc9\
\xf6s\xfa)\xfe\xe5\x01\xa4\x05_\x09\x0f\x0d\xb1\x10=\
\x14\xb0\x17\x04\x1b4\x1e;!\x14$\xbc&/)i\
+g-%/\xa20\xdc1\xd02}3\xe33\x02\
4\xd93h3\xb12\xb61w0\xf7.9-?\
+\x0c)\xa4&\x0c$F!W\x1eD\x1b\x12\x18\xc5\
\x14b\x11\xee\x0do\x0a\xe9\x06a\x03\xde\xffc\xfc\xf5\
\xf8\x99\xf5S\xf2)\xef\x1d\xec4\xe9r\xe6\xd9\xe3n\
\xe12\xdf(\xddR\xdb\xb3\xd9J\xd8\x1a\xd7\x22\xd6d\
\xd5\xe0\xd4\x94\xd4\x81\xd4\xa6\xd4\x01\xd5\x90\xd5S\xd6F\
\xd7h\xd8\xb6\xd9.\xdb\xcc\xdc\x8e\xdep\xe0o\xe2\x89\
\xe4\xb9\xe6\xfc\xe8P\xeb\xaf\xed\x18\xf0\x87\xf2\xf8\xf4i\
\xf7\xd6\xf9=\xfc\x9a\xfe\xea\x00.\x03`\x05\x80\x07\x8b\
\x09\x80\x0b\x5c\x0d\x1f\x0f\xc8\x10T\x12\xc5\x13\x18\x15M\
\x16e\x17_\x18:\x19\xf8\x19\x98\x1a\x1b\x1b\x82\x1b\xcc\
\x1b\xfc\x1b\x10\x1c\x0b\x1c\xee\x1b\xb9\x1bm\x1b\x0b\x1b\x95\
\x1a\x0b\x1ao\x19\xc1\x18\x03\x185\x17Z\x16p\x15{\
\x14z\x13n\x12X\x119\x10\x13\x0f\xe4\x0d\xaf\x0ct\
\x0b3\x0a\xee\x08\xa5\x07X\x06\x08\x05\xb6\x03b\x02\x0d\
\x01\xb9\xffe\xfe\x11\xfd\xbf\xfbo\xfa#\xf9\xdb\xf7\x97\
\xf6Y\xf5\x22\xf4\xf2\xf2\xcb\xf1\xad\xf0\x9a\xef\x92\xee\x96\
\xed\xa8\xec\xc9\xeb\xf9\xea:\xea\x8d\xe9\xf2\xe8k\xe8\xf8\
\xe7\x9b\xe7T\xe7%\xe7\x0c\xe7\x0c\xe7$\xe7V\xe7\xa1\
\xe7\x05\xe8\x82\xe8\x19\xe9\xc9\xe9\x92\xeas\xebk\xecz\
\xed\x9f\xee\xd9\xef'\xf1\x87\xf2\xf7\xf3w\xf5\x05\xf7\x9e\
\xf8B\xfa\xed\xfb\x9f\xfdT\xff\x0b\x01\xc2\x02v\x04&\
\x06\xcf\x07o\x09\x03\x0b\x8b\x0c\x03\x0ej\x0f\xbe\x10\xfd\
\x11%\x136\x14.\x15\x0b\x16\xcc\x16q\x17\xf9\x17d\
\x18\xb0\x18\xde\x18\xed\x18\xdf\x18\xb2\x18i\x18\x03\x18\x81\
\x17\xe5\x16/\x16b\x15}\x14\x83\x13v\x12X\x11)\
\x10\xed\x0e\xa5\x0dS\x0c\xf9\x0a\x9a\x096\x08\xd1\x06m\
\x05\x0a\x04\xac\x02T\x01\x03\x00\xbc\xfe\x7f\xfdN\xfc*\
\xfb\x15\xfa\x0f\xf9\x19\xf84\xf7a\xf6\x9f\xf5\xef\xf4Q\
\xf4\xc5\xf3J\xf3\xe1\xf2\x89\xf2A\xf2\x08\xf2\xdf\xf1\xc3\
\xf1\xb5\xf1\xb2\xf1\xba\xf1\xcd\xf1\xe8\xf1\x0a\xf24\xf2b\
\xf2\x96\xf2\xcc\xf2\x05\xf3@\xf3|\xf3\xb7\xf3\xf2\xf3,\
\xf4e\xf4\x9c\xf4\xd1\xf4\x04\xf55\xf5d\xf5\x91\xf5\xbe\
\xf5\xea\xf5\x16\xf6C\xf6q\xf6\xa1\xf6\xd5\xf6\x0d\xf7K\
\xf7\x8e\xf7\xd9\xf7,\xf8\x88\xf8\xef\xf8a\xf9\xe0\xf9k\
\xfa\x04\xfb\xab\xfba\xfc&\xfd\xfa\xfd\xde\xfe\xd0\xff\xd1\
\x00\xe2\x01\x00\x03,\x04d\x05\xa7\x06\xf4\x07I\x09\xa5\
\x0a\x06\x0ci\x0d\xce\x0e1\x10\x91\x11\xeb\x12<\x14\x82\
\x15\xba\x16\xe2\x17\xf7\x18\xf7\x19\xdf\x1a\xad\x1b]\x1c\xef\
\x1c`\x1d\xad\x1d\xd6\x1d\xd8\x1d\xb2\x1dc\x1d\xea\x1cG\
\x1cx\x1b~\x1aX\x19\x08\x18\x8f\x16\xec\x14\x22\x132\
\x11\x1e\x0f\xe8\x0c\x94\x0a#\x08\x98\x05\xf7\x02D\x00\x83\
\xfd\xb6\xfa\xe2\xf7\x0a\xf54\xf2d\xef\x9e\xec\xe6\xe9@\
\xe7\xb2\xe4?\xe2\xec\xdf\xbc\xdd\xb4\xdb\xd6\xd9'\xd8\xaa\
\xd6a\xd5P\xd4x\xd3\xdc\xd2~\xd2^\xd2}\xd2\xdd\
\xd2}\xd3]\xd4|\xd5\xd9\xd6t\xd8I\xdaW\xdc\x9c\
\xde\x13\xe1\xbb\xe3\x8f\xe6\x8b\xe9\xac\xec\xed\xefI\xf3\xbb\
\xf6>\xfa\xce\xfdd\x01\xfd\x04\x92\x08\x1e\x0c\x9c\x0f\x06\
\x13Y\x16\x8d\x19\xa0\x1c\x8b\x1fL\x22\xdd$;'c\
)Q+\x03-u.\xa7/\x960A1\xa81\xc9\
1\xa51=1\x910\xa2/r.\x03-X+t\
)X'\x0a%\x8b\x22\xe1\x1f\x10\x1d\x1c\x1a\x09\x17\xdc\
\x13\x9a\x10H\x0d\xeb\x09\x88\x06$\x03\xc4\xffl\xfc!\
\xf9\xe8\xf5\xc5\xf2\xbd\xef\xd3\xec\x0c\xeak\xe7\xf2\xe4\xa6\
\xe2\x88\xe0\x9c\xde\xe2\xdc^\xdb\x0f\xda\xf8\xd8\x18\xd8p\
\xd7\x01\xd7\xc8\xd6\xc7\xd6\xfc\xd6e\xd7\x01\xd8\xce\xd8\xca\
\xd9\xf3\xdaF\xdc\xc0\xdd^\xdf\x1e\xe1\xfc\xe2\xf5\xe4\x05\
\xe7*\xe9_\xeb\xa1\xed\xed\xef@\xf2\x96\xf4\xec\xf6?\
\xf9\x8b\xfb\xcf\xfd\x05\x00/\x02G\x04M\x06>\x08\x18\
\x0a\xd9\x0b\x81\x0d\x0e\x0f\x7f\x10\xd3\x11\x0a\x13#\x14\x1e\
\x15\xfc\x15\xbb\x16]\x17\xe1\x17J\x18\x96\x18\xc8\x18\xe0\
\x18\xdf\x18\xc6\x18\x97\x18S\x18\xfa\x17\x8f\x17\x13\x17\x86\
\x16\xeb\x15B\x15\x8d\x14\xcc\x13\x02\x130\x12U\x11t\
\x10\x8e\x0f\xa2\x0e\xb2\x0d\xbf\x0c\xca\x0b\xd2\x0a\xd9\x09\xde\
\x08\xe3\x07\xe7\x06\xec\x05\xf0\x04\xf5\x03\xfa\x02\x01\x02\x08\
\x01\x10\x00\x1a\xff%\xfe1\xfd?\xfcO\xfba\xfav\
\xf9\x8d\xf8\xa7\xf7\xc5\xf6\xe6\xf5\x0c\xf57\xf4g\xf3\x9d\
\xf2\xda\xf1\x1f\xf1l\xf0\xc2\xef\x22\xef\x8d\xee\x03\xee\x85\
\xed\x15\xed\xb3\xec_\xec\x1c\xec\xe8\xeb\xc6\xeb\xb6\xeb\xb8\
\xeb\xce\xeb\xf6\xeb3\xec\x83\xec\xe8\xeca\xed\xee\xed\x90\
\xeeE\xef\x0e\xf0\xea\xf0\xd8\xf1\xd8\xf2\xe8\xf3\x09\xf58\
\xf6t\xf7\xbd\xf8\x10\xfam\xfb\xd1\xfc<\xfe\xab\xff\x1b\
\x01\x8d\x02\xfe\x03l\x05\xd6\x069\x08\x93\x09\xe3\x0a(\
\x0c_\x0d\x87\x0e\x9e\x0f\xa3\x10\x94\x11q\x128\x13\xe8\
\x13\x81\x14\x01\x15h\x15\xb7\x15\xeb\x15\x06\x16\x08\x16\xf0\
\x15\xbf\x15u\x15\x13\x15\x9b\x14\x0b\x14g\x13\xaf\x12\xe3\
\x11\x06\x11\x19\x10\x1d\x0f\x14\x0e\xff\x0c\xe0\x0b\xb9\x0a\x8c\
\x09Y\x08#\x07\xeb\x05\xb3\x04|\x03H\x02\x18\x01\xef\
\xff\xcc\xfe\xb1\xfd\x9e\xfc\x96\xfb\x99\xfa\xa7\xf9\xc1\xf8\xe9\
\xf7\x1d\xf7_\xf6\xae\xf5\x0b\xf5v\xf4\xef\xf3u\xf3\x08\
\xf3\xa7\xf2S\xf2\x0b\xf2\xce\xf1\x9c\xf1t\xf1V\xf1@\
\xf13\xf1-\xf1.\xf16\xf1C\xf1V\xf1n\xf1\x8a\
\xf1\xab\xf1\xcf\xf1\xf8\xf1$\xf2S\xf2\x86\xf2\xbd\xf2\xf8\
\xf28\xf3{\xf3\xc4\xf3\x12\xf4f\xf4\xc0\xf4!\xf5\x8a\
\xf5\xfb\xf5t\xf6\xf7\xf6\x84\xf7\x1c\xf8\xbe\xf8l\xf9&\
\xfa\xec\xfa\xbe\xfb\x9d\xfc\x88\xfd\x80\xfe\x85\xff\x94\x00\xb0\
\x01\xd7\x02\x08\x04C\x05\x86\x06\xd1\x07!\x09v\x0a\xce\
\x0b'\x0d\x80\x0e\xd6\x0f(\x11t\x12\xb7\x13\xef\x14\x1b\
\x167\x17A\x188\x19\x19\x1a\xe1\x1a\x8f\x1b!\x1c\x95\
\x1c\xe8\x1c\x1a\x1d)\x1d\x12\x1d\xd7\x1ct\x1c\xea\x1b8\
\x1b_\x1a]\x193\x18\xe1\x16j\x15\xcd\x13\x0b\x12(\
\x10#\x0e\x00\x0c\xc1\x09h\x07\xf9\x04v\x02\xe3\xffC\
\xfd\x99\xfa\xea\xf78\xf5\x89\xf2\xe0\xefA\xed\xb0\xea2\
\xe8\xc9\xe5{\xe3K\xe1=\xdfT\xdd\x94\xdb\x00\xda\x9a\
\xd8f\xd7g\xd6\x9d\xd5\x0c\xd5\xb5\xd4\x98\xd4\xb8\xd4\x13\
\xd5\xab\xd5\x80\xd6\x8f\xd7\xda\xd8^\xda\x19\xdc\x0a\xde.\
\xe0\x82\xe2\x04\xe5\xaf\xe7\x81\xeau\xed\x88\xf0\xb4\xf3\xf6\
\xf6H\xfa\xa6\xfd\x0a\x01q\x04\xd5\x071\x0b\x7f\x0e\xbc\
\x11\xe2\x14\xec\x17\xd6\x1a\x9c\x1d9 \xa9\x22\xea$\xf7\
&\xce(l*\xce+\xf2,\xd8-~.\xe2.\x05\
/\xe6.\x86.\xe6-\x07-\xea+\x91*\xfe(5\
'8%\x0a#\xae )\x1e\x7f\x1b\xb3\x18\xca\x15\xc8\
\x12\xb3\x0f\x8e\x0c_\x09*\x06\xf4\x02\xc3\xff\x99\xfc{\
\xf9o\xf6y\xf3\x9c\xf0\xdd\xed?\xeb\xc5\xe8s\xe6K\
\xe4P\xe2\x85\xe0\xea\xde\x83\xddO\xdcP\xdb\x87\xda\xf3\
\xd9\x95\xd9l\xd9w\xd9\xb6\xd9'\xda\xc8\xda\x98\xdb\x94\
\xdc\xba\xdd\x08\xdfz\xe0\x0f\xe2\xc2\xe3\x91\xe5x\xe7t\
\xe9\x82\xeb\x9f\xed\xc6\xef\xf5\xf1(\xf4\x5c\xf6\x8e\xf8\xbb\
\xfa\xe0\xfc\xfa\xfe\x05\x01\x02\x03\xec\x04\xc2\x06\x82\x08*\
\x0a\xb9\x0b-\x0d\x86\x0e\xc3\x0f\xe3\x10\xe5\x11\xca\x12\x91\
\x13<\x14\xc9\x14:\x15\x8f\x15\xca\x15\xeb\x15\xf3\x15\xe3\
\x15\xbe\x15\x83\x156\x15\xd6\x14f\x14\xe7\x13Z\x13\xc1\
\x12\x1f\x12s\x11\xbf\x10\x05\x10F\x0f\x83\x0e\xbd\x0d\xf6\
\x0c-\x0ce\x0b\x9d\x0a\xd6\x09\x11\x09O\x08\x8e\x07\xd1\
\x06\x17\x06_\x05\xab\x04\xf9\x03K\x03\x9f\x02\xf5\x01M\
\x01\xa8\x00\x03\x00a\xff\xc0\xfe\x1e\xfe}\xfd\xdd\xfc<\
\xfc\x9b\xfb\xfa\xfaX\xfa\xb6\xf9\x14\xf9r\xf8\xd0\xf7.\
\xf7\x8d\xf6\xee\xf5P\xf5\xb4\xf4\x1c\xf4\x87\xf3\xf7\xf2l\
\xf2\xe7\xf1i\xf1\xf3\xf0\x86\xf0#\xf0\xca\xef~\xef>\
\xef\x0b\xef\xe7\xee\xd2\xee\xcc\xee\xd8\xee\xf4\xee\x22\xefb\
\xef\xb4\xef\x19\xf0\x91\xf0\x1b\xf1\xb7\xf1f\xf2'\xf3\xf9\
\xf3\xdb\xf4\xce\xf5\xcf\xf6\xdf\xf7\xfb\xf8$\xfaW\xfb\x93\
\xfc\xd6\xfd \xffm\x00\xbe\x01\x11\x03b\x04\xb2\x05\xfd\
\x06C\x08\x81\x09\xb6\x0a\xe1\x0b\xff\x0c\x0f\x0e\x10\x0f\x00\
\x10\xde\x10\xa9\x11_\x12\x01\x13\x8d\x13\x02\x14`\x14\xa6\
\x14\xd5\x14\xeb\x14\xea\x14\xd1\x14\xa0\x14X\x14\xfa\x13\x86\
\x13\xfc\x12^\x12\xae\x11\xea\x10\x16\x103\x0f@\x0eA\
\x0d6\x0c!\x0b\x04\x0a\xdf\x08\xb4\x07\x85\x06T\x05!\
\x04\xee\x02\xbc\x01\x8e\x00d\xff>\xfe\x1f\xfd\x07\xfc\xf7\
\xfa\xf0\xf9\xf3\xf8\x01\xf8\x1a\xf7>\xf6o\xf5\xac\xf4\xf5\
\xf3L\xf3\xaf\xf2\x1f\xf2\x9c\xf1&\xf1\xbd\xf0`\xf0\x0f\
\xf0\xca\xef\x91\xefc\xefA\xef)\xef\x1c\xef\x18\xef\x1f\
\xef/\xefH\xefk\xef\x96\xef\xca\xef\x07\xf0M\xf0\x9a\
\xf0\xf1\xf0P\xf1\xb7\xf1'\xf2\xa0\xf2\x22\xf3\xae\xf3B\
\xf4\xe0\xf4\x88\xf59\xf6\xf5\xf6\xba\xf7\x8a\xf8d\xf9I\
\xfa7\xfb0\xfc3\xfd@\xfeV\xfft\x00\x9c\x01\xcb\
\x02\x02\x04?\x05\x81\x06\xc8\x07\x12\x09^\x0a\xab\x0b\xf7\
\x0cA\x0e\x87\x0f\xc8\x10\x01\x121\x13W\x14o\x15y\
\x16r\x17Y\x18+\x19\xe7\x19\x8a\x1a\x14\x1b\x82\x1b\xd4\
\x1b\x06\x1c\x19\x1c\x0b\x1c\xda\x1b\x87\x1b\x10\x1bu\x1a\xb5\
\x19\xd1\x18\xc9\x17\x9c\x16L\x15\xda\x13E\x12\x91\x10\xbe\
\x0e\xcf\x0c\xc4\x0a\xa0\x08g\x06\x1a\x04\xbc\x01Q\xff\xda\
\xfc\x5c\xfa\xda\xf7W\xf5\xd7\xf2^\xf0\xf0\xed\x8f\xeb@\
\xe9\x06\xe7\xe5\xe4\xe1\xe2\xfc\xe0:\xdf\x9f\xdd,\xdc\xe5\
\xda\xcc\xd9\xe3\xd8-\xd8\xab\xd7^\xd7H\xd7i\xd7\xc2\
\xd7S\xd8\x1b\xd9\x1b\xdaQ\xdb\xbc\xdcZ\xde*\xe0)\
\xe2U\xe4\xab\xe6(\xe9\xc8\xeb\x89\xeee\xf1Z\xf4b\
\xf7z\xfa\x9e\xfd\xc6\x00\xf2\x03\x1b\x07=\x0aS\x0dX\
\x10H\x13\x1f\x16\xd8\x18o\x1b\xe1\x1d* F\x223\
$\xed%r'\xbf(\xd4)\xad*K+\xac+\xd1\
+\xb7+b+\xd0*\x02*\xfb(\xbd'H&\xa0\
$\xc7\x22\xc0 \x8f\x1e7\x1c\xbc\x19!\x17k\x14\x9e\
\x11\xbe\x0e\xd0\x0b\xd8\x08\xda\x05\xdc\x02\xe2\xff\xee\xfc\x07\
\xfa1\xf7n\xf4\xc4\xf15\xef\xc5\xecx\xeaQ\xe8Q\
\xe6|\xe4\xd4\xe2Y\xe1\x0f\xe0\xf5\xde\x0e\xdeX\xdd\xd6\
\xdc\x85\xdcg\xdcy\xdc\xbc\xdc.\xdd\xcd\xdd\x98\xde\x8c\
\xdf\xa7\xe0\xe7\xe1H\xe3\xc9\xe4f\xe6\x1c\xe8\xe8\xe9\xc6\
\xeb\xb4\xed\xaf\xef\xb2\xf1\xbb\xf3\xc7\xf5\xd2\xf7\xd9\xf9\xda\
\xfb\xd1\xfd\xbd\xff\x99\x01f\x03 \x05\xc5\x06T\x08\xca\
\x09(\x0bk\x0c\x93\x0d\xa0\x0e\x90\x0fd\x10\x1b\x11\xb6\
\x115\x12\x99\x12\xe3\x12\x12\x13)\x13)\x13\x12\x13\xe7\
\x12\xa8\x12W\x12\xf6\x11\x86\x11\x09\x11\x80\x10\xee\x0fS\
\x0f\xb2\x0e\x0c\x0ea\x0d\xb5\x0c\x07\x0cY\x0b\xad\x0a\x02\
\x0a[\x09\xb7\x08\x17\x08}\x07\xe7\x06W\x06\xcd\x05H\
\x05\xc9\x04O\x04\xdb\x03k\x03\x00\x03\x98\x024\x02\xd3\
\x01t\x01\x16\x01\xb9\x00\x5c\x00\xff\xff\xa0\xff@\xff\xdd\
\xfew\xfe\x0e\xfe\xa0\xfd/\xfd\xba\xfc@\xfc\xc1\xfb>\
\xfb\xb7\xfa+\xfa\x9b\xf9\x09\xf9s\xf8\xdb\xf7B\xf7\xa8\
\xf6\x0e\xf6u\xf5\xde\xf4K\xf4\xbb\xf32\xf3\xae\xf23\
\xf2\xc1\xf1X\xf1\xfb\xf0\xab\xf0h\xf03\xf0\x0e\xf0\xfa\
\xef\xf6\xef\x05\xf0&\xf0Z\xf0\xa1\xf0\xfc\xf0j\xf1\xed\
\xf1\x82\xf2,\xf3\xe8\xf3\xb6\xf4\x96\xf5\x86\xf6\x87\xf7\x96\
\xf8\xb3\xf9\xdd\xfa\x11\xfcO\xfd\x94\xfe\xe0\xff/\x01\x82\
\x02\xd7\x03*\x05z\x06\xc7\x07\x0d\x09K\x0a\x7f\x0b\xa7\
\x0c\xc3\x0d\xcf\x0e\xcc\x0f\xb7\x10\x8e\x11R\x12\x01\x13\x9a\
\x13\x1c\x14\x86\x14\xd8\x14\x12\x153\x15;\x15*\x15\x01\
\x15\xbf\x14f\x14\xf5\x13m\x13\xd0\x12\x1e\x12X\x11\x80\
\x10\x96\x0f\x9c\x0e\x93\x0d|\x0cZ\x0b-\x0a\xf8\x08\xbb\
\x07x\x061\x05\xe7\x03\x9c\x02Q\x01\x08\x00\xc3\xfe\x81\
\xfdF\xfc\x10\xfb\xe3\xf9\xbf\xf8\xa5\xf7\x96\xf6\x93\xf5\x9c\
\xf4\xb2\xf3\xd6\xf2\x08\xf2I\xf1\x99\xf0\xf8\xeff\xef\xe4\
\xeeq\xee\x0e\xee\xba\xedv\xedA\xed\x1b\xed\x05\xed\xfc\
\xec\x02\xed\x17\xed9\xedi\xed\xa6\xed\xf0\xedG\xee\xab\
\xee\x1a\xef\x96\xef\x1d\xf0\xb0\xf0N\xf1\xf7\xf1\xab\xf2j\
\xf33\xf4\x06\xf5\xe2\xf5\xc9\xf6\xb9\xf7\xb2\xf8\xb4\xf9\xbe\
\xfa\xd0\xfb\xea\xfc\x0b\xfe3\xff`\x00\x93\x01\xcc\x02\x08\
\x04G\x05\x89\x06\xcd\x07\x11\x09T\x0a\x95\x0b\xd3\x0c\x0d\
\x0eA\x0fo\x10\x93\x11\xae\x12\xbd\x13\xc0\x14\xb3\x15\x97\
\x16h\x17'\x18\xd1\x18d\x19\xe0\x19C\x1a\x8c\x1a\xb9\
\x1a\xc9\x1a\xbc\x1a\x90\x1aE\x1a\xdb\x19P\x19\xa4\x18\xd8\
\x17\xec\x16\xdf\x15\xb2\x14g\x13\xfd\x11u\x10\xd2\x0e\x15\
\x0d?\x0bQ\x09O\x07:\x05\x15\x03\xe2\x00\xa5\xfe^\
\xfc\x12\xfa\xc4\xf7v\xf5-\xf3\xeb\xf0\xb3\xee\x89\xeco\
\xeaj\xe8}\xe6\xa9\xe4\xf4\xe2^\xe1\xec\xdf\x9f\xdez\
\xdd\x80\xdc\xb1\xdb\x11\xdb\xa0\xda`\xdaQ\xdau\xda\xcb\
\xdaU\xdb\x11\xdc\xff\xdc\x1e\xden\xdf\xec\xe0\x98\xe2n\
\xe4m\xe6\x93\xe8\xdc\xeaE\xed\xcc\xefl\xf2#\xf5\xeb\
\xf7\xc2\xfa\xa3\xfd\x8a\x00s\x03Z\x06;\x09\x11\x0c\xd8\
\x0e\x8c\x11(\x14\xab\x16\x0e\x19O\x1bk\x1d_\x1f&\
!\xc0\x22)$_%b&.'\xc4'!(G\
(5(\xeb'i'\xb1&\xc4%\xa4$R#\xd0\
!! H\x1eG\x1c#\x1a\xde\x17{\x15\x00\x13n\
\x10\xcb\x0d\x1b\x0bb\x08\xa3\x05\xe3\x02&\x00q\xfd\xc6\
\xfa*\xf8\xa1\xf5.\xf3\xd4\xf0\x98\xee{\xec\x80\xea\xab\
\xe8\xfc\xe6w\xe5\x1d\xe4\xef\xe2\xee\xe1\x1b\xe1w\xe0\x02\
\xe0\xbb\xdf\xa2\xdf\xb7\xdf\xf8\xdfe\xe0\xfb\xe0\xb9\xe1\x9d\
\xe2\xa5\xe3\xce\xe4\x17\xe6{\xe7\xf9\xe8\x8e\xea6\xec\xef\
\xed\xb5\xef\x86\xf1^\xf3:\xf5\x18\xf7\xf4\xf8\xcb\xfa\x9c\
\xfcb\xfe\x1b\x00\xc7\x01b\x03\xea\x04_\x06\xbd\x07\x04\
\x093\x0aH\x0bD\x0c%\x0d\xeb\x0d\x96\x0e'\x0f\x9e\
\x0f\xfa\x0f>\x10i\x10|\x10z\x10b\x107\x10\xfa\
\x0f\xac\x0fP\x0f\xe5\x0ep\x0e\xf0\x0dg\x0d\xd9\x0cE\
\x0c\xad\x0b\x13\x0by\x0a\xe0\x09I\x09\xb4\x08$\x08\x99\
\x07\x14\x07\x96\x06\x1e\x06\xae\x05F\x05\xe5\x04\x8c\x04;\
\x04\xf1\x03\xae\x03q\x03:\x03\x09\x03\xdc\x02\xb3\x02\x8c\
\x02g\x02D\x02 \x02\xfb\x01\xd5\x01\xab\x01~\x01L\
\x01\x15\x01\xd7\x00\x93\x00G\x00\xf4\xff\x98\xff4\xff\xc7\
\xfeQ\xfe\xd2\xfdK\xfd\xbc\xfc%\xfc\x87\xfb\xe3\xfa9\
\xfa\x8b\xf9\xd8\xf8#\xf8m\xf7\xb7\xf6\x01\xf6N\xf5\x9f\
\xf4\xf6\xf3S\xf3\xb9\xf2(\xf2\xa2\xf1)\xf1\xbe\xf0b\
\xf0\x17\xf0\xdc\xef\xb5\xef\xa0\xef\xa0\xef\xb5\xef\xdf\xef\x1f\
\xf0u\xf0\xe1\xf0c\xf1\xfb\xf1\xa9\xf2l\xf3C\xf4.\
\xf5,\xf6;\xf7Z\xf8\x88\xf9\xc4\xfa\x0c\xfc^\xfd\xb9\
\xfe\x19\x00\x7f\x01\xe8\x02Q\x04\xba\x05\x1f\x07\x7f\x08\xd8\
\x09(\x0bm\x0c\xa5\x0d\xce\x0e\xe7\x0f\xed\x10\xe1\x11\xbf\
\x12\x87\x138\x14\xd1\x14P\x15\xb6\x15\x02\x162\x16H\
\x16B\x16\x22\x16\xe6\x15\x90\x15!\x15\x98\x14\xf6\x13=\
\x13n\x12\x89\x11\x90\x10\x85\x0fh\x0e<\x0d\x02\x0c\xbb\
\x0ai\x09\x0e\x08\xac\x06D\x05\xd8\x03j\x02\xfc\x00\x90\
\xff&\xfe\xc0\xfc`\xfb\x08\xfa\xb8\xf8s\xf79\xf6\x0c\
\xf5\xec\xf3\xdb\xf2\xd9\xf1\xe8\xf0\x07\xf09\xef|\xee\xd2\
\xed:\xed\xb6\xecE\xec\xe7\xeb\x9c\xebe\xebA\xeb0\
\xeb2\xebF\xebl\xeb\xa4\xeb\xed\xebG\xec\xb1\xec+\
\xed\xb5\xedM\xee\xf3\xee\xa8\xefi\xf07\xf1\x11\xf2\xf6\
\xf2\xe6\xf3\xe0\xf4\xe4\xf5\xf0\xf6\x05\xf8\x22\xf9E\xfao\
\xfb\x9f\xfc\xd4\xfd\x0d\xffH\x00\x88\x01\xc9\x02\x0b\x04N\
\x05\x90\x06\xd1\x07\x0f\x09J\x0a\x80\x0b\xb1\x0c\xdc\x0d\xfe\
\x0e\x18\x10(\x11,\x12%\x13\x0f\x14\xeb\x14\xb7\x15q\
\x16\x1a\x17\xae\x17.\x18\x98\x18\xeb\x18&\x19I\x19R\
\x19@\x19\x14\x19\xcc\x18h\x18\xe7\x17J\x17\x91\x16\xbb\
\x15\xc9\x14\xbb\x13\x91\x12M\x11\xef\x0fy\x0e\xeb\x0cG\
\x0b\x8f\x09\xc3\x07\xe6\x05\xfb\x03\x02\x02\x00\x00\xf4\xfd\xe2\
\xfb\xcd\xf9\xb7\xf7\xa3\xf5\x95\xf3\x8d\xf1\x90\xef\xa1\xed\xc1\
\xeb\xf5\xe9>\xe8\x9f\xe6\x1c\xe5\xb6\xe3o\xe2K\xe1K\
\xe0p\xdf\xbe\xde4\xde\xd5\xdd\xa2\xdd\x9b\xdd\xc1\xdd\x14\
\xde\x95\xdeC\xdf\x1e\xe0%\xe1W\xe2\xb2\xe36\xe5\xe1\
\xe6\xb0\xe8\xa1\xea\xb2\xec\xe0\xee)\xf1\x88\xf3\xfb\xf5\x7f\
\xf8\x10\xfb\xaa\xfdI\x00\xeb\x02\x8c\x05&\x08\xb7\x0a<\
\x0d\xaf\x0f\x0e\x12U\x14\x81\x16\x8e\x18z\x1aB\x1c\xe2\
\x1dZ\x1f\xa5 \xc4!\xb3\x22r#\x00$[$\x84\
$z$>$\xcf#0#`\x22a!5 \xde\
\x1e^\x1d\xb7\x1b\xec\x19\x01\x18\xf7\x15\xd3\x13\x97\x11G\
\x0f\xe7\x0cz\x0a\x04\x08\x89\x05\x0d\x03\x93\x00 \xfe\xb6\
\xfbY\xf9\x0c\xf7\xd3\xf4\xb1\xf2\xa9\xf0\xbe\xee\xf2\xecG\
\xeb\xbf\xe9]\xe8\x22\xe7\x0e\xe6$\xe5c\xe4\xcd\xe3a\
\xe3\x1f\xe3\x07\xe3\x19\xe3S\xe3\xb4\xe3;\xe4\xe6\xe4\xb3\
\xe5\xa1\xe6\xad\xe7\xd5\xe8\x16\xean\xeb\xdb\xecY\xee\xe5\
\xef}\xf1\x1e\xf3\xc5\xf4p\xf6\x1b\xf8\xc3\xf9g\xfb\x04\
\xfd\x97\xfe\x1d\x00\x96\x01\xff\x02W\x04\x9b\x05\xcb\x06\xe5\
\x07\xe8\x08\xd4\x09\xa7\x0ac\x0b\x05\x0c\x8f\x0c\x00\x0dZ\
\x0d\x9c\x0d\xc7\x0d\xdd\x0d\xde\x0d\xcb\x0d\xa6\x0dq\x0d,\
\x0d\xd9\x0cz\x0c\x10\x0c\x9d\x0b#\x0b\xa3\x0a \x0a\x9a\
\x09\x13\x09\x8c\x08\x08\x08\x86\x07\x09\x07\x92\x06!\x06\xb7\
\x05U\x05\xfb\x04\xaa\x04b\x04#\x04\xee\x03\xc1\x03\x9d\
\x03\x81\x03m\x03a\x03Z\x03Y\x03\x5c\x03c\x03l\
\x03v\x03\x81\x03\x8a\x03\x92\x03\x96\x03\x95\x03\x8f\x03\x82\
\x03m\x03P\x03*\x03\xf9\x02\xbd\x02v\x02#\x02\xc4\
\x01Y\x01\xe1\x00^\x00\xcf\xff4\xff\x8f\xfe\xde\xfd%\
\xfdc\xfc\x99\xfb\xca\xfa\xf5\xf9\x1c\xf9B\xf8g\xf7\x8d\
\xf6\xb5\xf5\xe2\xf4\x14\xf4O\xf3\x92\xf2\xe1\xf1<\xf1\xa6\
\xf0\x1f\xf0\xaa\xefG\xef\xf8\xee\xbe\xee\x9a\xee\x8d\xee\x97\
\xee\xba\xee\xf5\xeeI\xef\xb5\xef;\xf0\xd9\xf0\x8f\xf1]\
\xf2A\xf3;\xf4J\xf5l\xf6\xa1\xf7\xe6\xf8:\xfa\x9b\
\xfb\x07\xfd|\xfe\xf9\xffz\x01\xff\x02\x85\x04\x09\x06\x8a\
\x07\x04\x09w\x0a\xe0\x0b<\x0d\x89\x0e\xc7\x0f\xf2\x10\x09\
\x12\x0b\x13\xf6\x13\xc8\x14\x81\x15\x1f\x16\xa1\x16\x07\x17P\
\x17{\x17\x89\x17y\x17K\x17\x00\x17\x98\x16\x14\x16u\
\x15\xba\x14\xe7\x13\xfa\x12\xf7\x11\xdf\x10\xb2\x0fs\x0e#\
\x0d\xc4\x0bX\x0a\xe1\x08a\x07\xda\x05M\x04\xbd\x02,\
\x01\x9c\xff\x0e\xfe\x85\xfc\x02\xfb\x86\xf9\x15\xf8\xae\xf6U\
\xf5\x09\xf4\xcd\xf2\xa2\xf1\x88\xf0\x82\xef\x8f\xee\xb1\xed\xe7\
\xec4\xec\x97\xeb\x10\xeb\xa0\xeaF\xea\x04\xea\xd8\xe9\xc3\
\xe9\xc5\xe9\xdc\xe9\x09\xeaK\xea\xa2\xea\x0c\xeb\x8a\xeb\x1b\
\xec\xbd\xecq\xed4\xee\x07\xef\xe8\xef\xd7\xf0\xd3\xf1\xda\
\xf2\xec\xf3\x08\xf5-\xf6Z\xf7\x8e\xf8\xc7\xf9\x06\xfbJ\
\xfc\x90\xfd\xd9\xfe\x22\x00l\x01\xb6\x02\xff\x03F\x05\x89\
\x06\xc8\x07\x02\x095\x0ab\x0b\x87\x0c\xa3\x0d\xb6\x0e\xbd\
\x0f\xb9\x10\xa9\x11\x8b\x12^\x13\x22\x14\xd6\x14y\x15\x0a\
\x16\x88\x16\xf3\x16I\x17\x8a\x17\xb5\x17\xca\x17\xc8\x17\xae\
\x17}\x173\x17\xd1\x16W\x16\xc3\x15\x17\x15S\x14v\
\x13\x82\x12v\x11S\x10\x1a\x0f\xcc\x0dj\x0c\xf5\x0an\
\x09\xd6\x070\x06|\x04\xbd\x02\xf4\x00%\xffN\xfdt\
\xfb\x99\xf9\xbe\xf7\xe7\xf5\x15\xf4K\xf2\x8c\xf0\xd9\xee5\
\xed\xa3\xeb$\xea\xbb\xe8k\xe75\xe6\x1b\xe5 \xe4D\
\xe3\x8a\xe2\xf3\xe1\x80\xe13\xe1\x0c\xe1\x0b\xe13\xe1\x82\
\xe1\xf9\xe1\x97\xe2]\xe3I\xe4[\xe5\x92\xe6\xec\xe7h\
\xe9\x04\xeb\xbe\xec\x95\xee\x85\xf0\x8c\xf2\xa7\xf4\xd4\xf6\x10\
\xf9X\xfb\xa9\xfd\xfe\xffU\x02\xac\x04\xfe\x06H\x09\x87\
\x0b\xb7\x0d\xd6\x0f\xe0\x11\xd3\x13\xab\x15e\x17\x00\x19y\
\x1a\xce\x1b\xfc\x1c\x03\x1e\xe0\x1e\x92\x1f\x19 s \xa0\
 \xa1 t \x1b \x96\x1f\xe6\x1e\x0c\x1e\x0a\x1d\xe1\
\x1b\x93\x1a#\x19\x92\x17\xe2\x15\x18\x145\x12=\x103\
\x0e\x19\x0c\xf3\x09\xc5\x07\x91\x05\x5c\x03(\x01\xf9\xfe\xd2\
\xfc\xb5\xfa\xa7\xf8\xaa\xf6\xc0\xf4\xed\xf24\xf1\x95\xef\x14\
\xee\xb2\xecq\xebS\xeaW\xe9\x81\xe8\xcf\xe7C\xe7\xdc\
\xe6\x9c\xe6\x80\xe6\x89\xe6\xb7\xe6\x07\xe7y\xe7\x0b\xe8\xbc\
\xe8\x8a\xe9s\xeau\xeb\x8d\xec\xba\xed\xf9\xeeG\xf0\xa2\
\xf1\x07\xf3t\xf4\xe7\xf5\x5c\xf7\xd1\xf8D\xfa\xb2\xfb\x1a\
\xfdy\xfe\xcc\xff\x12\x01J\x02s\x03\x89\x04\x8d\x05}\
\x06Y\x07 \x08\xd0\x08k\x09\xf0\x09_\x0a\xb8\x0a\xfc\
\x0a+\x0bG\x0bP\x0bF\x0b,\x0b\x03\x0b\xcb\x0a\x87\
\x0a7\x0a\xde\x09}\x09\x15\x09\xa9\x089\x08\xc7\x07U\
\x07\xe4\x06u\x06\x0b\x06\xa5\x05E\x05\xec\x04\x9b\x04R\
\x04\x12\x04\xdc\x03\xaf\x03\x8c\x03s\x03d\x03^\x03b\
\x03m\x03\x80\x03\x9b\x03\xbb\x03\xe1\x03\x0a\x046\x04d\
\x04\x93\x04\xc0\x04\xeb\x04\x13\x056\x05S\x05i\x05v\
\x05y\x05r\x05_\x05@\x05\x14\x05\xd9\x04\x91\x049\
\x04\xd3\x03^\x03\xda\x02G\x02\xa6\x01\xf7\x00;\x00s\
\xff\xa0\xfe\xc2\xfd\xdb\xfc\xed\xfb\xf8\xfa\x00\xfa\x04\xf9\x07\
\xf8\x0a\xf7\x10\xf6\x1a\xf5+\xf4C\xf3f\xf2\x94\xf1\xd1\
\xf0\x1c\xf0y\xef\xe8\xeek\xee\x04\xee\xb4\xed|\xed]\
\xedW\xedl\xed\x9c\xed\xe7\xedM\xee\xce\xeej\xef!\
\xf0\xf2\xf0\xdb\xf1\xdd\xf2\xf6\xf3$\xf5g\xf6\xbc\xf7\x22\
\xf9\x96\xfa\x17\xfc\xa3\xfd8\xff\xd2\x00p\x02\x10\x04\xb0\
\x05L\x07\xe2\x08p\x0a\xf4\x0bk\x0d\xd3\x0e*\x10m\
\x11\x9c\x12\xb4\x13\xb3\x14\x99\x15b\x16\x10\x17\x9f\x17\x10\
\x18b\x18\x94\x18\xa6\x18\x98\x18j\x18\x1d\x18\xb0\x17$\
\x17z\x16\xb4\x15\xd2\x14\xd5\x13\xc0\x12\x93\x11P\x10\xf9\
\x0e\x90\x0d\x17\x0c\x90\x0a\xfd\x08`\x07\xbb\x05\x11\x04d\
\x02\xb5\x00\x09\xff_\xfd\xba\xfb\x1d\xfa\x89\xf8\x00\xf7\x85\
\xf5\x18\xf4\xbb\xf2p\xf19\xf0\x16\xef\x08\xee\x11\xed2\
\xecj\xeb\xbb\xea&\xea\xaa\xe9H\xe9\xff\xe8\xd1\xe8\xbc\
\xe8\xc0\xe8\xdd\xe8\x13\xe9`\xe9\xc5\xe9@\xea\xd0\xeav\
\xeb/\xec\xfa\xec\xd7\xed\xc5\xee\xc2\xef\xcd\xf0\xe5\xf1\x09\
\xf37\xf4n\xf5\xae\xf6\xf4\xf7@\xf9\x90\xfa\xe4\xfb9\
\xfd\x90\xfe\xe6\xff9\x01\x8b\x02\xda\x03$\x05i\x06\xa7\
\x07\xdd\x08\x0c\x0a1\x0bL\x0c[\x0d`\x0eW\x0fA\
\x10\x1e\x11\xeb\x11\xaa\x12X\x13\xf5\x13\x81\x14\xfc\x14d\
\x15\xb9\x15\xfb\x15)\x16C\x16I\x16:\x16\x17\x16\xde\
\x15\x90\x15,\x15\xb4\x14&\x14\x83\x13\xcc\x12\x00\x12 \
\x11-\x10&\x0f\x0e\x0e\xe3\x0c\xa8\x0b^\x0a\x04\x09\x9d\
\x07*\x06\xab\x04#\x03\x92\x01\xfc\xff`\xfe\xc1\xfc \
\xfb\x80\xf9\xe2\xf7H\xf6\xb3\xf4'\xf3\xa5\xf1/\xf0\xc7\
\xeen\xed'\xec\xf4\xea\xd6\xe9\xd0\xe8\xe2\xe7\x0e\xe7V\
\xe6\xbb\xe5>\xe5\xe0\xe4\xa3\xe4\x87\xe4\x8c\xe4\xb2\xe4\xfb\
\xe4g\xe5\xf4\xe5\xa3\xe6s\xe7c\xe8s\xe9\xa2\xea\xee\
\xebU\xed\xd7\xeep\xf0!\xf2\xe5\xf3\xbb\xf5\xa1\xf7\x94\
\xf9\x91\xfb\x97\xfd\xa1\xff\xad\x01\xb9\x03\xc1\x05\xc4\x07\xbd\
\x09\xaa\x0b\x89\x0dV\x0f\x10\x11\xb2\x12<\x14\xab\x15\xfd\
\x160\x18B\x191\x1a\xfd\x1a\xa4\x1b%\x1c\x80\x1c\xb4\
\x1c\xc1\x1c\xa6\x1cd\x1c\xfc\x1bo\x1b\xbc\x1a\xe6\x19\xed\
\x18\xd4\x17\x9c\x16G\x15\xd7\x13N\x12\xaf\x10\xfd\x0e9\
\x0dh\x0b\x8b\x09\xa6\x07\xbb\x05\xcd\x03\xe0\x01\xf7\xff\x12\
\xfe7\xfcg\xfa\xa5\xf8\xf4\xf6U\xf5\xcc\xf3Z\xf2\x01\
\xf1\xc2\xef\xa0\xee\x9c\xed\xb6\xec\xf0\xebJ\xeb\xc4\xea_\
\xea\x1b\xea\xf8\xe9\xf5\xe9\x11\xeaL\xea\xa5\xea\x1a\xeb\xaa\
\xebS\xec\x14\xed\xec\xed\xd7\xee\xd4\xef\xe1\xf0\xfc\xf1\x22\
\xf3R\xf4\x88\xf5\xc4\xf6\x02\xf8@\xf9|\xfa\xb4\xfb\xe7\
\xfc\x11\xfe2\xffG\x00Q\x01L\x028\x03\x14\x04\xde\
\x04\x97\x05=\x06\xd0\x06Q\x07\xbe\x07\x18\x08`\x08\x96\
\x08\xb9\x08\xcd\x08\xd0\x08\xc4\x08\xaa\x08\x84\x08R\x08\x16\
\x08\xd1\x07\x85\x073\x07\xdd\x06\x84\x06)\x06\xce\x05u\
\x05\x1e\x05\xcb\x04}\x044\x04\xf3\x03\xb9\x03\x88\x03`\
\x03A\x03,\x03 \x03\x1f\x03(\x03:\x03U\x03y\
\x03\xa4\x03\xd7\x03\x10\x04O\x04\x92\x04\xd8\x04 \x05i\
\x05\xb1\x05\xf6\x059\x06v\x06\xae\x06\xde\x06\x05\x07\x22\
\x074\x07:\x072\x07\x1c\x07\xf8\x06\xc3\x06\x7f\x06)\
\x06\xc3\x05L\x05\xc5\x04,\x04\x84\x03\xcc\x02\x04\x02/\
\x01L\x00_\xffe\xfec\xfdX\xfcH\xfb3\xfa\x1b\
\xf9\x03\xf8\xec\xf6\xd9\xf5\xca\xf4\xc3\xf3\xc5\xf2\xd2\xf1\xed\
\xf0\x17\xf0Q\xef\x9f\xee\x01\xeey\xed\x09\xed\xb1\xecs\
\xecP\xecH\xec]\xec\x8f\xec\xdd\xecI\xed\xd2\xedw\
\xee8\xef\x15\xf0\x0d\xf1\x1d\xf2F\xf3\x86\xf4\xdb\xf5C\
\xf7\xbc\xf8E\xfa\xdb\xfb|\xfd&\xff\xd5\x00\x88\x02=\
\x04\xf1\x05\xa0\x07I\x09\xea\x0a~\x0c\x05\x0e|\x0f\xe0\
\x100\x12i\x13\x89\x14\x8f\x15z\x16G\x17\xf5\x17\x84\
\x18\xf3\x18@\x19l\x19v\x19^\x19%\x19\xca\x18N\
\x18\xb1\x17\xf6\x16\x1c\x16%\x15\x13\x14\xe6\x12\xa2\x11G\
\x10\xd7\x0eU\x0d\xc3\x0b\x22\x0av\x08\xc1\x06\x04\x05C\
\x03\x7f\x01\xbd\xff\xfc\xfd?\xfc\x8a\xfa\xde\xf8=\xf7\xaa\
\xf5%\xf4\xb2\xf2Q\xf1\x05\xf0\xcf\xee\xaf\xed\xa8\xec\xb9\
\xeb\xe5\xea,\xea\x8e\xe9\x0c\xe9\xa5\xe8[\xe8-\xe8\x1b\
\xe8$\xe8H\xe8\x87\xe8\xe0\xe8R\xe9\xdc\xe9}\xea4\
\xeb\x00\xec\xe0\xec\xd3\xed\xd6\xee\xea\xef\x0b\xf1:\xf2t\
\xf3\xb8\xf4\x04\xf6W\xf7\xb0\xf8\x0d\xfal\xfb\xcd\xfc.\
\xfe\x8d\xff\xe9\x00B\x02\x95\x03\xe3\x04)\x06f\x07\x9b\
\x08\xc5\x09\xe3\x0a\xf6\x0b\xfc\x0c\xf4\x0d\xde\x0e\xb9\x0f\x85\
\x10A\x11\xed\x11\x87\x12\x11\x13\x89\x13\xef\x13C\x14\x84\
\x14\xb3\x14\xcf\x14\xd9\x14\xd0\x14\xb4\x14\x85\x14C\x14\xef\
\x13\x89\x13\x10\x13\x85\x12\xe8\x11:\x11|\x10\xac\x0f\xcd\
\x0e\xdf\x0d\xe1\x0c\xd6\x0b\xbd\x0a\x98\x09g\x08,\x07\xe7\
\x05\x99\x04D\x03\xe9\x01\x88\x00$\xff\xbe\xfdV\xfc\xee\
\xfa\x88\xf9%\xf8\xc8\xf6p\xf5!\xf4\xdb\xf2\xa0\xf1q\
\xf0Q\xef@\xee@\xedR\xecy\xeb\xb4\xea\x06\xeao\
\xe9\xf1\xe8\x8c\xe8B\xe8\x12\xe8\xfe\xe7\x06\xe8+\xe8l\
\xe8\xc9\xe8D\xe9\xda\xe9\x8c\xeaZ\xebB\xecD\xed_\
\xee\x91\xef\xda\xf07\xf2\xa7\xf3(\xf5\xb9\xf6X\xf8\x02\
\xfa\xb6\xfbq\xfd0\xff\xf2\x00\xb4\x02u\x040\x06\xe5\
\x07\x91\x091\x0b\xc2\x0cD\x0e\xb3\x0f\x0e\x11S\x12\x7f\
\x13\x92\x14\x89\x15d\x16 \x17\xbe\x17<\x18\x99\x18\xd4\
\x18\xef\x18\xe8\x18\xc0\x18v\x18\x0c\x18\x82\x17\xda\x16\x13\
\x16/\x151\x14\x19\x13\xe8\x11\xa2\x10H\x0f\xdc\x0d`\
\x0c\xd7\x0aC\x09\xa7\x07\x04\x06^\x04\xb7\x02\x11\x01p\
\xff\xd4\xfdA\xfc\xb9\xfa>\xf9\xd1\xf7w\xf6.\xf5\xfb\
\xf3\xde\xf2\xd8\xf1\xea\xf0\x17\xf0^\xef\xc0\xee=\xee\xd7\
\xed\x8c\xed]\xedJ\xedQ\xedt\xed\xaf\xed\x03\xeeo\
\xee\xf1\xee\x87\xef1\xf0\xec\xf0\xb7\xf1\x90\xf2v\xf3f\
\xf4^\xf5]\xf6`\xf7g\xf8m\xf9s\xfav\xfbu\
\xfcm\xfd^\xfeE\xff!\x00\xf3\x00\xb8\x01o\x02\x18\
\x03\xb3\x03>\x04\xb9\x04$\x05\x80\x05\xcc\x05\x08\x066\
\x06U\x06f\x06k\x06c\x06P\x063\x06\x0d\x06\xe0\
\x05\xac\x05s\x055\x05\xf6\x04\xb5\x04t\x044\x04\xf6\
\x03\xbc\x03\x86\x03V\x03-\x03\x0a\x03\xef\x02\xdd\x02\xd4\
\x02\xd4\x02\xdd\x02\xef\x02\x0b\x030\x03^\x03\x94\x03\xd2\
\x03\x17\x04b\x04\xb2\x04\x07\x05_\x05\xb8\x05\x13\x06l\
\x06\xc4\x06\x19\x07i\x07\xb3\x07\xf6\x07/\x08_\x08\x84\
\x08\x9c\x08\xa7\x08\xa3\x08\x90\x08l\x088\x08\xf2\x07\x9b\
\x072\x07\xb6\x06)\x06\x8a\x05\xda\x04\x19\x04H\x03g\
\x02y\x01}\x00w\xfff\xfeL\xfd*\xfc\x04\xfb\xda\
\xf9\xaf\xf8\x85\xf7]\xf69\xf5\x1d\xf4\x09\xf3\x01\xf2\x05\
\xf1\x18\xf0=\xeft\xee\xbf\xed!\xed\x9b\xec.\xec\xdb\
\xeb\xa4\xeb\x89\xeb\x8b\xeb\xab\xeb\xe9\xebE\xec\xbf\xecW\
\xed\x0d\xee\xdf\xee\xce\xef\xd8\xf0\xfb\xf17\xf3\x89\xf4\xf1\
\xf5l\xf7\xf7\xf8\x92\xfa:\xfc\xeb\xfd\xa5\xffc\x01$\
\x03\xe6\x04\xa5\x06_\x08\x11\x0a\xb8\x0bS\x0d\xde\x0eW\
\x10\xbc\x11\x0b\x13B\x14^\x15_\x16A\x17\x05\x18\xa9\
\x18,\x19\x8d\x19\xcb\x19\xe7\x19\xdf\x19\xb5\x19g\x19\xf7\
\x18e\x18\xb3\x17\xe0\x16\xef\x15\xe1\x14\xb7\x13s\x12\x17\
\x11\xa5\x0f\x1e\x0e\x86\x0c\xdf\x0a+\x09l\x07\xa4\x05\xd8\
\x03\x07\x027\x00i\xfe\x9e\xfc\xdb\xfa \xf9q\xf7\xcf\
\xf5<\xf4\xbc\xf2N\xf1\xf6\xef\xb4\xee\x8b\xed{\xec\x85\
\xeb\xaa\xea\xec\xe9K\xe9\xc7\xe8`\xe8\x17\xe8\xec\xe7\xde\
\xe7\xee\xe7\x1a\xe8a\xe8\xc5\xe8B\xe9\xd9\xe9\x88\xeaN\
\xeb)\xec\x19\xed\x1c\xee0\xefT\xf0\x85\xf1\xc4\xf2\x0d\
\xf4`\xf5\xba\xf6\x1a\xf8~\xf9\xe5\xfaM\xfc\xb4\xfd\x19\
\xffz\x00\xd7\x01.\x03~\x04\xc4\x05\x01\x074\x08Z\
\x09t\x0a\x80\x0b~\x0cl\x0dL\x0e\x1b\x0f\xd9\x0f\x87\
\x10#\x11\xad\x11&\x12\x8c\x12\xe1\x12$\x13T\x13r\
\x13\x7f\x13z\x13c\x13:\x13\x01\x13\xb7\x12\x5c\x12\xf2\
\x11w\x11\xed\x10U\x10\xae\x0f\xf9\x0e8\x0ei\x0d\x8e\
\x0c\xa8\x0b\xb7\x0a\xbc\x09\xb8\x08\xab\x07\x96\x06{\x05Y\
\x042\x03\x07\x02\xd8\x00\xa8\xffv\xfeC\xfd\x11\xfc\xe1\
\xfa\xb5\xf9\x8c\xf8h\xf7K\xf65\xf5)\xf4&\xf3.\
\xf2B\xf1d\xf0\x94\xef\xd4\xee$\xee\x85\xed\xf9\xec\x81\
\xec\x1c\xec\xcc\xeb\x92\xebm\xeb_\xebh\xeb\x88\xeb\xbf\
\xeb\x0e\xect\xec\xf1\xec\x84\xed/\xee\xef\xee\xc4\xef\xae\
\xf0\xab\xf1\xba\xf2\xdc\xf3\x0d\xf5M\xf6\x9a\xf7\xf3\xf8V\
\xfa\xc2\xfb5\xfd\xac\xfe&\x00\xa1\x01\x1c\x03\x94\x04\x07\
\x06s\x07\xd7\x080\x0a}\x0b\xbb\x0c\xea\x0d\x07\x0f\x11\
\x10\x06\x11\xe5\x11\xad\x12\x5c\x13\xf2\x13n\x14\xcf\x14\x15\
\x15?\x15M\x15?\x15\x15\x15\xcf\x14o\x14\xf4\x13_\
\x13\xb2\x12\xec\x11\x11\x11 \x10\x1c\x0f\x05\x0e\xdf\x0c\xa9\
\x0bh\x0a\x1b\x09\xc5\x07i\x06\x09\x05\xa5\x03B\x02\xe0\
\x00\x82\xff)\xfe\xd8\xfc\x90\xfbT\xfa$\xf9\x03\xf8\xf2\
\xf6\xf2\xf5\x05\xf5,\xf4g\xf3\xb8\xf2\x1f\xf2\x9d\xf11\
\xf1\xdd\xf0\x9f\xf0y\xf0i\xf0p\xf0\x8c\xf0\xbd\xf0\x02\
\xf1Z\xf1\xc4\xf1>\xf2\xc8\xf2a\xf3\x05\xf4\xb5\xf4n\
\xf5/\xf6\xf7\xf6\xc3\xf7\x92\xf8c\xf94\xfa\x04\xfb\xd1\
\xfb\x99\xfc\x5c\xfd\x18\xfe\xcd\xfex\xff\x19\x00\xb1\x00=\
\x01\xbe\x012\x02\x9a\x02\xf6\x02F\x03\x89\x03\xc0\x03\xeb\
\x03\x0b\x04 \x04+\x04-\x04'\x04\x19\x04\x04\x04\xea\
\x03\xcb\x03\xa9\x03\x85\x03_\x039\x03\x15\x03\xf2\x02\xd2\
\x02\xb6\x02\x9f\x02\x8e\x02\x82\x02~\x02\x81\x02\x8c\x02\x9f\
\x02\xbb\x02\xdf\x02\x0b\x03@\x03}\x03\xc1\x03\x0c\x04^\
\x04\xb5\x04\x11\x05q\x05\xd4\x058\x06\x9e\x06\x02\x07e\
\x07\xc4\x07\x1f\x08u\x08\xc3\x08\x08\x09D\x09u\x09\x9a\
\x09\xb1\x09\xba\x09\xb4\x09\x9e\x09w\x09>\x09\xf4\x08\x97\
\x08(\x08\xa7\x07\x13\x07m\x06\xb5\x05\xed\x04\x14\x04+\
\x034\x020\x01\x1f\x00\x05\xff\xe2\xfd\xb7\xfc\x86\xfbR\
\xfa\x1c\xf9\xe7\xf7\xb4\xf6\x85\xf5]\xf4>\xf3)\xf2\x22\
\xf1)\xf0A\xefl\xee\xab\xed\x00\xedm\xec\xf4\xeb\x95\
\xebQ\xeb*\xeb \xeb5\xebh\xeb\xb9\xeb)\xec\xb8\
\xecd\xed.\xee\x15\xef\x18\xf05\xf1k\xf2\xb9\xf3\x1d\
\xf5\x95\xf6\x1f\xf8\xb9\xf9a\xfb\x14\xfd\xd0\xfe\x91\x00W\
\x02\x1e\x04\xe3\x05\xa3\x07]\x09\x0d\x0b\xb1\x0cG\x0e\xcb\
\x0f;\x11\x96\x12\xd8\x13\x01\x15\x0e\x16\xfe\x16\xcf\x17\x80\
\x18\x0f\x19|\x19\xc7\x19\xee\x19\xf2\x19\xd2\x19\x8f\x19(\
\x19\x9f\x18\xf5\x17)\x17?\x166\x15\x10\x14\xd0\x12v\
\x11\x06\x10\x81\x0e\xe9\x0cA\x0b\x8b\x09\xca\x07\xff\x05/\
\x04[\x02\x86\x00\xb3\xfe\xe3\xfc\x1a\xfbZ\xf9\xa5\xf7\xfe\
\xf5f\xf4\xe1\xf2o\xf1\x12\xf0\xcd\xee\xa0\xed\x8e\xec\x96\
\xeb\xbb\xea\xfd\xe9]\xe9\xdb\xe8w\xe82\xe8\x0b\xe8\x02\
\xe8\x18\xe8K\xe8\x9b\xe8\x07\xe9\x8d\xe9.\xea\xe7\xea\xb7\
\xeb\x9d\xec\x98\xed\xa6\xee\xc4\xef\xf2\xf0.\xf2v\xf3\xc8\
\xf4\x22\xf6\x83\xf7\xe9\xf8Q\xfa\xbb\xfb$\xfd\x8c\xfe\xef\
\xffL\x01\xa4\x02\xf4\x03:\x05v\x06\xa6\x07\xc9\x08\xde\
\x09\xe5\x0a\xdc\x0b\xc4\x0c\x9a\x0d`\x0e\x14\x0f\xb6\x0fF\
\x10\xc4\x10/\x11\x88\x11\xcf\x11\x04\x12'\x127\x127\
\x12%\x12\x03\x12\xd1\x11\x8f\x11=\x11\xdd\x10n\x10\xf2\
\x0fi\x0f\xd4\x0e3\x0e\x86\x0d\xcf\x0c\x0e\x0cD\x0br\
\x0a\x98\x09\xb6\x08\xce\x07\xe0\x06\xed\x05\xf6\x04\xfb\x03\xfd\
\x02\xfd\x01\xfb\x00\xfa\xff\xf7\xfe\xf6\xfd\xf6\xfc\xf8\xfb\xfd\
\xfa\x06\xfa\x14\xf9'\xf8A\xf7a\xf6\x8a\xf5\xbb\xf4\xf5\
\xf3:\xf3\x8a\xf2\xe6\xf1O\xf1\xc4\xf0H\xf0\xda\xef|\
\xef-\xef\xee\xee\xc1\xee\xa5\xee\x9a\xee\xa1\xee\xbb\xee\xe6\
\xee$\xefu\xef\xd8\xefL\xf0\xd3\xf0k\xf1\x14\xf2\xce\
\xf2\x97\xf3p\xf4W\xf5K\xf6L\xf7X\xf8o\xf9\x8e\
\xfa\xb6\xfb\xe3\xfc\x16\xfeL\xff\x84\x00\xbc\x01\xf4\x02*\
\x04[\x05\x86\x06\xab\x07\xc6\x08\xd8\x09\xdd\x0a\xd6\x0b\xc0\
\x0c\x9b\x0dd\x0e\x1c\x0f\xc0\x0fQ\x10\xcd\x104\x11\x85\
\x11\xbf\x11\xe3\x11\xf0\x11\xe6\x11\xc5\x11\x8d\x11@\x11\xdc\
\x10d\x10\xd7\x0f6\x0f\x83\x0e\xbf\x0d\xea\x0c\x06\x0c\x15\
\x0b\x18\x0a\x0f\x09\xfe\x07\xe5\x06\xc7\x05\xa4\x04\x7f\x03Z\
\x025\x01\x13\x00\xf6\xfe\xde\xfd\xcd\xfc\xc5\xfb\xc7\xfa\xd5\
\xf9\xf0\xf8\x19\xf8P\xf7\x97\xf6\xef\xf5X\xf5\xd3\xf4`\
\xf4\x00\xf4\xb2\xf3v\xf3M\xf37\xf32\xf3?\xf3\x5c\
\xf3\x8a\xf3\xc7\xf3\x12\xf4k\xf4\xd0\xf4@\xf5\xbb\xf5?\
\xf6\xca\xf6\x5c\xf7\xf3\xf7\x8d\xf8+\xf9\xca\xf9i\xfa\x07\
\xfb\xa3\xfb<\xfc\xd0\xfc`\xfd\xea\xfdm\xfe\xe9\xfe]\
\xff\xc8\xff+\x00\x85\x00\xd6\x00\x1e\x01]\x01\x93\x01\xc1\
\x01\xe7\x01\x04\x02\x1b\x02+\x025\x02:\x02:\x027\
\x021\x02)\x02\x1f\x02\x16\x02\x0e\x02\x07\x02\x02\x02\x01\
\x02\x04\x02\x0b\x02\x17\x02*\x02B\x02a\x02\x87\x02\xb4\
\x02\xe8\x02#\x03e\x03\xae\x03\xfd\x03R\x04\xad\x04\x0c\
\x05o\x05\xd6\x05?\x06\xa9\x06\x13\x07}\x07\xe4\x07H\
\x08\xa8\x08\x02\x09V\x09\xa1\x09\xe3\x09\x1a\x0aF\x0ae\
\x0av\x0ax\x0ak\x0aN\x0a\x1f\x0a\xdf\x09\x8d\x09)\
\x09\xb3\x08+\x08\x90\x07\xe4\x06&\x06W\x05x\x04\x8a\
\x03\x8e\x02\x85\x01q\x00S\xff,\xfe\xfd\xfc\xc9\xfb\x92\
\xfaY\xf9!\xf8\xeb\xf6\xba\xf5\x8f\xf4m\xf3U\xf2J\
\xf1N\xf0c\xef\x8a\xee\xc5\xed\x16\xed\x7f\xec\x01\xec\x9c\
\xebS\xeb'\xeb\x17\xeb%\xebQ\xeb\x9c\xeb\x05\xec\x8d\
\xec2\xed\xf5\xed\xd4\xee\xcf\xef\xe5\xf0\x14\xf2[\xf3\xb8\
\xf4)\xf6\xad\xf7A\xf9\xe3\xfa\x91\xfcH\xfe\x04\x00\xc6\
\x01\x8a\x03M\x05\x0c\x07\xc4\x08t\x0a\x18\x0c\xae\x0d3\
\x0f\xa6\x10\x03\x12I\x13v\x14\x87\x15|\x16S\x17\x09\
\x18\x9f\x18\x13\x19e\x19\x93\x19\x9e\x19\x86\x19J\x19\xec\
\x18j\x18\xc7\x17\x04\x17 \x16\x1f\x15\x01\x14\xc7\x12t\
\x11\x0a\x10\x8b\x0e\xf9\x0cV\x0b\xa5\x09\xe9\x07#\x06W\
\x04\x86\x02\xb5\x00\xe5\xfe\x19\xfdS\xfb\x95\xf9\xe3\xf7>\
\xf6\xa9\xf4&\xf3\xb7\xf1]\xf0\x1b\xef\xf2\xed\xe2\xec\xef\
\xeb\x17\xeb]\xea\xc1\xe9C\xe9\xe4\xe8\xa4\xe8\x82\xe8\x80\
\xe8\x9b\xe8\xd4\xe8*\xe9\x9c\xe9)\xea\xd0\xea\x8f\xebe\
\xecQ\xedR\xeed\xef\x88\xf0\xba\xf1\xf9\xf2D\xf4\x97\
\xf5\xf3\xf6S\xf8\xb8\xf9\x1e\xfb\x84\xfc\xe9\xfdJ\xff\xa5\
\x00\xfa\x01H\x03\x8b\x04\xc4\x05\xf1\x06\x10\x08!\x09#\
\x0a\x16\x0b\xf7\x0b\xc7\x0c\x86\x0d2\x0e\xcc\x0eS\x0f\xc7\
\x0f)\x10x\x10\xb5\x10\xe0\x10\xf8\x10\x00\x11\xf6\x10\xdb\
\x10\xb1\x10w\x10.\x10\xd8\x0ft\x0f\x03\x0f\x86\x0e\xfe\
\x0dk\x0d\xcf\x0c*\x0c}\x0b\xc8\x0a\x0c\x0aJ\x09\x83\
\x08\xb8\x07\xe8\x06\x15\x06?\x05g\x04\x8e\x03\xb4\x02\xda\
\x01\x00\x01'\x00P\xffz\xfe\xa7\xfd\xd6\xfc\x09\xfc@\
\xfb{\xfa\xbb\xf9\x01\xf9M\xf8\x9f\xf7\xf8\xf6X\xf6\xc0\
\xf50\xf5\xaa\xf4,\xf4\xb8\xf3O\xf3\xf0\xf2\x9c\xf2S\
\xf2\x17\xf2\xe6\xf1\xc2\xf1\xab\xf1\xa1\xf1\xa5\xf1\xb6\xf1\xd4\
\xf1\x01\xf2;\xf2\x83\xf2\xd9\xf2=\xf3\xae\xf3,\xf4\xb8\
\xf4P\xf5\xf4\xf5\xa4\xf6^\xf7$\xf8\xf2\xf8\xca\xf9\xaa\
\xfa\x91\xfb\x7f\xfcq\xfdh\xfeb\xff]\x00Z\x01V\
\x02Q\x03I\x04=\x05+\x06\x14\x07\xf5\x07\xcd\x08\x9b\
\x09^\x0a\x15\x0b\xbf\x0b\x5c\x0c\xe9\x0cg\x0d\xd5\x0d2\
\x0e}\x0e\xb7\x0e\xdf\x0e\xf4\x0e\xf7\x0e\xe8\x0e\xc6\x0e\x92\
\x0eL\x0e\xf5\x0d\x8d\x0d\x15\x0d\x8d\x0c\xf7\x0bR\x0b\xa1\
\x0a\xe4\x09\x1d\x09K\x08r\x07\x91\x06\xab\x05\xc0\x04\xd3\
\x03\xe3\x02\xf4\x01\x05\x01\x18\x000\xffL\xfen\xfd\x98\
\xfc\xc9\xfb\x04\xfbI\xfa\x9a\xf9\xf6\xf8_\xf8\xd4\xf7X\
\xf7\xea\xf6\x8a\xf68\xf6\xf5\xf5\xc1\xf5\x9b\xf5\x83\xf5y\
\xf5}\xf5\x8d\xf5\xaa\xf5\xd3\xf5\x07\xf6E\xf6\x8d\xf6\xdd\
\xf65\xf7\x94\xf7\xf8\xf7b\xf8\xcf\xf8?\xf9\xb1\xf9$\
\xfa\x98\xfa\x0a\xfb|\xfb\xeb\xfbW\xfc\xc0\xfc$\xfd\x85\
\xfd\xe0\xfd6\xfe\x86\xfe\xd1\xfe\x16\xffU\xff\x8f\xff\xc3\
\xff\xf2\xff\x1b\x00@\x00a\x00\x7f\x00\x99\x00\xb1\x00\xc7\
\x00\xdb\x00\xef\x00\x02\x01\x17\x01,\x01C\x01]\x01z\
\x01\x9a\x01\xbf\x01\xe7\x01\x15\x02H\x02\x80\x02\xbe\x02\x01\
\x03J\x03\x98\x03\xeb\x03D\x04\xa1\x04\x02\x05f\x05\xce\
\x058\x06\xa3\x06\x0e\x07z\x07\xe4\x07K\x08\xb0\x08\x0f\
\x09j\x09\xbd\x09\x09\x0aK\x0a\x84\x0a\xb2\x0a\xd3\x0a\xe8\
\x0a\xee\x0a\xe6\x0a\xce\x0a\xa7\x0an\x0a%\x0a\xca\x09^\
\x09\xe0\x08P\x08\xaf\x07\xfd\x06;\x06h\x05\x86\x04\x96\
\x03\x99\x02\x90\x01{\x00_\xff9\xfe\x0d\xfd\xdc\xfb\xa8\
\xfas\xf9?\xf8\x0e\xf7\xe1\xf5\xbc\xf4\x9e\xf3\x8b\xf2\x85\
\xf1\x8e\xf0\xa6\xef\xd1\xee\x0f\xeec\xed\xce\xecQ\xec\xee\
\xeb\xa5\xebw\xebf\xebr\xeb\x9b\xeb\xe2\xebF\xec\xc8\
\xecg\xed#\xee\xfb\xee\xee\xef\xfa\xf0 \xf2]\xf3\xb0\
\xf4\x16\xf6\x8f\xf7\x18\xf9\xaf\xfaQ\xfc\xfd\xfd\xb0\xfff\
\x01\x1f\x03\xd8\x04\x8d\x06<\x08\xe3\x09\x7f\x0b\x0e\x0d\x8c\
\x0e\xf9\x0fQ\x11\x93\x12\xbc\x13\xcb\x14\xbf\x15\x94\x16K\
\x17\xe2\x17X\x18\xac\x18\xdf\x18\xee\x18\xdb\x18\xa5\x18M\
\x18\xd4\x179\x17}\x16\xa3\x15\xab\x14\x96\x13g\x12\x1f\
\x11\xc0\x0fK\x0e\xc4\x0c-\x0b\x87\x09\xd6\x07\x1b\x06Z\
\x04\x95\x02\xce\x00\x0a\xffH\xfd\x8c\xfb\xd9\xf91\xf8\x96\
\xf6\x0b\xf5\x91\xf3*\xf2\xd9\xf0\xa0\xef~\xeew\xed\x8a\
\xec\xba\xeb\x07\xebr\xea\xfa\xe9\xa1\xe9g\xe9K\xe9M\
\xe9m\xe9\xaa\xe9\x04\xeay\xea\x09\xeb\xb3\xebt\xecL\
\xed9\xee9\xefK\xf0m\xf1\x9e\xf2\xda\xf3!\xf5p\
\xf6\xc6\xf7!\xf9~\xfa\xdc\xfb8\xfd\x93\xfe\xe8\xff6\
\x01~\x02\xbc\x03\xf0\x04\x18\x063\x07?\x08<\x09)\
\x0a\x06\x0b\xd1\x0b\x8a\x0c1\x0d\xc5\x0dF\x0e\xb4\x0e\x10\
\x0fY\x0f\x8f\x0f\xb3\x0f\xc6\x0f\xc7\x0f\xb7\x0f\x98\x0fi\
\x0f+\x0f\xdf\x0e\x86\x0e \x0e\xaf\x0d3\x0d\xae\x0c\x1f\
\x0c\x88\x0b\xea\x0aF\x0a\x9c\x09\xed\x08:\x08\x84\x07\xcb\
\x06\x10\x06T\x05\x98\x04\xdb\x03\x1f\x03d\x02\xaa\x01\xf3\
\x00=\x00\x8c\xff\xdc\xfe0\xfe\x88\xfd\xe3\xfcC\xfc\xa7\
\xfb\x10\xfb~\xfa\xf1\xf9j\xf9\xe8\xf8k\xf8\xf5\xf7\x85\
\xf7\x1c\xf7\xb9\xf6\x5c\xf6\x07\xf6\xb9\xf5s\xf54\xf5\xfe\
\xf4\xcf\xf4\xa9\xf4\x8b\xf4v\xf4k\xf4h\xf4o\xf4\x7f\
\xf4\x99\xf4\xbd\xf4\xeb\xf4#\xf5e\xf5\xb1\xf5\x07\xf6f\
\xf6\xd0\xf6C\xf7\xbf\xf7D\xf8\xd2\xf8h\xf9\x06\xfa\xab\
\xfaX\xfb\x0a\xfc\xc2\xfc\x7f\xfd@\xfe\x05\xff\xcc\xff\x94\
\x00]\x01'\x02\xf0\x02\xb7\x03{\x04;\x05\xf6\x05\xac\
\x06\x5c\x07\x03\x08\xa3\x089\x09\xc5\x09F\x0a\xbc\x0a%\
\x0b\x82\x0b\xd2\x0b\x14\x0cG\x0cm\x0c\x83\x0c\x8b\x0c\x84\
\x0cn\x0cJ\x0c\x17\x0c\xd6\x0b\x86\x0b*\x0b\xc1\x0aK\
\x0a\xca\x09>\x09\xa7\x08\x08\x08`\x07\xb1\x06\xfc\x05A\
\x05\x82\x04\xc0\x03\xfc\x026\x02q\x01\xad\x00\xec\xff-\
\xffr\xfe\xbc\xfd\x0c\xfdb\xfc\xc1\xfb'\xfb\x96\xfa\x0f\
\xfa\x92\xf9\x1f\xf9\xb7\xf8Z\xf8\x08\xf8\xc2\xf7\x87\xf7W\
\xf72\xf7\x18\xf7\x09\xf7\x04\xf7\x09\xf7\x18\xf70\xf7P\
\xf7x\xf7\xa7\xf7\xdd\xf7\x19\xf8Z\xf8\x9f\xf8\xe9\xf85\
\xf9\x84\xf9\xd5\xf9(\xfa{\xfa\xce\xfa \xfbr\xfb\xc2\
\xfb\x11\xfc^\xfc\xa8\xfc\xf1\xfc6\xfdy\xfd\xb9\xfd\xf7\
\xfd2\xfej\xfe\xa1\xfe\xd5\xfe\x08\xff:\xffj\xff\x9a\
\xff\xca\xff\xf9\xff)\x00Z\x00\x8d\x00\xc2\x00\xf9\x002\
\x01n\x01\xae\x01\xf1\x018\x02\x82\x02\xd0\x02\x22\x03x\
\x03\xd2\x03/\x04\x90\x04\xf4\x04Z\x05\xc2\x05,\x06\x96\
\x06\x01\x07l\x07\xd5\x07=\x08\xa1\x08\x02\x09^\x09\xb4\
\x09\x04\x0aL\x0a\x8b\x0a\xc1\x0a\xec\x0a\x0c\x0b \x0b'\
\x0b \x0b\x0b\x0b\xe7\x0a\xb3\x0ao\x0a\x1b\x0a\xb7\x09B\
\x09\xbc\x08&\x08\x80\x07\xca\x06\x05\x061\x05O\x04`\
\x03e\x02_\x01O\x008\xff\x19\xfe\xf5\xfc\xcd\xfb\xa2\
\xfaw\xf9N\xf8'\xf7\x06\xf6\xeb\xf4\xd9\xf3\xd2\xf2\xd6\
\xf1\xea\xf0\x0c\xf0A\xef\x88\xee\xe5\xedW\xed\xe0\xec\x82\
\xec>\xec\x13\xec\x04\xec\x11\xec9\xec~\xec\xdf\xec\x5c\
\xed\xf6\xed\xaa\xeez\xefc\xf0e\xf1\x7f\xf2\xaf\xf3\xf4\
\xf4L\xf6\xb6\xf7/\xf9\xb6\xfaG\xfc\xe2\xfd\x84\xff)\
\x01\xd1\x02y\x04\x1d\x06\xbc\x07T\x09\xe1\x0aa\x0c\xd2\
\x0d2\x0f\x7f\x10\xb6\x11\xd6\x12\xdd\x13\xc9\x14\x99\x15L\
\x16\xdf\x16T\x17\xa8\x17\xdb\x17\xed\x17\xdd\x17\xad\x17[\
\x17\xe9\x16V\x16\xa5\x15\xd5\x14\xe9\x13\xe1\x12\xbf\x11\x86\
\x105\x0f\xd1\x0dZ\x0c\xd3\x0a>\x09\x9e\x07\xf5\x05E\
\x04\x92\x02\xdd\x00)\xffy\xfd\xce\xfb+\xfa\x93\xf8\x08\
\xf7\x8c\xf5!\xf4\xc9\xf2\x85\xf1X\xf0C\xefG\xeef\
\xed\x9f\xec\xf5\xebh\xeb\xf8\xea\xa5\xeaq\xeaZ\xea`\
\xea\x83\xea\xc2\xea\x1d\xeb\x93\xeb#\xec\xca\xec\x89\xed^\
\xeeG\xefB\xf0O\xf1j\xf2\x92\xf3\xc6\xf4\x04\xf6I\
\xf7\x93\xf8\xe2\xf92\xfb\x82\xfc\xd0\xfd\x1b\xff_\x00\x9e\
\x01\xd4\x02\x00\x04 \x054\x06;\x072\x08\x1a\x09\xf2\
\x09\xb8\x0am\x0b\x10\x0c\xa0\x0c\x1e\x0d\x88\x0d\xe1\x0d&\
\x0eZ\x0e{\x0e\x8b\x0e\x8a\x0ey\x0eW\x0e'\x0e\xe9\
\x0d\x9d\x0dE\x0d\xe0\x0cr\x0c\xf9\x0bx\x0b\xef\x0a^\
\x0a\xc8\x09-\x09\x8e\x08\xeb\x07F\x07\x9f\x06\xf7\x05O\
\x05\xa7\x04\x00\x04[\x03\xb8\x02\x17\x02z\x01\xdf\x00I\
\x00\xb7\xff(\xff\x9e\xfe\x18\xfe\x97\xfd\x1a\xfd\xa2\xfc/\
\xfc\xc0\xfbW\xfb\xf2\xfa\x91\xfa5\xfa\xde\xf9\x8c\xf9>\
\xf9\xf4\xf8\xaf\xf8o\xf83\xf8\xfb\xf7\xc9\xf7\x9a\xf7q\
\xf7M\xf7-\xf7\x13\xf7\xfe\xf6\xee\xf6\xe4\xf6\xdf\xf6\xe1\
\xf6\xe8\xf6\xf6\xf6\x0b\xf7&\xf7H\xf7q\xf7\xa1\xf7\xd8\
\xf7\x16\xf8\x5c\xf8\xa9\xf8\xfd\xf8Y\xf9\xbb\xf9%\xfa\x96\
\xfa\x0d\xfb\x8a\xfb\x0e\xfc\x97\xfc&\xfd\xb9\xfdQ\xfe\xec\
\xfe\x8a\xff*\x00\xcd\x00q\x01\x15\x02\xba\x02]\x03\xfe\
\x03\x9c\x047\x05\xce\x05`\x06\xec\x06r\x07\xf0\x07g\
\x08\xd5\x089\x09\x94\x09\xe4\x09*\x0ad\x0a\x92\x0a\xb5\
\x0a\xcb\x0a\xd5\x0a\xd3\x0a\xc4\x0a\xa9\x0a\x81\x0aM\x0a\x0e\
\x0a\xc3\x09l\x09\x0c\x09\xa1\x08,\x08\xaf\x07)\x07\x9c\
\x06\x08\x06o\x05\xd0\x04-\x04\x87\x03\xde\x024\x02\x89\
\x01\xde\x004\x00\x8e\xff\xe9\xfeG\xfe\xaa\xfd\x12\xfd\x7f\
\xfc\xf3\xfbn\xfb\xf0\xfay\xfa\x0b\xfa\xa6\xf9I\xf9\xf5\
\xf8\xaa\xf8i\xf80\xf8\x01\xf8\xdb\xf7\xbe\xf7\xaa\xf7\x9e\
\xf7\x9a\xf7\x9e\xf7\xaa\xf7\xbd\xf7\xd6\xf7\xf6\xf7\x1b\xf8F\
\xf8u\xf8\xa9\xf8\xe0\xf8\x1c\xf9Z\xf9\x9a\xf9\xdd\xf9!\
\xfag\xfa\xae\xfa\xf6\xfa?\xfb\x87\xfb\xd0\xfb\x19\xfcc\
\xfc\xab\xfc\xf4\xfc=\xfd\x86\xfd\xcf\xfd\x18\xfea\xfe\xab\
\xfe\xf5\xfeA\xff\x8d\xff\xda\xff(\x00y\x00\xcb\x00\x1f\
\x01u\x01\xcd\x01'\x02\x84\x02\xe2\x02C\x03\xa7\x03\x0c\
\x04r\x04\xdb\x04D\x05\xaf\x05\x1a\x06\x85\x06\xef\x06Y\
\x07\xc1\x07'\x08\x8a\x08\xe9\x08D\x09\x99\x09\xe9\x092\
\x0at\x0a\xad\x0a\xdd\x0a\x03\x0b\x1e\x0b.\x0b2\x0b)\
\x0b\x13\x0b\xef\x0a\xbd\x0a}\x0a-\x0a\xce\x09`\x09\xe3\
\x08W\x08\xbb\x07\x11\x07Y\x06\x93\x05\xc0\x04\xe1\x03\xf6\
\x02\x01\x02\x03\x01\xfd\xff\xee\xfe\xdb\xfd\xc3\xfc\xa8\xfb\x8b\
\xfao\xf9U\xf8?\xf7.\xf6$\xf5\x22\xf4,\xf3A\
\xf2c\xf1\x95\xf0\xd8\xef-\xef\x96\xee\x14\xee\xa7\xedR\
\xed\x15\xed\xf0\xec\xe6\xec\xf5\xec\x1e\xedb\xed\xc1\xed:\
\xee\xcd\xeez\xef@\xf0\x1e\xf1\x14\xf2 \xf3A\xf4u\
\xf5\xbb\xf6\x12\xf8w\xf9\xe9\xfaf\xfc\xeb\xfdv\xff\x05\
\x01\x96\x02'\x04\xb5\x05?\x07\xc0\x089\x0a\xa5\x0b\x03\
\x0dQ\x0e\x8d\x0f\xb5\x10\xc6\x11\xc0\x12\xa1\x13h\x14\x12\
\x15\xa0\x15\x10\x16b\x16\x94\x16\xa7\x16\x9a\x16n\x16#\
\x16\xb8\x15/\x15\x89\x14\xc6\x13\xe8\x12\xf0\x11\xdf\x10\xb7\
\x0fy\x0e)\x0d\xc6\x0bU\x0a\xd6\x08L\x07\xba\x05!\
\x04\x85\x02\xe7\x00K\xff\xb1\xfd\x1c\xfc\x90\xfa\x0d\xf9\x97\
\xf7/\xf6\xd7\xf4\x91\xf3_\xf2B\xf1<\xf0N\xefy\
\xee\xbf\xed\x1f\xed\x9b\xec3\xec\xe7\xeb\xb7\xeb\xa4\xeb\xac\
\xeb\xd1\xeb\x10\xecj\xec\xdd\xech\xed\x0b\xee\xc3\xee\x90\
\xefq\xf0b\xf1c\xf2s\xf3\x8f\xf4\xb5\xf5\xe3\xf6\x19\
\xf8S\xf9\x90\xfa\xcf\xfb\x0c\xfdH\xfe\x7f\xff\xaf\x00\xd9\
\x01\xfa\x02\x11\x04\x1c\x05\x1a\x06\x0b\x07\xed\x07\xbf\x08\x81\
\x092\x0a\xd1\x0a_\x0b\xda\x0bD\x0c\x9b\x0c\xe0\x0c\x13\
\x0d5\x0dF\x0dF\x0d6\x0d\x17\x0d\xe9\x0c\xad\x0ce\
\x0c\x10\x0c\xb1\x0bG\x0b\xd5\x0aZ\x0a\xd8\x09P\x09\xc3\
\x082\x08\x9e\x07\x07\x07o\x06\xd7\x05>\x05\xa7\x04\x11\
\x04}\x03\xec\x02_\x02\xd5\x01O\x01\xce\x00Q\x00\xdb\
\xffh\xff\xfa\xfe\x92\xfe.\xfe\xd0\xfdv\xfd\x22\xfd\xd2\
\xfc\x86\xfc?\xfc\xfc\xfb\xbd\xfb\x81\xfbI\xfb\x14\xfb\xe2\
\xfa\xb3\xfa\x86\xfa\x5c\xfa4\xfa\x0e\xfa\xea\xf9\xc8\xf9\xa8\
\xf9\x8a\xf9n\xf9T\xf9<\xf9&\xf9\x13\xf9\x03\xf9\xf5\
\xf8\xea\xf8\xe3\xf8\xdf\xf8\xdf\xf8\xe4\xf8\xec\xf8\xf9\xf8\x0c\
\xf9#\xf9@\xf9c\xf9\x8c\xf9\xba\xf9\xef\xf9+\xfam\
\xfa\xb6\xfa\x05\xfbZ\xfb\xb6\xfb\x19\xfc\x81\xfc\xef\xfcc\
\xfd\xdc\xfdZ\xfe\xdc\xfeb\xff\xec\xffw\x00\x06\x01\x96\
\x01'\x02\xb8\x02I\x03\xd8\x03f\x04\xf0\x04w\x05\xfa\
\x05x\x06\xf0\x06b\x07\xcd\x07/\x08\x8a\x08\xdb\x08$\
\x09b\x09\x96\x09\xbf\x09\xdd\x09\xf0\x09\xf8\x09\xf4\x09\xe4\
\x09\xc9\x09\xa3\x09q\x095\x09\xed\x08\x9c\x08@\x08\xdb\
\x07m\x07\xf7\x06x\x06\xf3\x05h\x05\xd7\x04A\x04\xa7\
\x03\x09\x03i\x02\xc8\x01%\x01\x83\x00\xe2\xffB\xff\xa4\
\xfe\x09\xfer\xfd\xdf\xfcQ\xfc\xc9\xfbF\xfb\xcb\xfaV\
\xfa\xe9\xf9\x83\xf9%\xf9\xd0\xf8\x83\xf8?\xf8\x03\xf8\xcf\
\xf7\xa5\xf7\x83\xf7i\xf7W\xf7N\xf7L\xf7S\xf7`\
\xf7t\xf7\x8f\xf7\xb1\xf7\xd8\xf7\x05\xf87\xf8o\xf8\xab\
\xf8\xeb\xf8/\xf9w\xf9\xc2\xf9\x10\xfaa\xfa\xb4\xfa\x0a\
\xfbb\xfb\xbb\xfb\x17\xfct\xfc\xd2\xfc2\xfd\x94\xfd\xf7\
\xfdZ\xfe\xc0\xfe&\xff\x8d\xff\xf6\xff^\x00\xc9\x005\
\x01\xa2\x01\x0f\x02}\x02\xed\x02\x5c\x03\xcc\x03=\x04\xad\
\x04\x1d\x05\x8d\x05\xfc\x05i\x06\xd6\x06@\x07\xa8\x07\x0c\
\x08n\x08\xcb\x08$\x09x\x09\xc6\x09\x0e\x0aN\x0a\x88\
\x0a\xb8\x0a\xe0\x0a\xff\x0a\x13\x0b\x1d\x0b\x1b\x0b\x0e\x0b\xf5\
\x0a\xcf\x0a\x9c\x0a\x5c\x0a\x0e\x0a\xb3\x09J\x09\xd3\x08O\
\x08\xbd\x07\x1f\x07s\x06\xbb\x05\xf6\x04'\x04M\x03j\
\x02}\x01\x89\x00\x8f\xff\x8f\xfe\x8a\xfd\x82\xfcx\xfbn\
\xfae\xf9_\xf8]\xf7`\xf6k\xf5~\xf4\x9c\xf3\xc5\
\xf2\xfb\xf1@\xf1\x94\xf0\xfa\xefr\xef\xfe\xee\x9f\xeeU\
\xee!\xee\x04\xee\xff\xed\x12\xee=\xee\x81\xee\xdd\xeeR\
\xef\xde\xef\x83\xf0>\xf1\x10\xf2\xf7\xf2\xf3\xf3\x02\xf5#\
\xf6U\xf7\x95\xf8\xe3\xf9<\xfb\xa0\xfc\x0b\xfe{\xff\xef\
\x00f\x02\xdb\x03O\x05\xbd\x06%\x08\x84\x09\xd8\x0a\x1f\
\x0cW\x0d~\x0e\x92\x0f\x92\x10|\x11O\x12\x09\x13\xa9\
\x13.\x14\x98\x14\xe5\x14\x16\x15)\x15\x1f\x15\xf7\x14\xb2\
\x14Q\x14\xd3\x139\x13\x85\x12\xb7\x11\xd1\x10\xd4\x0f\xc1\
\x0e\x9a\x0d`\x0c\x17\x0b\xbe\x09Z\x08\xeb\x06t\x05\xf7\
\x03v\x02\xf4\x00s\xff\xf4\xfdz\xfc\x08\xfb\x9f\xf9A\
\xf8\xf1\xf6\xaf\xf5\x7f\xf4a\xf3W\xf2b\xf1\x84\xf0\xbe\
\xef\x10\xef{\xee\x00\xee\xa0\xedZ\xed/\xed\x1e\xed'\
\xedK\xed\x87\xed\xdd\xedJ\xee\xce\xeeh\xef\x16\xf0\xd7\
\xf0\xaa\xf1\x8e\xf2\x80\xf3\x7f\xf4\x89\xf5\x9d\xf6\xb8\xf7\xda\
\xf8\xff\xf9'\xfbP\xfcw\xfd\x9c\xfe\xbc\xff\xd5\x00\xe8\
\x01\xf2\x02\xf2\x03\xe6\x04\xce\x05\xa8\x06s\x070\x08\xdd\
\x08y\x09\x04\x0a\x7f\x0a\xe8\x0a?\x0b\x86\x0b\xbb\x0b\xe0\
\x0b\xf4\x0b\xf8\x0b\xec\x0b\xd2\x0b\xaa\x0bu\x0b3\x0b\xe5\
\x0a\x8e\x0a,\x0a\xc2\x09P\x09\xd8\x08[\x08\xd9\x07S\
\x07\xcb\x06A\x06\xb6\x05,\x05\xa2\x04\x1a\x04\x95\x03\x13\
\x03\x94\x02\x19\x02\xa3\x012\x01\xc6\x00_\x00\xff\xff\xa3\
\xffM\xff\xfd\xfe\xb2\xfem\xfe-\xfe\xf2\xfd\xbb\xfd\x89\
\xfd[\xfd1\xfd\x0a\xfd\xe6\xfc\xc4\xfc\xa5\xfc\x88\xfcl\
\xfcQ\xfc7\xfc\x1d\xfc\x04\xfc\xeb\xfb\xd1\xfb\xb7\xfb\x9d\
\xfb\x82\xfbg\xfbK\xfb.\xfb\x11\xfb\xf4\xfa\xd7\xfa\xbb\
\xfa\x9f\xfa\x83\xfai\xfaP\xfa:\xfa%\xfa\x13\xfa\x05\
\xfa\xfa\xf9\xf3\xf9\xf1\xf9\xf4\xf9\xfc\xf9\x09\xfa\x1d\xfa6\
\xfaW\xfa~\xfa\xac\xfa\xe2\xfa\x1e\xfbb\xfb\xae\xfb\x00\
\xfcZ\xfc\xba\xfc!\xfd\x8e\xfd\x02\xfez\xfe\xf8\xfe{\
\xff\x00\x00\x8a\x00\x16\x01\xa4\x013\x02\xc3\x02S\x03\xe2\
\x03n\x04\xf8\x04~\x05\x01\x06~\x06\xf5\x06e\x07\xce\
\x07/\x08\x88\x08\xd7\x08\x1d\x09X\x09\x89\x09\xaf\x09\xc9\
\x09\xd8\x09\xdb\x09\xd2\x09\xbe\x09\x9d\x09q\x09:\x09\xf7\
\x08\xa9\x08Q\x08\xef\x07\x83\x07\x0e\x07\x91\x06\x0b\x06\x7f\
\x05\xed\x04T\x04\xb8\x03\x17\x03r\x02\xcc\x01$\x01{\
\x00\xd4\xff,\xff\x86\xfe\xe3\xfdC\xfd\xa7\xfc\x0f\xfc}\
\xfb\xf1\xfal\xfa\xed\xf9v\xf9\x07\xf9\xa0\xf8A\xf8\xec\
\xf7\x9f\xf7\x5c\xf7\x22\xf7\xf2\xf6\xcb\xf6\xad\xf6\x99\xf6\x8d\
\xf6\x8b\xf6\x92\xf6\xa1\xf6\xb9\xf6\xd8\xf6\x00\xf7/\xf7e\
\xf7\xa2\xf7\xe6\xf7/\xf8~\xf8\xd3\xf8-\xf9\x8b\xf9\xee\
\xf9T\xfa\xbf\xfa,\xfb\x9d\xfb\x10\xfc\x86\xfc\xfd\xfcw\
\xfd\xf2\xfdo\xfe\xed\xfek\xff\xeb\xffj\x00\xea\x00j\
\x01\xea\x01i\x02\xe8\x02f\x03\xe3\x03_\x04\xd9\x04Q\
\x05\xc7\x05;\x06\xab\x06\x19\x07\x83\x07\xe9\x07K\x08\xa8\
\x08\x00\x09S\x09\x9f\x09\xe5\x09%\x0a\x5c\x0a\x8c\x0a\xb4\
\x0a\xd3\x0a\xe8\x0a\xf4\x0a\xf6\x0a\xee\x0a\xda\x0a\xbc\x0a\x92\
\x0a\x5c\x0a\x1b\x0a\xcd\x09s\x09\x0e\x09\x9c\x08\x1e\x08\x94\
\x07\xff\x06^\x06\xb2\x05\xfc\x04<\x04s\x03\xa1\x02\xc7\
\x01\xe7\x00\x00\x00\x15\xff%\xfe2\xfd>\xfcH\xfbT\
\xfaa\xf9q\xf8\x86\xf7\xa1\xf6\xc3\xf5\xee\xf4#\xf4b\
\xf3\xaf\xf2\x08\xf2q\xf1\xea\xf0t\xf0\x0f\xf0\xbe\xef\x80\
\xefW\xefC\xefD\xef[\xef\x88\xef\xcc\xef%\xf0\x95\
\xf0\x1b\xf1\xb5\xf1e\xf2)\xf3\x00\xf4\xea\xf4\xe5\xf5\xf0\
\xf6\x0a\xf82\xf9e\xfa\xa3\xfb\xea\xfc8\xfe\x8b\xff\xe0\
\x008\x02\x90\x03\xe5\x045\x06\x80\x07\xc2\x08\xfa\x09'\
\x0bE\x0cT\x0dS\x0e>\x0f\x16\x10\xd9\x10\x84\x11\x19\
\x12\x94\x12\xf7\x12?\x13m\x13\x81\x13y\x13V\x13\x19\
\x13\xc1\x12O\x12\xc4\x11 \x11e\x10\x92\x0f\xab\x0e\xb0\
\x0d\xa2\x0c\x83\x0bV\x0a\x1a\x09\xd3\x07\x83\x06*\x05\xcc\
\x03k\x02\x08\x01\xa6\xffF\xfe\xea\xfc\x95\xfbH\xfa\x06\
\xf9\xd0\xf7\xa7\xf6\x8f\xf5\x87\xf4\x91\xf3\xaf\xf2\xe2\xf1*\
\xf1\x8a\xf0\x00\xf0\x8e\xef5\xef\xf4\xee\xcb\xee\xbb\xee\xc4\
\xee\xe4\xee\x1c\xefj\xef\xcf\xefH\xf0\xd6\xf0v\xf1(\
\xf2\xeb\xf2\xbc\xf3\x9b\xf4\x86\xf5{\xf6x\xf7}\xf8\x86\
\xf9\x94\xfa\xa3\xfb\xb2\xfc\xc1\xfd\xcc\xfe\xd3\xff\xd3\x00\xcd\
\x01\xbe\x02\xa5\x03\x82\x04R\x05\x16\x06\xcc\x06s\x07\x0c\
\x08\x95\x08\x0e\x09w\x09\xd0\x09\x19\x0aR\x0a{\x0a\x94\
\x0a\x9e\x0a\x9a\x0a\x88\x0ah\x0a;\x0a\x03\x0a\xbf\x09r\
\x09\x1b\x09\xbd\x08W\x08\xea\x07y\x07\x04\x07\x8b\x06\x10\
\x06\x94\x05\x18\x05\x9c\x04!\x04\xa9\x033\x03\xc1\x02R\
\x02\xe8\x01\x84\x01$\x01\xca\x00v\x00'\x00\xe0\xff\x9e\
\xffa\xff+\xff\xfa\xfe\xce\xfe\xa7\xfe\x86\xfeh\xfeN\
\xfe8\xfe%\xfe\x14\xfe\x06\xfe\xf9\xfd\xed\xfd\xe1\xfd\xd6\
\xfd\xca\xfd\xbd\xfd\xaf\xfd\xa0\xfd\x8f\xfd|\xfdf\xfdN\
\xfd3\xfd\x16\xfd\xf6\xfc\xd4\xfc\xaf\xfc\x88\xfc^\xfc3\
\xfc\x06\xfc\xd9\xfb\xaa\xfb{\xfbM\xfb\x1f\xfb\xf2\xfa\xc7\
\xfa\x9f\xfaz\xfaX\xfa:\xfa!\xfa\x0d\xfa\xff\xf9\xf7\
\xf9\xf6\xf9\xfc\xf9\x0a\xfa\x1f\xfa=\xfab\xfa\x91\xfa\xc8\
\xfa\x07\xfbP\xfb\xa1\xfb\xfa\xfb[\xfc\xc4\xfc5\xfd\xac\
\xfd*\xfe\xae\xfe7\xff\xc5\xffV\x00\xeb\x00\x83\x01\x1c\
\x02\xb5\x02O\x03\xe7\x03~\x04\x11\x05\xa1\x05,\x06\xb1\
\x060\x07\xa8\x07\x18\x08\x7f\x08\xdc\x080\x09y\x09\xb7\
\x09\xe9\x09\x0f\x0a(\x0a6\x0a6\x0a*\x0a\x11\x0a\xeb\
\x09\xb8\x09y\x09.\x09\xd7\x08u\x08\x08\x08\x90\x07\x0f\
\x07\x86\x06\xf3\x05Z\x05\xb9\x04\x13\x04h\x03\xb9\x02\x06\
\x02R\x01\x9c\x00\xe6\xff0\xff|\xfe\xca\xfd\x1a\xfdo\
\xfc\xc9\xfb(\xfb\x8d\xfa\xf9\xf9m\xf9\xe9\xf8m\xf8\xfb\
\xf7\x92\xf73\xf7\xde\xf6\x94\xf6T\xf6\x1f\xf6\xf5\xf5\xd6\
\xf5\xc1\xf5\xb8\xf5\xb9\xf5\xc4\xf5\xda\xf5\xfa\xf5#\xf6V\
\xf6\x91\xf6\xd6\xf6\x22\xf7w\xf7\xd3\xf75\xf8\x9f\xf8\x0e\
\xf9\x83\xf9\xfc\xf9{\xfa\xfd\xfa\x83\xfb\x0c\xfc\x98\xfc&\
\xfd\xb6\xfdG\xfe\xd9\xfel\xff\xff\xff\x90\x00\x22\x01\xb3\
\x01C\x02\xd1\x02]\x03\xe6\x03m\x04\xf0\x04q\x05\xed\
\x05f\x06\xda\x06I\x07\xb4\x07\x19\x08y\x08\xd3\x08&\
\x09s\x09\xb9\x09\xf7\x09.\x0a]\x0a\x84\x0a\xa2\x0a\xb8\
\x0a\xc4\x0a\xc7\x0a\xc1\x0a\xb0\x0a\x96\x0aq\x0aB\x0a\x08\
\x0a\xc4\x09u\x09\x1b\x09\xb7\x08H\x08\xcf\x07K\x07\xbe\
\x06'\x06\x86\x05\xdd\x04+\x04r\x03\xb1\x02\xe9\x01\x1c\
\x01I\x00s\xff\x98\xfe\xbb\xfd\xdd\xfc\xfe\xfb\x1f\xfbB\
\xfag\xf9\x91\xf8\xbf\xf7\xf3\xf6/\xf6s\xf5\xc0\xf4\x18\
\xf4|\xf3\xec\xf2j\xf2\xf7\xf1\x93\xf1?\xf1\xfd\xf0\xcc\
\xf0\xad\xf0\xa2\xf0\xa9\xf0\xc5\xf0\xf3\xf06\xf1\x8c\xf1\xf6\
\xf1s\xf2\x04\xf3\xa6\xf3[\xf4 \xf5\xf6\xf5\xdb\xf6\xcf\
\xf7\xd0\xf8\xdc\xf9\xf3\xfa\x14\xfc<\xfdj\xfe\x9d\xff\xd2\
\x00\x09\x02?\x03t\x04\xa4\x05\xcf\x06\xf2\x07\x0d\x09\x1d\
\x0a \x0b\x16\x0c\xfd\x0c\xd3\x0d\x97\x0eH\x0f\xe4\x0fl\
\x10\xdd\x108\x11{\x11\xa7\x11\xbb\x11\xb6\x11\x99\x11d\
\x11\x16\x11\xb2\x106\x10\xa4\x0f\xfd\x0eA\x0er\x0d\x90\
\x0c\x9e\x0b\x9c\x0a\x8d\x09q\x08J\x07\x1a\x06\xe3\x04\xa7\
\x03g\x02&\x01\xe6\xff\xa6\xfek\xfd5\xfc\x07\xfb\xe2\
\xf9\xc8\xf8\xba\xf7\xba\xf6\xc9\xf5\xe9\xf4\x1a\xf4^\xf3\xb5\
\xf2!\xf2\xa2\xf19\xf1\xe6\xf0\xa8\xf0\x81\xf0q\xf0v\
\xf0\x91\xf0\xc2\xf0\x07\xf1`\xf1\xcc\xf1K\xf2\xdb\xf2z\
\xf3)\xf4\xe5\xf4\xae\xf5\x81\xf6]\xf7B\xf8,\xf9\x1b\
\xfa\x0e\xfb\x02\xfc\xf6\xfc\xe9\xfd\xd9\xfe\xc5\xff\xab\x00\x8b\
\x01b\x021\x03\xf6\x03\xaf\x04]\x05\xfd\x05\x91\x06\x17\
\x07\x8f\x07\xf8\x07R\x08\x9e\x08\xdb\x08\x09\x09)\x09;\
\x09?\x096\x09 \x09\xff\x08\xd2\x08\x9b\x08Z\x08\x11\
\x08\xc0\x07h\x07\x0a\x07\xa7\x06@\x06\xd6\x05j\x05\xfd\
\x04\x90\x04#\x04\xb8\x03O\x03\xe8\x02\x85\x02'\x02\xcc\
\x01w\x01'\x01\xdd\x00\x98\x00Z\x00\x22\x00\xf0\xff\xc4\
\xff\x9d\xff}\xffa\xffK\xff9\xff+\xff\x22\xff\x1b\
\xff\x17\xff\x16\xff\x16\xff\x17\xff\x19\xff\x1a\xff\x1b\xff\x1b\
\xff\x19\xff\x15\xff\x0f\xff\x05\xff\xf8\xfe\xe8\xfe\xd3\xfe\xbb\
\xfe\x9e\xfe}\xfeX\xfe.\xfe\x01\xfe\xcf\xfd\x9a\xfda\
\xfd&\xfd\xe7\xfc\xa7\xfce\xfc\x22\xfc\xde\xfb\x9b\xfbX\
\xfb\x17\xfb\xd9\xfa\x9d\xfad\xfa0\xfa\x01\xfa\xd8\xf9\xb5\
\xf9\x98\xf9\x84\xf9w\xf9r\xf9w\xf9\x85\xf9\x9c\xf9\xbd\
\xf9\xe9\xf9\x1e\xfa]\xfa\xa6\xfa\xfa\xfaW\xfb\xbd\xfb,\
\xfc\xa4\xfc$\xfd\xab\xfd9\xfe\xce\xfeg\xff\x04\x00\xa6\
\x00K\x01\xf1\x01\x99\x02@\x03\xe6\x03\x8a\x04+\x05\xc7\
\x05_\x06\xf0\x06{\x07\xfd\x07w\x08\xe7\x08M\x09\xa7\
\x09\xf6\x099\x0ao\x0a\x98\x0a\xb3\x0a\xc0\x0a\xc0\x0a\xb1\
\x0a\x95\x0ak\x0a2\x0a\xec\x09\x9a\x09:\x09\xce\x08V\
\x08\xd3\x07F\x07\xae\x06\x0f\x06g\x05\xb7\x04\x02\x04H\
\x03\x89\x02\xc7\x01\x03\x01=\x00y\xff\xb4\xfe\xf2\xfd2\
\xfdu\xfc\xbe\xfb\x0c\xfba\xfa\xbd\xf9!\xf9\x8e\xf8\x04\
\xf8\x84\xf7\x0e\xf7\xa4\xf6E\xf6\xf1\xf5\xaa\xf5o\xf5@\
\xf5\x1d\xf5\x07\xf5\xfd\xf4\xff\xf4\x0e\xf5(\xf5N\xf5\x7f\
\xf5\xbb\xf5\x01\xf6R\xf6\xac\xf6\x0f\xf7z\xf7\xed\xf7h\
\xf8\xea\xf8q\xf9\xfe\xf9\x90\xfa'\xfb\xc1\xfb]\xfc\xfd\
\xfc\x9e\xfd@\xfe\xe3\xfe\x86\xff(\x00\xca\x00j\x01\x08\
\x02\xa3\x02<\x03\xd1\x03b\x04\xef\x04w\x05\xfb\x05y\
\x06\xf1\x06c\x07\xcf\x074\x08\x93\x08\xea\x08:\x09\x82\
\x09\xc2\x09\xfa\x09*\x0aQ\x0ap\x0a\x86\x0a\x92\x0a\x96\
\x0a\x90\x0a\x82\x0ai\x0aG\x0a\x1c\x0a\xe7\x09\xa9\x09a\
\x09\x0f\x09\xb5\x08Q\x08\xe4\x07n\x07\xef\x06h\x06\xd9\
\x05B\x05\xa4\x04\xff\x03T\x03\xa2\x02\xec\x010\x01q\
\x00\xaf\xff\xea\xfe\x22\xfeZ\xfd\x91\xfc\xc9\xfb\x03\xfb>\
\xfa}\xf9\xc1\xf8\x09\xf8X\xf7\xae\xf6\x0c\xf6s\xf5\xe3\
\xf4_\xf4\xe6\xf3y\xf3\x1a\xf3\xc8\xf2\x85\xf2Q\xf2-\
\xf2\x19\xf2\x16\xf2#\xf2B\xf2r\xf2\xb2\xf2\x05\xf3h\
\xf3\xdc\xf3`\xf4\xf4\xf4\x98\xf5K\xf6\x0c\xf7\xda\xf7\xb5\
\xf8\x9a\xf9\x8b\xfa\x84\xfb\x85\xfc\x8d\xfd\x9b\xfe\xac\xff\xbe\
\x00\xd3\x01\xe8\x02\xfa\x03\x09\x05\x13\x06\x17\x07\x12\x08\x05\
\x09\xec\x09\xc8\x0a\x96\x0bV\x0c\x05\x0d\xa4\x0d2\x0e\xac\
\x0e\x14\x0fg\x0f\xa6\x0f\xcf\x0f\xe3\x0f\xe2\x0f\xcb\x0f\x9f\
\x0f^\x0f\x07\x0f\x9d\x0e\x1e\x0e\x8c\x0d\xe8\x0c2\x0cl\
\x0b\x97\x0a\xb4\x09\xc5\x08\xca\x07\xc5\x06\xb8\x05\xa4\x04\x8b\
\x03o\x02P\x012\x00\x16\xff\xfc\xfd\xe7\xfc\xd8\xfb\xd2\
\xfa\xd4\xf9\xe1\xf8\xfa\xf7!\xf7V\xf6\x9a\xf5\xef\xf4U\
\xf4\xcd\xf3X\xf3\xf6\xf2\xa8\xf2m\xf2F\xf23\xf24\
\xf2H\xf2o\xf2\xa8\xf2\xf4\xf2Q\xf3\xbe\xf3:\xf4\xc5\
\xf4^\xf5\x02\xf6\xb2\xf6k\xf7-\xf8\xf6\xf8\xc4\xf9\x97\
\xfam\xfbD\xfc\x1c\xfd\xf2\xfd\xc6\xfe\x96\xffa\x00&\
\x01\xe4\x01\x9a\x02G\x03\xeb\x03\x83\x04\x10\x05\x91\x05\x06\
\x06o\x06\xca\x06\x18\x07Y\x07\x8d\x07\xb4\x07\xce\x07\xdc\
\x07\xdd\x07\xd3\x07\xbe\x07\x9f\x07v\x07D\x07\x09\x07\xc8\
\x06\x80\x062\x06\xdf\x05\x89\x05/\x05\xd4\x04w\x04\x1a\
\x04\xbd\x03b\x03\x08\x03\xb1\x02^\x02\x0e\x02\xc2\x01|\
\x01:\x01\xfe\x00\xc7\x00\x96\x00l\x00F\x00'\x00\x0e\
\x00\xfa\xff\xeb\xff\xe1\xff\xdc\xff\xda\xff\xdc\xff\xe1\xff\xe9\
\xff\xf2\xff\xfd\xff\x08\x00\x14\x00\x1f\x00)\x002\x008\
\x00<\x00<\x009\x002\x00&\x00\x15\x00\x00\x00\xe5\
\xff\xc4\xff\x9e\xffr\xffA\xff\x0b\xff\xcf\xfe\x8f\xfeJ\
\xfe\x01\xfe\xb5\xfde\xfd\x13\xfd\xbf\xfcj\xfc\x14\xfc\xbe\
\xfbi\xfb\x16\xfb\xc5\xfax\xfa/\xfa\xeb\xf9\xac\xf9t\
\xf9B\xf9\x19\xf9\xf8\xf8\xe0\xf8\xd1\xf8\xcd\xf8\xd3\xf8\xe3\
\xf8\xff\xf8%\xf9W\xf9\x95\xf9\xdd\xf91\xfa\x90\xfa\xf9\
\xfal\xfb\xe9\xfbo\xfc\xfd\xfc\x94\xfd1\xfe\xd5\xfe~\
\xff*\x00\xda\x00\x8e\x01B\x02\xf7\x02\xaa\x03\x5c\x04\x0b\
\x05\xb6\x05[\x06\xfa\x06\x92\x07\x22\x08\xa8\x08%\x09\x96\
\x09\xfc\x09U\x0a\xa1\x0a\xe0\x0a\x10\x0b2\x0bE\x0bI\
\x0b>\x0b$\x0b\xfb\x0a\xc3\x0a|\x0a'\x0a\xc4\x09S\
\x09\xd6\x08M\x08\xb8\x07\x18\x07o\x06\xbd\x05\x03\x05C\
\x04|\x03\xb1\x02\xe2\x01\x11\x01>\x00l\xff\x9a\xfe\xca\
\xfd\xfd\xfc4\xfcq\xfb\xb3\xfa\xfd\xf9N\xf9\xa8\xf8\x0c\
\xf8{\xf7\xf4\xf6y\xf6\x0a\xf6\xa7\xf5R\xf5\x0a\xf5\xcf\
\xf4\xa2\xf4\x83\xf4q\xf4m\xf4w\xf4\x8d\xf4\xb1\xf4\xe2\
\xf4\x1f\xf5h\xf5\xbc\xf5\x1b\xf6\x85\xf6\xf8\xf6t\xf7\xf9\
\xf7\x85\xf8\x19\xf9\xb2\xf9Q\xfa\xf5\xfa\x9c\xfbG\xfc\xf4\
\xfc\xa3\xfdS\xfe\x03\xff\xb3\xff`\x00\x0d\x01\xb7\x01_\
\x02\x03\x03\xa2\x03=\x04\xd3\x04c\x05\xed\x05p\x06\xed\
\x06b\x07\xd1\x077\x08\x95\x08\xeb\x088\x09}\x09\xb9\
\x09\xec\x09\x16\x0a7\x0aO\x0a]\x0ac\x0a_\x0aQ\
\x0a;\x0a\x1b\x0a\xf3\x09\xc1\x09\x87\x09D\x09\xf8\x08\xa4\
\x08G\x08\xe3\x07w\x07\x03\x07\x88\x06\x06\x06~\x05\xf0\
\x04[\x04\xc1\x03#\x03\x80\x02\xd8\x01.\x01\x80\x00\xd1\
\xff \xffm\xfe\xba\xfd\x07\xfdU\xfc\xa5\xfb\xf7\xfaL\
\xfa\xa5\xf9\x03\xf9f\xf8\xcf\xf7?\xf7\xb7\xf67\xf6\xc0\
\xf5S\xf5\xf0\xf4\x99\xf4M\xf4\x0d\xf4\xda\xf3\xb4\xf3\x9b\
\xf3\x91\xf3\x95\xf3\xa7\xf3\xc8\xf3\xf8\xf36\xf4\x83\xf4\xde\
\xf4H\xf5\xc0\xf5E\xf6\xd7\xf6v\xf7!\xf8\xd7\xf8\x98\
\xf9b\xfa5\xfb\x10\xfc\xf1\xfc\xd8\xfd\xc4\xfe\xb3\xff\xa3\
\x00\x95\x01\x87\x02w\x03d\x04M\x051\x06\x0d\x07\xe2\
\x07\xae\x08o\x09%\x0a\xcf\x0ak\x0b\xf8\x0bv\x0c\xe4\
\x0cB\x0d\x8e\x0d\xc9\x0d\xf1\x0d\x06\x0e\x0a\x0e\xfa\x0d\xd8\
\x0d\xa3\x0d[\x0d\x02\x0d\x98\x0c\x1d\x0c\x91\x0b\xf6\x0aM\
\x0a\x96\x09\xd2\x08\x03\x08*\x07H\x06_\x05o\x04z\
\x03\x82\x02\x87\x01\x8c\x00\x93\xff\x9b\xfe\xa7\xfd\xb8\xfc\xcf\
\xfb\xef\xfa\x16\xfaI\xf9\x86\xf8\xd0\xf7'\xf7\x8c\xf6\x00\
\xf6\x83\xf5\x17\xf5\xbb\xf4p\xf47\xf4\x0e\xf4\xf7\xf3\xf1\
\xf3\xfd\xf3\x19\xf4E\xf4\x81\xf4\xcd\xf4&\xf5\x8e\xf5\x02\
\xf6\x83\xf6\x0e\xf7\xa3\xf7A\xf8\xe6\xf8\x92\xf9D\xfa\xf9\
\xfa\xb1\xfbk\xfc%\xfd\xde\xfd\x96\xfeJ\xff\xfb\xff\xa5\
\x00J\x01\xe8\x01\x7f\x02\x0d\x03\x91\x03\x0c\x04}\x04\xe3\
\x04>\x05\x8e\x05\xd2\x05\x0b\x069\x06[\x06s\x06\x7f\
\x06\x81\x06z\x06h\x06N\x06,\x06\x02\x06\xd1\x05\x9a\
\x05^\x05\x1d\x05\xd9\x04\x91\x04G\x04\xfc\x03\xb0\x03e\
\x03\x1a\x03\xd1\x02\x8a\x02E\x02\x05\x02\xc8\x01\x8f\x01[\
\x01+\x01\x01\x01\xdd\x00\xbd\x00\xa3\x00\x8f\x00\x7f\x00u\
\x00o\x00o\x00r\x00y\x00\x83\x00\x90\x00\x9f\x00\xb0\
\x00\xc3\x00\xd5\x00\xe8\x00\xfa\x00\x0a\x01\x19\x01%\x01-\
\x013\x014\x010\x01(\x01\x1a\x01\x06\x01\xed\x00\xcd\
\x00\xa7\x00{\x00H\x00\x10\x00\xd2\xff\x8d\xffC\xff\xf4\
\xfe\x9f\xfeG\xfe\xeb\xfd\x8c\xfd+\xfd\xc7\xfcc\xfc\xff\
\xfb\x9b\xfb9\xfb\xd9\xfa|\xfa#\xfa\xcf\xf9\x81\xf99\
\xf9\xf9\xf8\xc0\xf8\x90\xf8j\xf8N\xf8<\xf85\xf8:\
\xf8J\xf8f\xf8\x8f\xf8\xc3\xf8\x04\xf9Q\xf9\xaa\xf9\x0f\
\xfa\x7f\xfa\xf9\xfa~\xfb\x0d\xfc\xa5\xfcE\xfd\xec\xfd\x9a\
\xfeM\xff\x04\x00\xc0\x00~\x01=\x02\xfc\x02\xba\x03v\
\x04/\x05\xe3\x05\x91\x069\x07\xd9\x07p\x08\xfd\x08\x7f\
\x09\xf5\x09_\x0a\xbc\x0a\x0b\x0bK\x0b|\x0b\x9e\x0b\xb0\
\x0b\xb3\x0b\xa5\x0b\x87\x0bZ\x0b\x1d\x0b\xd0\x0at\x0a\x0a\
\x0a\x91\x09\x0c\x09y\x08\xdb\x071\x07~\x06\xc1\x05\xfd\
\x041\x04`\x03\x89\x02\xb0\x01\xd4\x00\xf8\xff\x1b\xff@\
\xfeg\xfd\x91\xfc\xc1\xfb\xf6\xfa2\xfaw\xf9\xc4\xf8\x1b\
\xf8|\xf7\xe9\xf6b\xf6\xe8\xf5{\xf5\x1b\xf5\xca\xf4\x87\
\xf4S\xf4-\xf4\x16\xf4\x0e\xf4\x15\xf4*\xf4M\xf4~\
\xf4\xbc\xf4\x08\xf5`\xf5\xc3\xf52\xf6\xac\xf60\xf7\xbc\
\xf7Q\xf8\xed\xf8\x90\xf99\xfa\xe7\xfa\x99\xfbN\xfc\x05\
\xfd\xbe\xfdx\xfe1\xff\xe9\xff\x9f\x00S\x01\x04\x02\xb1\
\x02Y\x03\xfd\x03\x9a\x041\x05\xc1\x05J\x06\xcc\x06E\
\x07\xb6\x07\x1e\x08}\x08\xd3\x08\x1f\x09b\x09\x9b\x09\xcb\
\x09\xf1\x09\x0d\x0a \x0a)\x0a(\x0a\x1e\x0a\x0b\x0a\xee\
\x09\xc9\x09\x9a\x09c\x09$\x09\xdd\x08\x8e\x087\x08\xd9\
\x07t\x07\x08\x07\x96\x06\x1e\x06\xa1\x05\x1e\x05\x97\x04\x0b\
\x04{\x03\xe7\x02Q\x02\xb7\x01\x1c\x01\x7f\x00\xe1\xffB\
\xff\xa2\xfe\x03\xfee\xfd\xc8\xfc-\xfc\x95\xfb\x00\xfbn\
\xfa\xe1\xf9X\xf9\xd5\xf8X\xf8\xe1\xf7r\xf7\x0a\xf7\xab\
\xf6T\xf6\x06\xf6\xc2\xf5\x88\xf5Y\xf54\xf5\x1b\xf5\x0d\
\xf5\x0b\xf5\x15\xf5+\xf5M\xf5{\xf5\xb6\xf5\xfc\xf5O\
\xf6\xae\xf6\x18\xf7\x8d\xf7\x0d\xf8\x98\xf8,\xf9\xca\xf9p\
\xfa\x1f\xfb\xd4\xfb\x90\xfcR\xfd\x19\xfe\xe3\xfe\xb0\xff~\
\x00N\x01\x1d\x02\xeb\x02\xb7\x03\x80\x04D\x05\x02\x06\xba\
\x06k\x07\x13\x08\xb1\x08E\x09\xce\x09K\x0a\xbb\x0a\x1d\
\x0br\x0b\xb8\x0b\xef\x0b\x16\x0c.\x0c6\x0c/\x0c\x17\
\x0c\xef\x0b\xb8\x0bq\x0b\x1b\x0b\xb7\x0aE\x0a\xc5\x098\
\x09\xa0\x08\xfc\x07N\x07\x97\x06\xd8\x05\x12\x05F\x04u\
\x03\xa1\x02\xca\x01\xf3\x00\x1b\x00F\xffr\xfe\xa2\xfd\xd7\
\xfc\x12\xfcT\xfb\x9e\xfa\xf1\xf9O\xf9\xb7\xf8+\xf8\xac\
\xf7:\xf7\xd5\xf6~\xf65\xf6\xfc\xf5\xd0\xf5\xb4\xf5\xa7\
\xf5\xa8\xf5\xb7\xf5\xd5\xf5\x00\xf69\xf6~\xf6\xd0\xf6,\
\xf7\x93\xf7\x04\xf8~\xf8\x00\xf9\x88\xf9\x17\xfa\xaa\xfaB\
\xfb\xdc\xfbx\xfc\x15\xfd\xb1\xfdM\xfe\xe6\xfe|\xff\x0d\
\x00\x9a\x00\x22\x01\xa3\x01\x1d\x02\x90\x02\xfa\x02\x5c\x03\xb6\
\x03\x06\x04L\x04\x89\x04\xbd\x04\xe7\x04\x07\x05\x1e\x05-\
\x052\x05/\x05%\x05\x13\x05\xfa\x04\xdb\x04\xb6\x04\x8c\
\x04^\x04,\x04\xf7\x03\xc0\x03\x87\x03N\x03\x14\x03\xdb\
\x02\xa2\x02l\x027\x02\x06\x02\xd7\x01\xac\x01\x85\x01b\
\x01D\x01*\x01\x15\x01\x05\x01\xf9\x00\xf2\x00\xef\x00\xf1\
\x00\xf7\x00\x00\x01\x0d\x01\x1d\x01/\x01C\x01X\x01n\
\x01\x85\x01\x9b\x01\xb1\x01\xc4\x01\xd6\x01\xe5\x01\xf1\x01\xf9\
\x01\xfc\x01\xfb\x01\xf5\x01\xe9\x01\xd7\x01\xbe\x01\xa0\x01z\
\x01N\x01\x1c\x01\xe2\x00\xa2\x00[\x00\x0e\x00\xbd\xffe\
\xff\x08\xff\xa6\xfeA\xfe\xd8\xfdl\xfd\xff\xfc\x91\xfc\x22\
\xfc\xb4\xfbG\xfb\xdc\xfau\xfa\x12\xfa\xb3\xf9[\xf9\x09\
\xf9\xbe\xf8|\xf8C\xf8\x13\xf8\xee\xf7\xd3\xf7\xc4\xf7\xc1\
\xf7\xca\xf7\xdf\xf7\x01\xf80\xf8l\xf8\xb4\xf8\x09\xf9j\
\xf9\xd7\xf9P\xfa\xd4\xfab\xfb\xfb\xfb\x9c\xfcE\xfd\xf6\
\xfd\xad\xfei\xff(\x00\xec\x00\xb1\x01x\x02>\x03\x02\
\x04\xc4\x04\x81\x059\x06\xeb\x06\x96\x078\x08\xd0\x08]\
\x09\xdf\x09U\x0a\xbd\x0a\x17\x0bb\x0b\x9e\x0b\xcb\x0b\xe7\
\x0b\xf3\x0b\xef\x0b\xda\x0b\xb4\x0b\x7f\x0b9\x0b\xe3\x0a~\
\x0a\x09\x0a\x87\x09\xf7\x08[\x08\xb2\x07\xff\x06B\x06{\
\x05\xae\x04\xd9\x03\xff\x02!\x02@\x01]\x00{\xff\x98\
\xfe\xb8\xfd\xdb\xfc\x02\xfc0\xfbd\xfa\x9f\xf9\xe4\xf83\
\xf8\x8c\xf7\xf1\xf6c\xf6\xe1\xf5m\xf5\x08\xf5\xb1\xf4i\
\xf40\xf4\x07\xf4\xed\xf3\xe2\xf3\xe7\xf3\xfb\xf3\x1e\xf4P\
\xf4\x90\xf4\xde\xf48\xf5\xa0\xf5\x13\xf6\x91\xf6\x1a\xf7\xac\
\xf7G\xf8\xe9\xf8\x93\xf9B\xfa\xf7\xfa\xaf\xfbk\xfc)\
\xfd\xe8\xfd\xa8\xfef\xff#\x00\xde\x00\x96\x01I\x02\xf9\
\x02\xa2\x03F\x04\xe3\x04y\x05\x07\x06\x8c\x06\x09\x07}\
\x07\xe7\x07H\x08\x9f\x08\xec\x08.\x09g\x09\x95\x09\xb8\
\x09\xd2\x09\xe1\x09\xe7\x09\xe2\x09\xd4\x09\xbc\x09\x9b\x09q\
\x09?\x09\x04\x09\xc1\x08w\x08%\x08\xcc\x07m\x07\x08\
\x07\x9d\x06,\x06\xb7\x05=\x05\xc0\x04>\x04\xba\x032\
\x03\xa9\x02\x1d\x02\x90\x01\x02\x01s\x00\xe5\xffV\xff\xc8\
\xfe;\xfe\xb0\xfd&\xfd\x9f\xfc\x1b\xfc\x9a\xfb\x1d\xfb\xa4\
\xfa/\xfa\xbf\xf9U\xf9\xf0\xf8\x92\xf89\xf8\xe8\xf7\x9e\
\xf7\x5c\xf7\x22\xf7\xf0\xf6\xc6\xf6\xa5\xf6\x8e\xf6\x7f\xf6z\
\xf6\x7f\xf6\x8d\xf6\xa5\xf6\xc8\xf6\xf3\xf6)\xf7i\xf7\xb2\
\xf7\x04\xf8`\xf8\xc5\xf83\xf9\xa9\xf9'\xfa\xac\xfa8\
\xfb\xcb\xfbd\xfc\x02\xfd\xa5\xfdK\xfe\xf5\xfe\xa1\xffM\
\x00\xfc\x00\xaa\x01X\x02\x04\x03\xad\x03S\x04\xf5\x04\x92\
\x05(\x06\xb8\x06@\x07\xc0\x077\x08\xa5\x08\x07\x09`\
\x09\xac\x09\xed\x09\x22\x0aI\x0ad\x0ar\x0as\x0af\
\x0aL\x0a%\x0a\xf1\x09\xb0\x09c\x09\x09\x09\xa4\x085\
\x08\xba\x076\x07\xa9\x06\x14\x06w\x05\xd4\x04+\x04}\
\x03\xcc\x02\x18\x02b\x01\xac\x00\xf7\xffB\xff\x90\xfe\xe1\
\xfd7\xfd\x92\xfc\xf3\xfb[\xfb\xcb\xfaD\xfa\xc6\xf9Q\
\xf9\xe8\xf8\x89\xf86\xf8\xef\xf7\xb3\xf7\x84\xf7a\xf7K\
\xf7A\xf7C\xf7Q\xf7k\xf7\x90\xf7\xc0\xf7\xfb\xf7?\
\xf8\x8d\xf8\xe3\xf8A\xf9\xa7\xf9\x12\xfa\x83\xfa\xf9\xfas\
\xfb\xf0\xfbo\xfc\xef\xfcp\xfd\xf0\xfdo\xfe\xec\xfef\
\xff\xdc\xffN\x00\xbc\x00$\x01\x86\x01\xe2\x018\x02\x86\
\x02\xcd\x02\x0d\x03E\x03u\x03\x9e\x03\xbf\x03\xd8\x03\xea\
\x03\xf6\x03\xfa\x03\xf8\x03\xf0\x03\xe3\x03\xd0\x03\xb9\x03\x9e\
\x03\x7f\x03^\x03:\x03\x14\x03\xee\x02\xc6\x02\x9f\x02x\
\x02S\x02.\x02\x0c\x02\xec\x01\xcf\x01\xb5\x01\x9f\x01\x8b\
\x01|\x01p\x01i\x01e\x01e\x01i\x01p\x01{\
\x01\x88\x01\x99\x01\xac\x01\xc0\x01\xd7\x01\xee\x01\x06\x02\x1e\
\x025\x02K\x02`\x02r\x02\x82\x02\x8e\x02\x96\x02\x9a\
\x02\x9a\x02\x94\x02\x89\x02w\x02_\x02A\x02\x1c\x02\xf1\
\x01\xbe\x01\x85\x01E\x01\xfe\x00\xb0\x00]\x00\x03\x00\xa5\
\xffA\xff\xd9\xfem\xfe\xfe\xfd\x8c\xfd\x18\xfd\xa3\xfc.\
\xfc\xba\xfbG\xfb\xd6\xfai\xfa\x00\xfa\x9c\xf9>\xf9\xe6\
\xf8\x96\xf8O\xf8\x10\xf8\xdc\xf7\xb1\xf7\x92\xf7~\xf7w\
\xf7{\xf7\x8d\xf7\xab\xf7\xd6\xf7\x0f\xf8T\xf8\xa6\xf8\x05\
\xf9p\xf9\xe7\xf9i\xfa\xf7\xfa\x8e\xfb/\xfc\xd8\xfc\x89\
\xfdA\xfe\xff\xfe\xc1\xff\x85\x00N\x01\x17\x02\xe0\x02\xa9\
\x03n\x041\x05\xee\x05\xa5\x06U\x07\xfd\x07\x9b\x08/\
\x09\xb7\x094\x0a\xa2\x0a\x03\x0bV\x0b\x99\x0b\xcc\x0b\xef\
\x0b\x02\x0c\x04\x0c\xf5\x0b\xd6\x0b\xa6\x0be\x0b\x14\x0b\xb4\
\x0aD\x0a\xc5\x099\x09\x9f\x08\xf9\x07G\x07\x8c\x06\xc6\
\x05\xf9\x04$\x04J\x03k\x02\x88\x01\xa3\x00\xbf\xff\xda\
\xfe\xf7\xfd\x17\xfd;\xfce\xfb\x95\xfa\xcd\xf9\x0e\xf9Y\
\xf8\xae\xf7\x0f\xf7}\xf6\xf8\xf5\x81\xf5\x18\xf5\xbf\xf4t\
\xf49\xf4\x0e\xf4\xf3\xf3\xe7\xf3\xec\xf3\x00\xf4#\xf4U\
\xf4\x96\xf4\xe5\xf4B\xf5\xab\xf5 \xf6\xa1\xf6-\xf7\xc2\
\xf7`\xf8\x06\xf9\xb3\xf9f\xfa\x1e\xfb\xda\xfb\x99\xfcY\
\xfd\x1b\xfe\xdd\xfe\x9d\xff[\x00\x17\x01\xcf\x01\x82\x021\
\x03\xd9\x03z\x04\x14\x05\xa6\x05/\x06\xaf\x06&\x07\x93\
\x07\xf6\x07O\x08\x9d\x08\xe1\x08\x19\x09G\x09k\x09\x83\
\x09\x91\x09\x95\x09\x8e\x09~\x09d\x09A\x09\x14\x09\xe0\
\x08\xa3\x08^\x08\x12\x08\xbf\x07e\x07\x06\x07\xa1\x067\
\x06\xc9\x05V\x05\xe0\x04g\x04\xeb\x03m\x03\xed\x02l\
\x02\xea\x01h\x01\xe6\x00d\x00\xe4\xffc\xff\xe5\xfeh\
\xfe\xee\xfdv\xfd\x01\xfd\x8f\xfc \xfc\xb6\xfbO\xfb\xed\
\xfa\x8f\xfa7\xfa\xe3\xf9\x95\xf9L\xf9\x0a\xf9\xcd\xf8\x97\
\xf8g\xf8>\xf8\x1b\xf8\x00\xf8\xec\xf7\xdf\xf7\xda\xf7\xdc\
\xf7\xe5\xf7\xf7\xf7\x10\xf80\xf8Y\xf8\x89\xf8\xc0\xf8\xff\
\xf8E\xf9\x93\xf9\xe7\xf9B\xfa\xa3\xfa\x0b\xfby\xfb\xec\
\xfbd\xfc\xe1\xfcb\xfd\xe6\xfdn\xfe\xf9\xfe\x85\xff\x12\
\x00\xa2\x001\x01\xc0\x01M\x02\xda\x02c\x03\xea\x03m\
\x04\xeb\x04e\x05\xd9\x05F\x06\xad\x06\x0d\x07d\x07\xb3\
\x07\xf9\x076\x08i\x08\x92\x08\xb0\x08\xc4\x08\xce\x08\xcd\
\x08\xc1\x08\xaa\x08\x88\x08\x5c\x08%\x08\xe4\x07\x9a\x07F\
\x07\xe9\x06\x83\x06\x16\x06\xa1\x05%\x05\xa3\x04\x1c\x04\x90\
\x03\x00\x03m\x02\xd8\x01A\x01\xaa\x00\x13\x00~\xff\xea\
\xfeY\xfe\xcb\xfdA\xfd\xbc\xfc=\xfc\xc4\xfbR\xfb\xe8\
\xfa\x86\xfa,\xfa\xdc\xf9\x94\xf9V\xf9\x22\xf9\xf8\xf8\xd8\
\xf8\xc2\xf8\xb6\xf8\xb4\xf8\xbc\xf8\xce\xf8\xe9\xf8\x0c\xf98\
\xf9m\xf9\xa9\xf9\xec\xf95\xfa\x85\xfa\xd9\xfa3\xfb\x90\
\xfb\xf0\xfbS\xfc\xb8\xfc\x1e\xfd\x85\xfd\xeb\xfdP\xfe\xb4\
\xfe\x16\xffu\xff\xd1\xff(\x00}\x00\xcc\x00\x17\x01]\
\x01\x9d\x01\xd8\x01\x0d\x02<\x02e\x02\x88\x02\xa6\x02\xbe\
\x02\xd0\x02\xde\x02\xe6\x02\xea\x02\xe9\x02\xe4\x02\xdc\x02\xd1\
\x02\xc3\x02\xb2\x02\xa0\x02\x8c\x02x\x02c\x02N\x029\
\x02&\x02\x13\x02\x02\x02\xf3\x01\xe6\x01\xdc\x01\xd4\x01\xce\
\x01\xcc\x01\xcd\x01\xd0\x01\xd6\x01\xdf\x01\xeb\x01\xfa\x01\x0a\
\x02\x1d\x021\x02G\x02^\x02u\x02\x8c\x02\xa4\x02\xba\
\x02\xcf\x02\xe2\x02\xf3\x02\x01\x03\x0c\x03\x13\x03\x16\x03\x14\
\x03\x0d\x03\x01\x03\xef\x02\xd7\x02\xb9\x02\x94\x02h\x026\
\x02\xfd\x01\xbd\x01w\x01*\x01\xd7\x00~\x00 \x00\xbd\
\xffU\xff\xe8\xfex\xfe\x05\xfe\x90\xfd\x19\xfd\xa2\xfc*\
\xfc\xb3\xfb>\xfb\xcc\xfa]\xfa\xf2\xf9\x8c\xf9-\xf9\xd4\
\xf8\x83\xf8:\xf8\xfa\xf7\xc4\xf7\x98\xf7w\xf7b\xf7Y\
\xf7\x5c\xf7l\xf7\x88\xf7\xb2\xf7\xe8\xf7+\xf8{\xf8\xd8\
\xf8A\xf9\xb6\xf97\xfa\xc2\xfaW\xfb\xf6\xfb\x9d\xfcM\
\xfd\x03\xfe\xbf\xfe\x80\xffC\x00\x0a\x01\xd3\x01\x9c\x02d\
\x03)\x04\xec\x04\xaa\x05b\x06\x13\x07\xbc\x07\x5c\x08\xf2\
\x08}\x09\xfb\x09m\x0a\xd1\x0a&\x0bm\x0b\xa4\x0b\xcb\
\x0b\xe2\x0b\xe8\x0b\xde\x0b\xc2\x0b\x97\x0bZ\x0b\x0e\x0b\xb2\
\x0aF\x0a\xcc\x09D\x09\xae\x08\x0c\x08^\x07\xa6\x06\xe4\
\x05\x1a\x05H\x04p\x03\x94\x02\xb4\x01\xd1\x00\xee\xff\x0b\
\xff)\xfeJ\xfdo\xfc\x99\xfb\xca\xfa\x02\xfaC\xf9\x8e\
\xf8\xe4\xf7E\xf7\xb2\xf6-\xf6\xb6\xf5M\xf5\xf3\xf4\xa8\
\xf4m\xf4A\xf4&\xf4\x1a\xf4\x1e\xf42\xf4V\xf4\x88\
\xf4\xca\xf4\x19\xf5v\xf5\xe0\xf5V\xf6\xd7\xf6c\xf7\xf9\
\xf7\x98\xf8>\xf9\xec\xf9\x9f\xfaW\xfb\x12\xfc\xd1\xfc\x91\
\xfdQ\xfe\x12\xff\xd1\xff\x8c\x00F\x01\xfb\x01\xab\x02U\
\x03\xf9\x03\x96\x04*\x05\xb7\x05:\x06\xb3\x06#\x07\x88\
\x07\xe3\x073\x08y\x08\xb3\x08\xe2\x08\x06\x09 \x09.\
\x092\x09,\x09\x1b\x09\x01\x09\xdd\x08\xb1\x08|\x08?\
\x08\xfa\x07\xae\x07[\x07\x02\x07\xa4\x06A\x06\xd9\x05m\
\x05\xfe\x04\x8c\x04\x17\x04\xa1\x03)\x03\xb0\x027\x02\xbe\
\x01E\x01\xcd\x00V\x00\xe2\xffo\xff\xfe\xfe\x8f\xfe$\
\xfe\xbb\xfdV\xfd\xf4\xfc\x96\xfc<\xfc\xe6\xfb\x95\xfbH\
\xfb\xff\xfa\xbc\xfa}\xfaC\xfa\x0e\xfa\xde\xf9\xb4\xf9\x8f\
\xf9o\xf9T\xf9@\xf90\xf9'\xf9\x22\xf9$\xf9+\
\xf98\xf9K\xf9c\xf9\x81\xf9\xa5\xf9\xce\xf9\xfd\xf91\
\xfak\xfa\xa9\xfa\xed\xfa6\xfb\x84\xfb\xd6\xfb-\xfc\x87\
\xfc\xe6\xfcH\xfd\xae\xfd\x16\xfe\x82\xfe\xef\xfe^\xff\xcf\
\xff@\x00\xb2\x00$\x01\x96\x01\x08\x02w\x02\xe5\x02Q\
\x03\xba\x03\x1f\x04\x81\x04\xde\x046\x05\x89\x05\xd7\x05\x1e\
\x06_\x06\x98\x06\xcb\x06\xf6\x06\x19\x074\x07F\x07P\
\x07R\x07K\x07<\x07#\x07\x03\x07\xda\x06\xa8\x06o\
\x06.\x06\xe5\x05\x95\x05?\x05\xe3\x04\x80\x04\x19\x04\xac\
\x03<\x03\xc8\x02Q\x02\xd8\x01^\x01\xe2\x00f\x00\xeb\
\xffq\xff\xf8\xfe\x81\xfe\x0e\xfe\x9e\xfd2\xfd\xcb\xfci\
\xfc\x0d\xfc\xb7\xfbh\xfb \xfb\xde\xfa\xa5\xfas\xfaI\
\xfa'\xfa\x0d\xfa\xfb\xf9\xf1\xf9\xef\xf9\xf5\xf9\x02\xfa\x17\
\xfa3\xfaU\xfa~\xfa\xad\xfa\xe1\xfa\x1b\xfbY\xfb\x9b\
\xfb\xe0\xfb)\xfct\xfc\xc2\xfc\x10\xfd`\xfd\xb0\xfd\xff\
\xfdN\xfe\x9c\xfe\xe8\xfe3\xff{\xff\xc0\xff\x01\x00@\
\x00{\x00\xb3\x00\xe6\x00\x16\x01A\x01h\x01\x8c\x01\xab\
\x01\xc6\x01\xdd\x01\xf1\x01\x01\x02\x0e\x02\x18\x02\x1f\x02$\
\x02&\x02'\x02'\x02%\x02\x22\x02\x1f\x02\x1c\x02\x19\
\x02\x16\x02\x14\x02\x13\x02\x13\x02\x15\x02\x18\x02\x1d\x02$\
\x02-\x027\x02C\x02R\x02a\x02s\x02\x86\x02\x9a\
\x02\xaf\x02\xc4\x02\xda\x02\xf0\x02\x06\x03\x1b\x03.\x03A\
\x03Q\x03_\x03j\x03r\x03v\x03v\x03r\x03h\
\x03Z\x03F\x03-\x03\x0d\x03\xe8\x02\xbc\x02\x89\x02Q\
\x02\x12\x02\xcc\x01\x81\x010\x01\xd8\x00|\x00\x1a\x00\xb4\
\xffJ\xff\xdc\xfej\xfe\xf6\xfd\x81\xfd\x0a\xfd\x93\xfc\x1c\
\xfc\xa6\xfb3\xfb\xc2\xfaT\xfa\xeb\xf9\x88\xf9*\xf9\xd3\
\xf8\x84\xf8=\xf8\xff\xf7\xca\xf7\xa0\xf7\x81\xf7l\xf7d\
\xf7g\xf7w\xf7\x93\xf7\xbc\xf7\xf2\xf74\xf8\x82\xf8\xdd\
\xf8D\xf9\xb6\xf94\xfa\xbc\xfaN\xfb\xe9\xfb\x8d\xfc8\
\xfd\xea\xfd\xa2\xfe^\xff\x1e\x00\xe1\x00\xa5\x01j\x02.\
\x03\xf0\x03\xae\x04i\x05\x1e\x06\xcc\x06s\x07\x11\x08\xa5\
\x08.\x09\xab\x09\x1d\x0a\x80\x0a\xd6\x0a\x1d\x0bV\x0b~\
\x0b\x97\x0b\xa0\x0b\x98\x0b\x80\x0bX\x0b\x1f\x0b\xd7\x0a\x7f\
\x0a\x19\x0a\xa3\x09 \x09\x90\x08\xf3\x07K\x07\x99\x06\xdc\
\x05\x18\x05L\x04z\x03\xa3\x02\xc8\x01\xeb\x00\x0d\x000\
\xffS\xfey\xfd\xa2\xfc\xd1\xfb\x06\xfbB\xfa\x87\xf9\xd5\
\xf8.\xf8\x92\xf7\x02\xf7\x7f\xf6\x0a\xf6\xa3\xf5J\xf5\x01\
\xf5\xc7\xf4\x9c\xf4\x81\xf4v\xf4{\xf4\x8f\xf4\xb2\xf4\xe4\
\xf4%\xf5s\xf5\xcf\xf58\xf6\xad\xf6-\xf7\xb7\xf7K\
\xf8\xe7\xf8\x8b\xf96\xfa\xe6\xfa\x9b\xfbS\xfc\x0e\xfd\xca\
\xfd\x86\xfeB\xff\xfc\xff\xb3\x00g\x01\x17\x02\xc1\x02e\
\x03\x02\x04\x98\x04&\x05\xaa\x05&\x06\x98\x06\xff\x06\x5c\
\x07\xaf\x07\xf6\x073\x08e\x08\x8b\x08\xa6\x08\xb7\x08\xbd\
\x08\xb9\x08\xaa\x08\x92\x08p\x08E\x08\x12\x08\xd6\x07\x93\
\x07I\x07\xf9\x06\xa2\x06G\x06\xe6\x05\x82\x05\x19\x05\xae\
\x04A\x04\xd1\x03`\x03\xef\x02}\x02\x0b\x02\x9a\x01*\
\x01\xbb\x00N\x00\xe5\xff|\xff\x17\xff\xb5\xfeV\xfe\xfb\
\xfd\xa4\xfdP\xfd\x00\xfd\xb5\xfcn\xfc+\xfc\xec\xfb\xb2\
\xfb}\xfbL\xfb\x1f\xfb\xf7\xfa\xd3\xfa\xb4\xfa\x99\xfa\x82\
\xfao\xfaa\xfaW\xfaR\xfaP\xfaS\xfaY\xfad\
\xfar\xfa\x85\xfa\x9b\xfa\xb5\xfa\xd3\xfa\xf5\xfa\x1b\xfbD\
\xfbq\xfb\xa1\xfb\xd5\xfb\x0c\xfcG\xfc\x85\xfc\xc6\xfc\x0a\
\xfdQ\xfd\x9a\xfd\xe7\xfd5\xfe\x86\xfe\xd8\xfe-\xff\x83\
\xff\xda\xff1\x00\x89\x00\xe2\x00;\x01\x94\x01\xec\x01B\
\x02\x98\x02\xeb\x02=\x03\x8c\x03\xd8\x03 \x04e\x04\xa6\
\x04\xe3\x04\x1a\x05M\x05{\x05\xa2\x05\xc4\x05\xe0\x05\xf6\
\x05\x05\x06\x0d\x06\x0f\x06\x0a\x06\xfe\x05\xeb\x05\xd1\x05\xb1\
\x05\x8a\x05\x5c\x05(\x05\xef\x04\xaf\x04j\x04 \x04\xd0\
\x03}\x03%\x03\xca\x02l\x02\x0c\x02\xa9\x01E\x01\xdf\
\x00y\x00\x14\x00\xaf\xffK\xff\xe9\xfe\x88\xfe*\xfe\xcf\
\xfdx\xfd%\xfd\xd6\xfc\x8c\xfcG\xfc\x07\xfc\xcd\xfb\x99\
\xfbk\xfbC\xfb!\xfb\x06\xfb\xf1\xfa\xe3\xfa\xdb\xfa\xda\
\xfa\xde\xfa\xe9\xfa\xf9\xfa\x0f\xfb*\xfbJ\xfbo\xfb\x98\
\xfb\xc5\xfb\xf5\xfb)\xfc_\xfc\x98\xfc\xd3\xfc\x10\xfdM\
\xfd\x8b\xfd\xca\xfd\x09\xfeG\xfe\x85\xfe\xc1\xfe\xfd\xfe6\
\xffn\xff\xa4\xff\xd8\xff\x08\x007\x00c\x00\x8d\x00\xb4\
\x00\xd9\x00\xfb\x00\x1a\x018\x01R\x01k\x01\x81\x01\x96\
\x01\xa9\x01\xbb\x01\xcb\x01\xda\x01\xe9\x01\xf6\x01\x04\x02\x11\
\x02\x1e\x02+\x029\x02G\x02U\x02d\x02t\x02\x85\
\x02\x97\x02\xa9\x02\xbc\x02\xd0\x02\xe4\x02\xf9\x02\x0e\x03#\
\x038\x03L\x03`\x03s\x03\x85\x03\x96\x03\xa4\x03\xb0\
\x03\xba\x03\xc1\x03\xc4\x03\xc4\x03\xc0\x03\xb8\x03\xab\x03\x9a\
\x03\x83\x03g\x03F\x03\x1f\x03\xf2\x02\xbf\x02\x86\x02H\
\x02\x04\x02\xba\x01j\x01\x15\x01\xbb\x00\x5c\x00\xfa\xff\x93\
\xff(\xff\xba\xfeJ\xfe\xd8\xfdd\xfd\xf0\xfc|\xfc\x09\
\xfc\x97\xfb(\xfb\xbb\xfaS\xfa\xef\xf9\x90\xf97\xf9\xe5\
\xf8\x9a\xf8X\xf8\x1e\xf8\xee\xf7\xc7\xf7\xab\xf7\x9a\xf7\x93\
\xf7\x99\xf7\xaa\xf7\xc7\xf7\xf0\xf7%\xf8g\xf8\xb4\xf8\x0c\
\xf9q\xf9\xe0\xf9Y\xfa\xdd\xfaj\xfb\x00\xfc\x9e\xfcD\
\xfd\xef\xfd\xa1\xfeV\xff\x0e\x00\xca\x00\x87\x01E\x02\x02\
\x03\xbc\x03t\x04(\x05\xd6\x05\x7f\x06\x1f\x07\xb8\x07G\
\x08\xcc\x08E\x09\xb3\x09\x14\x0ah\x0a\xae\x0a\xe5\x0a\x0d\
\x0b&\x0b0\x0b*\x0b\x14\x0b\xef\x0a\xba\x0av\x0a#\
\x0a\xc2\x09R\x09\xd5\x08L\x08\xb6\x07\x15\x07k\x06\xb6\
\x05\xfa\x047\x04m\x03\x9f\x02\xcd\x01\xf8\x00\x22\x00M\
\xffy\xfe\xa7\xfd\xd8\xfc\x0f\xfcK\xfb\x8e\xfa\xda\xf9.\
\xf9\x8d\xf8\xf6\xf7k\xf7\xed\xf6|\xf6\x18\xf6\xc3\xf5|\
\xf5D\xf5\x1b\xf5\x01\xf5\xf7\xf4\xfc\xf4\x0f\xf52\xf5c\
\xf5\xa2\xf5\xee\xf5G\xf6\xad\xf6\x1e\xf7\x9b\xf7!\xf8\xb0\
\xf8H\xf9\xe7\xf9\x8c\xfa6\xfb\xe5\xfb\x97\xfcK\xfd\x00\
\xfe\xb6\xfej\xff\x1c\x00\xcc\x00x\x01 \x02\xc2\x02^\
\x03\xf3\x03\x81\x04\x06\x05\x82\x05\xf5\x05^\x06\xbd\x06\x12\
\x07\x5c\x07\x9b\x07\xd0\x07\xf9\x07\x18\x08,\x085\x084\
\x08)\x08\x15\x08\xf6\x07\xcf\x07\xa0\x07h\x07)\x07\xe3\
\x06\x96\x06D\x06\xed\x05\x91\x051\x05\xcd\x04g\x04\xff\
\x03\x95\x03*\x03\xbf\x02T\x02\xe9\x01\x80\x01\x18\x01\xb2\
\x00N\x00\xee\xff\x90\xff5\xff\xdd\xfe\x89\xfe:\xfe\xee\
\xfd\xa6\xfdc\xfd$\xfd\xe9\xfc\xb3\xfc\x81\xfcS\xfc*\
\xfc\x04\xfc\xe3\xfb\xc6\xfb\xad\xfb\x97\xfb\x85\xfbw\xfbl\
\xfbe\xfb`\xfb_\xfb`\xfbd\xfbk\xfbu\xfb\x81\
\xfb\x8f\xfb\xa0\xfb\xb3\xfb\xc9\xfb\xe1\xfb\xfb\xfb\x17\xfc5\
\xfcU\xfcx\xfc\x9c\xfc\xc3\xfc\xec\xfc\x17\xfdD\xfds\
\xfd\xa4\xfd\xd7\xfd\x0c\xfeC\xfe|\xfe\xb7\xfe\xf3\xfe1\
\xffp\xff\xb0\xff\xf2\xff4\x00x\x00\xbc\x00\x00\x01E\
\x01\x89\x01\xce\x01\x11\x02T\x02\x95\x02\xd5\x02\x13\x03O\
\x03\x89\x03\xc0\x03\xf4\x03$\x04Q\x04z\x04\x9f\x04\xbf\
\x04\xdb\x04\xf2\x04\x04\x05\x10\x05\x17\x05\x19\x05\x15\x05\x0c\
\x05\xfd\x04\xe8\x04\xce\x04\xae\x04\x88\x04^\x04.\x04\xf9\
\x03\xc0\x03\x82\x03@\x03\xfa\x02\xb1\x02d\x02\x15\x02\xc3\
\x01p\x01\x1b\x01\xc5\x00n\x00\x17\x00\xc1\xffk\xff\x16\
\xff\xc2\xfeq\xfe!\xfe\xd5\xfd\x8c\xfdF\xfd\x04\xfd\xc6\
\xfc\x8c\xfcW\xfc'\xfc\xfb\xfb\xd5\xfb\xb4\xfb\x98\xfb\x82\
\xfbq\xfbe\xfb_\xfb^\xfbb\xfbk\xfbx\xfb\x8a\
\xfb\xa1\xfb\xbc\xfb\xda\xfb\xfc\xfb\x22\xfcJ\xfcv\xfc\xa3\
\xfc\xd3\xfc\x05\xfd8\xfdl\xfd\xa1\xfd\xd7\xfd\x0d\xfeC\
\xfey\xfe\xae\xfe\xe3\xfe\x18\xffK\xff}\xff\xae\xff\xde\
\xff\x0b\x008\x00c\x00\x8d\x00\xb5\x00\xdc\x00\x01\x01%\
\x01H\x01i\x01\x8a\x01\xa9\x01\xc7\x01\xe4\x01\x01\x02\x1d\
\x028\x02S\x02m\x02\x87\x02\xa0\x02\xb9\x02\xd2\x02\xeb\
\x02\x04\x03\x1c\x033\x03K\x03a\x03w\x03\x8d\x03\xa1\
\x03\xb4\x03\xc6\x03\xd6\x03\xe4\x03\xf1\x03\xfb\x03\x03\x04\x08\
\x04\x0a\x04\x08\x04\x03\x04\xfa\x03\xee\x03\xdc\x03\xc7\x03\xac\
\x03\x8d\x03i\x03@\x03\x11\x03\xdd\x02\xa4\x02f\x02\x22\
\x02\xda\x01\x8c\x019\x01\xe2\x00\x87\x00(\x00\xc6\xff`\
\xff\xf7\xfe\x8b\xfe\x1e\xfe\xb0\xfdA\xfd\xd2\xfcc\xfc\xf6\
\xfb\x8b\xfb\x22\xfb\xbc\xfa[\xfa\xfe\xf9\xa6\xf9T\xf9\x09\
\xf9\xc5\xf8\x89\xf8V\xf8+\xf8\x0a\xf8\xf2\xf7\xe5\xf7\xe3\
\xf7\xeb\xf7\xfe\xf7\x1d\xf8G\xf8|\xf8\xbc\xf8\x08\xf9^\
\xf9\xbf\xf9*\xfa\x9f\xfa\x1d\xfb\xa5\xfb4\xfc\xcb\xfch\
\xfd\x0b\xfe\xb4\xfe`\xff\x0f\x00\xc1\x00u\x01(\x02\xdb\
\x02\x8c\x03:\x04\xe4\x04\x8a\x05)\x06\xc1\x06R\x07\xd9\
\x07W\x08\xcb\x083\x09\x8f\x09\xdf\x09!\x0aV\x0a}\
\x0a\x95\x0a\x9f\x0a\x9a\x0a\x86\x0ac\x0a2\x0a\xf3\x09\xa5\
\x09I\x09\xe0\x08k\x08\xe9\x07\x5c\x07\xc4\x06#\x06y\
\x05\xc7\x04\x0e\x04O\x03\x8c\x02\xc5\x01\xfc\x001\x00h\
\xff\x9e\xfe\xd7\xfd\x13\xfdT\xfc\x9a\xfb\xe7\xfa;\xfa\x98\
\xf9\xff\xf8p\xf8\xec\xf7s\xf7\x08\xf7\xa9\xf6X\xf6\x15\
\xf6\xdf\xf5\xb9\xf5\xa0\xf5\x96\xf5\x9b\xf5\xae\xf5\xcf\xf5\xfe\
\xf5:\xf6\x83\xf6\xd8\xf69\xf7\xa5\xf7\x1c\xf8\x9b\xf8$\
\xf9\xb4\xf9L\xfa\xe9\xfa\x8b\xfb1\xfc\xda\xfc\x85\xfd1\
\xfe\xdd\xfe\x88\xff0\x00\xd7\x00y\x01\x17\x02\xaf\x02A\
\x03\xcd\x03Q\x04\xcc\x04?\x05\xa9\x05\x09\x06`\x06\xac\
\x06\xee\x06&\x07S\x07u\x07\x8e\x07\x9b\x07\x9f\x07\x99\
\x07\x89\x07p\x07N\x07$\x07\xf2\x06\xb8\x06x\x061\
\x06\xe5\x05\x94\x05>\x05\xe4\x04\x87\x04'\x04\xc5\x03b\
\x03\xfe\x02\x9a\x026\x02\xd3\x01q\x01\x11\x01\xb3\x00W\
\x00\xff\xff\xaa\xffX\xff\x0a\xff\xc0\xfez\xfe8\xfe\xfa\
\xfd\xc1\xfd\x8c\xfd\x5c\xfd0\xfd\x08\xfd\xe5\xfc\xc6\xfc\xaa\
\xfc\x93\xfc\x7f\xfcn\xfca\xfcW\xfcP\xfcL\xfcJ\
\xfcJ\xfcM\xfcR\xfcX\xfc`\xfci\xfct\xfc\x80\
\xfc\x8d\xfc\x9b\xfc\xaa\xfc\xba\xfc\xcb\xfc\xdd\xfc\xf0\xfc\x03\
\xfd\x18\xfd-\xfdC\xfdZ\xfds\xfd\x8d\xfd\xa7\xfd\xc4\
\xfd\xe1\xfd\x00\xfe!\xfeC\xfef\xfe\x8c\xfe\xb3\xfe\xdc\
\xfe\x06\xff2\xff`\xff\x90\xff\xc1\xff\xf4\xff'\x00\x5c\
\x00\x92\x00\xca\x00\x02\x01:\x01s\x01\xac\x01\xe5\x01\x1d\
\x02U\x02\x8c\x02\xc1\x02\xf5\x02'\x03W\x03\x84\x03\xaf\
\x03\xd6\x03\xfa\x03\x1b\x048\x04P\x04e\x04t\x04\x80\
\x04\x86\x04\x87\x04\x84\x04{\x04m\x04Z\x04A\x04$\
\x04\x02\x04\xdb\x03\xaf\x03~\x03I\x03\x10\x03\xd3\x02\x93\
\x02O\x02\x09\x02\xbf\x01t\x01'\x01\xd8\x00\x88\x008\
\x00\xe8\xff\x98\xffH\xff\xf9\xfe\xab\xfe_\xfe\x15\xfe\xce\
\xfd\x89\xfdH\xfd\x0a\xfd\xd0\xfc\x9a\xfch\xfc:\xfc\x11\
\xfc\xec\xfb\xcd\xfb\xb2\xfb\x9c\xfb\x8b\xfb\x80\xfby\xfbw\
\xfby\xfb\x81\xfb\x8d\xfb\x9d\xfb\xb2\xfb\xca\xfb\xe7\xfb\x07\
\xfc*\xfcP\xfcz\xfc\xa6\xfc\xd4\xfc\x04\xfd6\xfdj\
\xfd\x9f\xfd\xd6\xfd\x0d\xfeD\xfe|\xfe\xb5\xfe\xed\xfe%\
\xff]\xff\x94\xff\xcb\xff\x00\x005\x00i\x00\x9c\x00\xcf\
\x00\x00\x010\x01_\x01\x8c\x01\xb9\x01\xe4\x01\x0e\x026\
\x02^\x02\x84\x02\xa9\x02\xcd\x02\xf0\x02\x11\x031\x03P\
\x03n\x03\x8a\x03\xa4\x03\xbd\x03\xd5\x03\xea\x03\xfe\x03\x10\
\x04 \x04.\x049\x04A\x04G\x04J\x04J\x04G\
\x04@\x046\x04(\x04\x16\x04\x00\x04\xe6\x03\xc7\x03\xa4\
\x03}\x03Q\x03 \x03\xea\x02\xb0\x02r\x02.\x02\xe7\
\x01\x9b\x01K\x01\xf6\x00\x9f\x00C\x00\xe6\xff\x85\xff!\
\xff\xbc\xfeU\xfe\xed\xfd\x84\xfd\x1c\xfd\xb3\xfcL\xfc\xe7\
\xfb\x84\xfb$\xfb\xc7\xfan\xfa\x1a\xfa\xcb\xf9\x82\xf9?\
\xf9\x04\xf9\xd0\xf8\xa4\xf8\x80\xf8e\xf8S\xf8K\xf8M\
\xf8X\xf8n\xf8\x8f\xf8\xb9\xf8\xee\xf8.\xf9w\xf9\xca\
\xf9'\xfa\x8e\xfa\xfd\xfau\xfb\xf5\xfb|\xfc\x0a\xfd\x9e\
\xfd7\xfe\xd5\xfew\xff\x1a\x00\xc1\x00h\x01\x10\x02\xb6\
\x02[\x03\xfe\x03\x9c\x046\x05\xca\x05X\x06\xdf\x06]\
\x07\xd2\x07>\x08\x9f\x08\xf5\x08?\x09}\x09\xae\x09\xd2\
\x09\xe9\x09\xf3\x09\xee\x09\xdc\x09\xbc\x09\x8e\x09S\x09\x0b\
\x09\xb6\x08U\x08\xe8\x07o\x07\xec\x06_\x06\xc9\x05*\
\x05\x84\x04\xd8\x03&\x03p\x02\xb7\x01\xfb\x00>\x00\x82\
\xff\xc5\xfe\x0b\xfeT\xfd\xa1\xfc\xf3\xfbK\xfb\xab\xfa\x12\
\xfa\x82\xf9\xfc\xf8\x80\xf8\x10\xf8\xab\xf7R\xf7\x05\xf7\xc6\
\xf6\x94\xf6o\xf6X\xf6O\xf6S\xf6d\xf6\x83\xf6\xae\
\xf6\xe7\xf6+\xf7{\xf7\xd5\xf7:\xf8\xa9\xf8!\xf9\xa1\
\xf9(\xfa\xb6\xfaI\xfb\xe0\xfb|\xfc\x1a\xfd\xba\xfdZ\
\xfe\xfb\xfe\x9a\xff7\x00\xd1\x00h\x01\xfb\x01\x88\x02\x0f\
\x03\x90\x03\x09\x04{\x04\xe4\x04E\x05\x9c\x05\xea\x05/\
\x06i\x06\x9a\x06\xc1\x06\xdd\x06\xf0\x06\xf9\x06\xf9\x06\xef\
\x06\xdd\x06\xc2\x06\x9e\x06s\x06A\x06\x08\x06\xc8\x05\x84\
\x05:\x05\xeb\x04\x99\x04D\x04\xec\x03\x92\x036\x03\xda\
\x02}\x02!\x02\xc6\x01k\x01\x13\x01\xbd\x00i\x00\x19\
\x00\xcc\xff\x83\xff=\xff\xfb\xfe\xbd\xfe\x83\xfeN\xfe\x1e\
\xfe\xf1\xfd\xc9\xfd\xa6\xfd\x86\xfdk\xfdT\xfd@\xfd1\
\xfd$\xfd\x1b\xfd\x15\xfd\x11\xfd\x10\xfd\x11\xfd\x13\xfd\x18\
\xfd\x1e\xfd%\xfd.\xfd7\xfd@\xfdJ\xfdU\xfd_\
\xfdj\xfdt\xfd~\xfd\x88\xfd\x92\xfd\x9c\xfd\xa5\xfd\xae\
\xfd\xb7\xfd\xc1\xfd\xca\xfd\xd3\xfd\xdd\xfd\xe7\xfd\xf2\xfd\xfd\
\xfd\x0a\xfe\x17\xfe&\xfe6\xfeG\xfeZ\xfeo\xfe\x86\
\xfe\x9f\xfe\xba\xfe\xd7\xfe\xf7\xfe\x19\xff=\xffc\xff\x8b\
\xff\xb6\xff\xe3\xff\x10\x00A\x00s\x00\xa7\x00\xdc\x00\x11\
\x01H\x01\x7f\x01\xb7\x01\xee\x01%\x02[\x02\x90\x02\xc4\
\x02\xf6\x02'\x03T\x03\x7f\x03\xa7\x03\xcc\x03\xed\x03\x0a\
\x04$\x048\x04H\x04T\x04Z\x04[\x04W\x04N\
\x04@\x04,\x04\x13\x04\xf5\x03\xd2\x03\xaa\x03|\x03K\
\x03\x15\x03\xda\x02\x9c\x02Z\x02\x15\x02\xcd\x01\x82\x016\
\x01\xe7\x00\x97\x00F\x00\xf5\xff\xa4\xffR\xff\x01\xff\xb2\
\xfec\xfe\x17\xfe\xcd\xfd\x85\xfdA\xfd\x00\xfd\xc2\xfc\x89\
\xfcS\xfc\x22\xfc\xf5\xfb\xcd\xfb\xaa\xfb\x8d\xfbt\xfb`\
\xfbR\xfbH\xfbD\xfbE\xfbK\xfbV\xfbf\xfb{\
\xfb\x94\xfb\xb1\xfb\xd3\xfb\xf8\xfb!\xfcM\xfc}\xfc\xaf\
\xfc\xe4\xfc\x1c\xfdU\xfd\x91\xfd\xce\xfd\x0c\xfeK\xfe\x8c\
\xfe\xcc\xfe\x0e\xffO\xff\x90\xff\xd1\xff\x11\x00P\x00\x8f\
\x00\xcd\x00\x0a\x01F\x01\x80\x01\xb9\x01\xf0\x01&\x02Y\
\x02\x8b\x02\xbb\x02\xe9\x02\x15\x03?\x03g\x03\x8c\x03\xaf\
\x03\xd0\x03\xee\x03\x0a\x04#\x04:\x04N\x04_\x04n\
\x04y\x04\x81\x04\x87\x04\x89\x04\x87\x04\x83\x04z\x04o\
\x04_\x04L\x045\x04\x1a\x04\xfb\x03\xd8\x03\xb1\x03\x86\
\x03V\x03#\x03\xeb\x02\xb0\x02q\x02-\x02\xe6\x01\x9c\
\x01M\x01\xfc\x00\xa8\x00P\x00\xf8\xff\x9c\xff>\xff\xdf\
\xfe~\xfe\x1d\xfe\xbb\xfdZ\xfd\xf9\xfc\x99\xfc;\xfc\xdf\
\xfb\x85\xfb/\xfb\xdc\xfa\x8d\xfaC\xfa\xff\xf9\xbf\xf9\x86\
\xf9T\xf9(\xf9\x05\xf9\xe8\xf8\xd4\xf8\xc9\xf8\xc6\xf8\xcc\
\xf8\xdc\xf8\xf4\xf8\x16\xf9A\xf9v\xf9\xb4\xf9\xfb\xf9K\
\xfa\xa3\xfa\x04\xfbm\xfb\xdd\xfbT\xfc\xd2\xfcV\xfd\xdf\
\xfdm\xfe\xff\xfe\x94\xff+\x00\xc4\x00^\x01\xf8\x01\x91\
\x02(\x03\xbd\x03N\x04\xdb\x04c\x05\xe5\x05`\x06\xd4\
\x06?\x07\xa1\x07\xfa\x07I\x08\x8c\x08\xc5\x08\xf2\x08\x14\
\x09)\x091\x09-\x09\x1d\x09\x00\x09\xd6\x08\xa0\x08^\
\x08\x10\x08\xb7\x07S\x07\xe5\x06m\x06\xeb\x05b\x05\xd0\
\x048\x04\x9a\x03\xf7\x02P\x02\xa5\x01\xf9\x00K\x00\x9e\
\xff\xf0\xfeE\xfe\x9c\xfd\xf7\xfcV\xfc\xbc\xfb'\xfb\x9a\
\xfa\x15\xfa\x99\xf9'\xf9\xbe\xf8`\xf8\x0d\xf8\xc6\xf7\x8b\
\xf7\x5c\xf7:\xf7#\xf7\x1a\xf7\x1d\xf7,\xf7H\xf7o\
\xf7\xa2\xf7\xe0\xf7)\xf8|\xf8\xd9\xf8?\xf9\xad\xf9\x22\
\xfa\x9e\xfa \xfb\xa7\xfb3\xfc\xc2\xfcS\xfd\xe6\xfdy\
\xfe\x0d\xff\x9f\xff/\x00\xbc\x00G\x01\xcd\x01N\x02\xca\
\x02?\x03\xae\x03\x15\x04t\x04\xcc\x04\x1a\x05a\x05\x9e\
\x05\xd1\x05\xfc\x05\x1d\x066\x06E\x06K\x06H\x06<\
\x06)\x06\x0d\x06\xeb\x05\xc1\x05\x90\x05Z\x05\x1e\x05\xdd\
\x04\x97\x04N\x04\x02\x04\xb2\x03a\x03\x0e\x03\xbb\x02g\
\x02\x13\x02\xc0\x01n\x01\x1e\x01\xd0\x00\x84\x00;\x00\xf7\
\xff\xb4\xffv\xff;\xff\x05\xff\xd2\xfe\xa4\xfez\xfeU\
\xfe4\xfe\x17\xfe\xfe\xfd\xe9\xfd\xd8\xfd\xca\xfd\xc0\xfd\xba\
\xfd\xb6\xfd\xb4\xfd\xb5\xfd\xb8\xfd\xbd\xfd\xc4\xfd\xcb\xfd\xd4\
\xfd\xdd\xfd\xe7\xfd\xf1\xfd\xfb\xfd\x04\xfe\x0d\xfe\x16\xfe\x1e\
\xfe%\xfe*\xfe/\xfe3\xfe6\xfe7\xfe8\xfe8\
\xfe6\xfe4\xfe2\xfe/\xfe,\xfe(\xfe%\xfe\x22\
\xfe \xfe\x1e\xfe\x1e\xfe\x1f\xfe!\xfe%\xfe+\xfe3\
\xfe=\xfeJ\xfeZ\xfel\xfe\x81\xfe\x9a\xfe\xb5\xfe\xd3\
\xfe\xf5\xfe\x19\xff@\xffj\xff\x97\xff\xc7\xff\xf9\xff-\
\x00c\x00\x9b\x00\xd5\x00\x0f\x01K\x01\x87\x01\xc3\x01\xff\
\x01;\x02u\x02\xae\x02\xe6\x02\x1b\x03N\x03~\x03\xaa\
\x03\xd3\x03\xf9\x03\x19\x046\x04M\x04`\x04m\x04u\
\x04x\x04t\x04k\x04]\x04H\x04.\x04\x0e\x04\xe9\
\x03\xbe\x03\x8e\x03X\x03\x1f\x03\xe0\x02\x9e\x02W\x02\x0d\
\x02\xc0\x01p\x01\x1e\x01\xca\x00u\x00\x1e\x00\xc8\xffq\
\xff\x1a\xff\xc5\xfep\xfe\x1d\xfe\xcc\xfd~\xfd3\xfd\xeb\
\xfc\xa7\xfcg\xfc+\xfc\xf4\xfb\xc2\xfb\x95\xfbm\xfbJ\
\xfb-\xfb\x16\xfb\x05\xfb\xf9\xfa\xf3\xfa\xf3\xfa\xf8\xfa\x03\
\xfb\x14\xfb*\xfbE\xfbe\xfb\x8a\xfb\xb3\xfb\xe1\xfb\x13\
\xfcI\xfc\x82\xfc\xbe\xfc\xfd\xfc?\xfd\x83\xfd\xc9\xfd\x11\
\xfeZ\xfe\xa4\xfe\xee\xfe9\xff\x85\xff\xd0\xff\x1a\x00d\
\x00\xad\x00\xf5\x00;\x01\x80\x01\xc4\x01\x05\x02D\x02\x81\
\x02\xbb\x02\xf3\x02(\x03Z\x03\x89\x03\xb5\x03\xde\x03\x04\
\x04&\x04F\x04a\x04z\x04\x8e\x04\xa0\x04\xad\x04\xb7\
\x04\xbd\x04\xc0\x04\xbf\x04\xba\x04\xb1\x04\xa5\x04\x94\x04\x80\
\x04h\x04L\x04,\x04\x09\x04\xe1\x03\xb6\x03\x87\x03U\
\x03\x1f\x03\xe5\x02\xa8\x02g\x02$\x02\xdd\x01\x93\x01G\
\x01\xf8\x00\xa6\x00S\x00\xff\xff\xa8\xffO\xff\xf6\xfe\x9c\
\xfeB\xfe\xe7\xfd\x8e\xfd4\xfd\xdc\xfc\x86\xfc2\xfc\xe0\
\xfb\x91\xfbE\xfb\xfd\xfa\xb9\xfaz\xfa@\xfa\x0b\xfa\xdc\
\xf9\xb3\xf9\x91\xf9u\xf9a\xf9T\xf9O\xf9Q\xf9\x5c\
\xf9o\xf9\x8a\xf9\xad\xf9\xd8\xf9\x0c\xfaH\xfa\x8c\xfa\xd8\
\xfa+\xfb\x85\xfb\xe7\xfbO\xfc\xbd\xfc0\xfd\xa9\xfd'\
\xfe\xa8\xfe-\xff\xb4\xff=\x00\xc8\x00S\x01\xde\x01i\
\x02\xf1\x02w\x03\xfa\x03y\x04\xf4\x04i\x05\xd7\x05?\
\x06\xa0\x06\xf8\x06H\x07\x8f\x07\xcc\x07\xff\x07(\x08F\
\x08Y\x08a\x08^\x08O\x085\x08\x10\x08\xdf\x07\xa4\
\x07^\x07\x0e\x07\xb4\x06Q\x06\xe4\x05p\x05\xf4\x04q\
\x04\xe7\x03Y\x03\xc5\x02.\x02\x94\x01\xf7\x00Z\x00\xbd\
\xff \xff\x84\xfe\xeb\xfdU\xfd\xc3\xfc6\xfc\xaf\xfb.\
\xfb\xb5\xfaC\xfa\xda\xf9z\xf9$\xf9\xd8\xf8\x96\xf8_\
\xf83\xf8\x12\xf8\xfc\xf7\xf2\xf7\xf3\xf7\x00\xf8\x17\xf8:\
\xf8g\xf8\x9e\xf8\xdf\xf8)\xf9|\xf9\xd7\xf9:\xfa\xa3\
\xfa\x13\xfb\x88\xfb\x02\xfc\x80\xfc\x00\xfd\x83\xfd\x08\xfe\x8d\
\xfe\x13\xff\x97\xff\x18\x00\x99\x00\x16\x01\x8f\x01\x03\x02s\
\x02\xdd\x02@\x03\x9d\x03\xf3\x03B\x04\x88\x04\xc7\x04\xfd\
\x04,\x05Q\x05n\x05\x83\x05\x90\x05\x94\x05\x90\x05\x85\
\x05r\x05X\x058\x05\x11\x05\xe4\x04\xb2\x04{\x04@\
\x04\x01\x04\xbe\x03y\x032\x03\xe9\x02\x9f\x02T\x02\x0a\
\x02\xc0\x01w\x01/\x01\xe9\x00\xa5\x00d\x00&\x00\xec\
\xff\xb5\xff\x81\xffQ\xff%\xff\xfc\xfe\xd8\xfe\xb9\xfe\x9d\
\xfe\x85\xfeq\xfea\xfeT\xfeK\xfeE\xfeB\xfeA\
\xfeD\xfeH\xfeN\xfeU\xfe^\xfeg\xfeq\xfe|\
\xfe\x86\xfe\x91\xfe\x9a\xfe\xa3\xfe\xab\xfe\xb2\xfe\xb8\xfe\xbc\
\xfe\xbe\xfe\xbf\xfe\xbe\xfe\xbc\xfe\xb8\xfe\xb2\xfe\xaa\xfe\xa1\
\xfe\x96\xfe\x8b\xfe~\xfep\xfeb\xfeS\xfeD\xfe5\
\xfe'\xfe\x19\xfe\x0c\xfe\x01\xfe\xf7\xfd\xee\xfd\xe8\xfd\xe5\
\xfd\xe4\xfd\xe5\xfd\xea\xfd\xf2\xfd\xfd\xfd\x0c\xfe\x1f\xfe6\
\xfeP\xfen\xfe\x90\xfe\xb5\xfe\xdf\xfe\x0c\xff<\xffo\
\xff\xa6\xff\xdf\xff\x1a\x00X\x00\x97\x00\xd9\x00\x1b\x01^\
\x01\xa1\x01\xe5\x01'\x02i\x02\xa9\x02\xe8\x02$\x03]\
\x03\x93\x03\xc6\x03\xf4\x03\x1f\x04D\x04e\x04\x81\x04\x96\
\x04\xa7\x04\xb1\x04\xb5\x04\xb3\x04\xaa\x04\x9b\x04\x86\x04k\
\x04I\x04!\x04\xf4\x03\xc0\x03\x87\x03I\x03\x06\x03\xbe\
\x02s\x02#\x02\xd0\x01z\x01!\x01\xc7\x00j\x00\x0d\
\x00\xb1\xffS\xff\xf6\xfe\x99\xfe?\xfe\xe6\xfd\x8f\xfd<\
\xfd\xec\xfc\x9f\xfcW\xfc\x14\xfc\xd5\xfb\x9b\xfbg\xfb8\
\xfb\x0f\xfb\xed\xfa\xd0\xfa\xba\xfa\xab\xfa\xa2\xfa\x9f\xfa\xa2\
\xfa\xac\xfa\xbc\xfa\xd3\xfa\xef\xfa\x11\xfb8\xfbe\xfb\x96\
\xfb\xcd\xfb\x08\xfcG\xfc\x89\xfc\xcf\xfc\x18\xfdd\xfd\xb2\
\xfd\x02\xfeT\xfe\xa7\xfe\xfa\xfeN\xff\xa2\xff\xf6\xffH\
\x00\x9b\x00\xec\x00;\x01\x89\x01\xd4\x01\x1e\x02d\x02\xa8\
\x02\xe9\x02&\x03`\x03\x97\x03\xca\x03\xf9\x03$\x04K\
\x04n\x04\x8d\x04\xa7\x04\xbd\x04\xcf\x04\xdd\x04\xe7\x04\xec\
\x04\xed\x04\xe9\x04\xe1\x04\xd6\x04\xc5\x04\xb1\x04\x99\x04}\
\x04]\x049\x04\x11\x04\xe6\x03\xb7\x03\x85\x03O\x03\x16\
\x03\xdb\x02\x9c\x02Z\x02\x16\x02\xcf\x01\x86\x01;\x01\xee\
\x00\x9f\x00O\x00\xff\xff\xac\xffY\xff\x06\xff\xb2\xfe^\
\xfe\x0b\xfe\xb9\xfdg\xfd\x17\xfd\xc9\xfc}\xfc3\xfc\xec\
\xfb\xa7\xfbg\xfb*\xfb\xf1\xfa\xbd\xfa\x8e\xfac\xfa>\
\xfa\x1f\xfa\x06\xfa\xf3\xf9\xe6\xf9\xe0\xf9\xe0\xf9\xe8\xf9\xf7\
\xf9\x0c\xfa)\xfaM\xfay\xfa\xab\xfa\xe4\xfa$\xfbk\
\xfb\xb9\xfb\x0c\xfce\xfc\xc4\xfc(\xfd\x91\xfd\xfe\xfdo\
\xfe\xe3\xfeZ\xff\xd3\xffM\x00\xc9\x00E\x01\xc1\x01<\
\x02\xb5\x02,\x03\xa0\x03\x11\x04}\x04\xe5\x04G\x05\xa3\
\x05\xf8\x05G\x06\x8e\x06\xcc\x06\x03\x070\x07T\x07o\
\x07\x80\x07\x88\x07\x85\x07x\x07b\x07A\x07\x17\x07\xe3\
\x06\xa5\x06_\x06\x0f\x06\xb8\x05X\x05\xf1\x04\x83\x04\x0f\
\x04\x96\x03\x17\x03\x94\x02\x0e\x02\x84\x01\xf9\x00m\x00\xe1\
\xffU\xff\xca\xfeA\xfe\xba\xfd7\xfd\xb9\xfc?\xfc\xcb\
\xfb]\xfb\xf6\xfa\x97\xfa@\xfa\xf1\xf9\xab\xf9n\xf9;\
\xf9\x12\xf9\xf2\xf8\xdd\xf8\xd2\xf8\xd1\xf8\xd9\xf8\xec\xf8\x09\
\xf9/\xf9^\xf9\x96\xf9\xd6\xf9\x1e\xfan\xfa\xc4\xfa!\
\xfb\x83\xfb\xea\xfbV\xfc\xc5\xfc7\xfd\xab\xfd \xfe\x97\
\xfe\x0d\xff\x82\xff\xf6\xffg\x00\xd7\x00C\x01\xab\x01\x0e\
\x02l\x02\xc5\x02\x18\x03e\x03\xab\x03\xea\x03\x22\x04S\
\x04|\x04\x9e\x04\xb8\x04\xcb\x04\xd6\x04\xda\x04\xd7\x04\xcd\
\x04\xbd\x04\xa6\x04\x89\x04g\x04?\x04\x13\x04\xe3\x03\xaf\
\x03x\x03=\x03\x01\x03\xc3\x02\x83\x02C\x02\x02\x02\xc2\
\x01\x82\x01D\x01\x06\x01\xcb\x00\x92\x00[\x00'\x00\xf8\
\xff\xca\xff\xa0\xffz\xffW\xff8\xff\x1d\xff\x05\xff\xf1\
\xfe\xe1\xfe\xd4\xfe\xcb\xfe\xc4\xfe\xc1\xfe\xc0\xfe\xc2\xfe\xc6\
\xfe\xcb\xfe\xd3\xfe\xdb\xfe\xe5\xfe\xef\xfe\xfa\xfe\x04\xff\x0f\
\xff\x19\xff\x22\xff*\xff0\xff6\xff9\xff;\xff;\
\xff8\xff4\xff-\xff%\xff\x1a\xff\x0d\xff\xfe\xfe\xed\
\xfe\xda\xfe\xc6\xfe\xb1\xfe\x9a\xfe\x82\xfej\xfeR\xfe:\
\xfe!\xfe\x0a\xfe\xf4\xfd\xde\xfd\xcb\xfd\xb9\xfd\xaa\xfd\x9d\
\xfd\x93\xfd\x8d\xfd\x89\xfd\x8a\xfd\x8e\xfd\x96\xfd\xa2\xfd\xb3\
\xfd\xc8\xfd\xe2\xfd\x00\xfe\x22\xfeI\xfet\xfe\xa3\xfe\xd7\
\xfe\x0e\xffH\xff\x86\xff\xc6\xff\x09\x00N\x00\x95\x00\xde\
\x00(\x01r\x01\xbc\x01\x06\x02O\x02\x96\x02\xdc\x02\x1f\
\x03`\x03\x9d\x03\xd7\x03\x0c\x04=\x04i\x04\x8f\x04\xb0\
\x04\xcb\x04\xe0\x04\xee\x04\xf6\x04\xf7\x04\xf1\x04\xe4\x04\xd1\
\x04\xb6\x04\x95\x04n\x04?\x04\x0b\x04\xd0\x03\x90\x03J\
\x03\xff\x02\xb0\x02\x5c\x02\x05\x02\xaa\x01L\x01\xec\x00\x8a\
\x00'\x00\xc4\xff`\xff\xfd\xfe\x9a\xfe9\xfe\xda\xfd}\
\xfd$\xfd\xce\xfc|\xfc.\xfc\xe6\xfb\xa2\xfbd\xfb,\
\xfb\xfb\xfa\xcf\xfa\xaa\xfa\x8c\xfau\xfae\xfa\x5c\xfaY\
\xfa^\xfaj\xfa|\xfa\x96\xfa\xb5\xfa\xdb\xfa\x07\xfb9\
\xfbp\xfb\xad\xfb\xee\xfb4\xfc}\xfc\xcb\xfc\x1b\xfdn\
\xfd\xc4\xfd\x1c\xfeu\xfe\xcf\xfe*\xff\x85\xff\xe0\xff:\
\x00\x93\x00\xeb\x00B\x01\x96\x01\xe8\x017\x02\x83\x02\xcc\
\x02\x11\x03R\x03\x90\x03\xc9\x03\xfe\x03.\x04Z\x04\x81\
\x04\xa4\x04\xc1\x04\xda\x04\xed\x04\xfc\x04\x06\x05\x0b\x05\x0b\
\x05\x06\x05\xfd\x04\xef\x04\xdd\x04\xc6\x04\xab\x04\x8b\x04h\
\x04A\x04\x16\x04\xe7\x03\xb5\x03\x80\x03H\x03\x0d\x03\xcf\
\x02\x8e\x02L\x02\x07\x02\xc0\x01w\x01-\x01\xe2\x00\x96\
\x00H\x00\xfc\xff\xad\xff_\xff\x11\xff\xc3\xfeu\xfe)\
\xfe\xdd\xfd\x93\xfdK\xfd\x04\xfd\xc0\xfc~\xfc?\xfc\x02\
\xfc\xc9\xfb\x94\xfbb\xfb5\xfb\x0b\xfb\xe6\xfa\xc6\xfa\xab\
\xfa\x95\xfa\x84\xfay\xfas\xfas\xfay\xfa\x85\xfa\x97\
\xfa\xaf\xfa\xce\xfa\xf2\xfa\x1c\xfbM\xfb\x83\xfb\xbf\xfb\x00\
\xfcG\xfc\x93\xfc\xe4\xfc9\xfd\x93\xfd\xf0\xfdQ\xfe\xb5\
\xfe\x1b\xff\x84\xff\xef\xffY\x00\xc6\x002\x01\x9f\x01\x0a\
\x02t\x02\xdb\x02A\x03\xa3\x03\x01\x04[\x04\xb1\x04\x01\
\x05L\x05\x90\x05\xce\x05\x05\x065\x06]\x06}\x06\x94\
\x06\xa4\x06\xab\x06\xaa\x06\x9f\x06\x8c\x06q\x06M\x06 \
\x06\xec\x05\xaf\x05k\x05\x1f\x05\xcd\x04t\x04\x15\x04\xb0\
\x03F\x03\xd8\x02f\x02\xf1\x01y\x01\xff\x00\x85\x00\x09\
\x00\x8f\xff\x14\xff\x9c\xfe%\xfe\xb1\xfdA\xfd\xd5\xfcm\
\xfc\x0b\xfc\xaf\xfbZ\xfb\x0b\xfb\xc3\xfa\x83\xfaK\xfa\x1c\
\xfa\xf4\xf9\xd6\xf9\xc0\xf9\xb3\xf9\xaf\xf9\xb4\xf9\xc1\xf9\xd7\
\xf9\xf5\xf9\x1c\xfaJ\xfa\x80\xfa\xbc\xfa\x00\xfbI\xfb\x98\
\xfb\xec\xfbE\xfc\xa1\xfc\x01\xfdd\xfd\xc8\xfd.\xfe\x95\
\xfe\xfc\xfec\xff\xc8\xff+\x00\x8c\x00\xeb\x00G\x01\x9e\
\x01\xf2\x01@\x02\x8a\x02\xce\x02\x0c\x03E\x03w\x03\xa3\
\x03\xc8\x03\xe7\x03\xff\x03\x11\x04\x1c\x04!\x04 \x04\x19\
\x04\x0c\x04\xfa\x03\xe2\x03\xc6\x03\xa5\x03\x80\x03X\x03,\
\x03\xfd\x02\xcc\x02\x9a\x02e\x020\x02\xfa\x01\xc4\x01\x8e\
\x01Y\x01%\x01\xf2\x00\xc2\x00\x93\x00f\x00<\x00\x15\
\x00\xf2\xff\xd1\xff\xb3\xff\x98\xff\x81\xffm\xff\x5c\xffN\
\xffD\xff<\xff8\xff6\xff6\xff8\xff=\xffC\
\xffJ\xffS\xff\x5c\xfff\xffp\xffz\xff\x83\xff\x8c\
\xff\x94\xff\x9a\xff\x9f\xff\xa3\xff\xa4\xff\xa4\xff\xa1\xff\x9c\
\xff\x95\xff\x8b\xff\x7f\xffp\xff_\xffL\xff6\xff\x1f\
\xff\x05\xff\xea\xfe\xcd\xfe\xb0\xfe\x91\xfer\xfeR\xfe2\
\xfe\x13\xfe\xf4\xfd\xd7\xfd\xba\xfd\xa0\xfd\x88\xfdr\xfd_\
\xfdO\xfdB\xfd9\xfd4\xfd3\xfd7\xfd?\xfdL\
\xfd^\xfdt\xfd\x90\xfd\xb0\xfd\xd6\xfd\x00\xfe.\xfeb\
\xfe\x99\xfe\xd5\xfe\x14\xffW\xff\x9d\xff\xe5\xff/\x00|\
\x00\xcb\x00\x1a\x01j\x01\xba\x01\x09\x02W\x02\xa4\x02\xef\
\x027\x03|\x03\xbe\x03\xfb\x034\x04h\x04\x97\x04\xc0\
\x04\xe3\x04\x00\x05\x16\x05%\x05-\x05.\x05(\x05\x1b\
\x05\x06\x05\xea\x04\xc7\x04\x9d\x04l\x044\x04\xf6\x03\xb2\
\x03h\x03\x19\x03\xc5\x02m\x02\x11\x02\xb1\x01O\x01\xea\
\x00\x83\x00\x1b\x00\xb3\xffJ\xff\xe2\xfe{\xfe\x16\xfe\xb3\
\xfdR\xfd\xf5\xfc\x9c\xfcH\xfc\xf8\xfb\xad\xfbh\xfb)\
\xfb\xf1\xfa\xbf\xfa\x93\xfao\xfaS\xfa=\xfa/\xfa)\
\xfa*\xfa2\xfaB\xfaY\xfax\xfa\x9d\xfa\xc8\xfa\xfa\
\xfa2\xfbo\xfb\xb2\xfb\xfa\xfbG\xfc\x97\xfc\xeb\xfcB\
\xfd\x9c\xfd\xf8\xfdV\xfe\xb6\xfe\x16\xffv\xff\xd6\xff5\
\x00\x93\x00\xf0\x00K\x01\xa4\x01\xfa\x01M\x02\x9d\x02\xe9\
\x021\x03t\x03\xb4\x03\xee\x03$\x04T\x04\x80\x04\xa6\
\x04\xc7\x04\xe2\x04\xf8\x04\x09\x05\x14\x05\x1a\x05\x1a\x05\x16\
\x05\x0c\x05\xfd\x04\xe9\x04\xd1\x04\xb4\x04\x92\x04m\x04C\
\x04\x16\x04\xe5\x03\xb1\x03z\x03?\x03\x02\x03\xc3\x02\x81\
\x02>\x02\xf9\x01\xb2\x01j\x01!\x01\xd7\x00\x8d\x00B\
\x00\xf8\xff\xae\xffc\xff\x1a\xff\xd1\xfe\x89\xfeC\xfe\xfe\
\xfd\xba\xfdy\xfd:\xfd\xfd\xfc\xc3\xfc\x8b\xfcV\xfc%\
\xfc\xf6\xfb\xcc\xfb\xa5\xfb\x82\xfbb\xfbG\xfb1\xfb\x1f\
\xfb\x11\xfb\x08\xfb\x04\xfb\x05\xfb\x0a\xfb\x15\xfb%\xfb:\
\xfbS\xfbr\xfb\x96\xfb\xbf\xfb\xed\xfb\x1f\xfcV\xfc\x92\
\xfc\xd2\xfc\x16\xfd]\xfd\xa9\xfd\xf8\xfdI\xfe\x9e\xfe\xf5\
\xfeN\xff\xa8\xff\x03\x00`\x00\xbd\x00\x1a\x01w\x01\xd3\
\x01-\x02\x86\x02\xdd\x021\x03\x81\x03\xcf\x03\x18\x04]\
\x04\x9d\x04\xd8\x04\x0d\x05<\x05f\x05\x89\x05\xa5\x05\xba\
\x05\xc9\x05\xd0\x05\xd0\x05\xc8\x05\xba\x05\xa4\x05\x86\x05b\
\x056\x05\x04\x05\xcb\x04\x8b\x04F\x04\xfb\x03\xab\x03U\
\x03\xfc\x02\x9e\x02=\x02\xd9\x01s\x01\x0a\x01\xa1\x007\
\x00\xcd\xffd\xff\xfb\xfe\x94\xfe/\xfe\xcc\xfdn\xfd\x13\
\xfd\xbc\xfcj\xfc\x1e\xfc\xd7\xfb\x96\xfb\x5c\xfb(\xfb\xfb\
\xfa\xd6\xfa\xb8\xfa\xa1\xfa\x92\xfa\x8a\xfa\x8a\xfa\x92\xfa\xa1\
\xfa\xb7\xfa\xd4\xfa\xf8\xfa#\xfbS\xfb\x8a\xfb\xc6\xfb\x07\
\xfcM\xfc\x96\xfc\xe4\xfc4\xfd\x87\xfd\xdc\xfd2\xfe\x8a\
\xfe\xe2\xfe9\xff\x90\xff\xe6\xff9\x00\x8b\x00\xdb\x00'\
\x01p\x01\xb5\x01\xf5\x012\x02i\x02\x9c\x02\xc9\x02\xf1\
\x02\x13\x030\x03H\x03Z\x03f\x03m\x03o\x03l\
\x03c\x03W\x03E\x030\x03\x17\x03\xfa\x02\xda\x02\xb8\
\x02\x93\x02l\x02C\x02\x19\x02\xee\x01\xc3\x01\x98\x01m\
\x01B\x01\x19\x01\xf1\x00\xca\x00\xa5\x00\x82\x00a\x00C\
\x00'\x00\x0d\x00\xf8\xff\xe4\xff\xd3\xff\xc5\xff\xb9\xff\xb1\
\xff\xaa\xff\xa6\xff\xa5\xff\xa5\xff\xa8\xff\xab\xff\xb1\xff\xb7\
\xff\xbf\xff\xc7\xff\xcf\xff\xd7\xff\xdf\xff\xe7\xff\xed\xff\xf3\
\xff\xf8\xff\xfb\xff\xfc\xff\xfb\xff\xf8\xff\xf3\xff\xec\xff\xe2\
\xff\xd5\xff\xc6\xff\xb5\xff\xa1\xff\x8b\xffr\xffW\xff:\
\xff\x1b\xff\xfa\xfe\xd8\xfe\xb5\xfe\x91\xfel\xfeG\xfe\x22\
\xfe\xfe\xfd\xda\xfd\xb8\xfd\x97\xfdx\xfd[\xfdA\xfd*\
\xfd\x16\xfd\x06\xfd\xfa\xfc\xf2\xfc\xee\xfc\xef\xfc\xf5\xfc\xff\
\xfc\x0f\xfd$\xfd>\xfd]\xfd\x82\xfd\xab\xfd\xda\xfd\x0d\
\xfeE\xfe\x82\xfe\xc2\xfe\x07\xffN\xff\x99\xff\xe7\xff5\
\x00\x87\x00\xda\x00-\x01\x81\x01\xd5\x01'\x02y\x02\xc9\
\x02\x16\x03`\x03\xa7\x03\xea\x03(\x04b\x04\x96\x04\xc5\
\x04\xee\x04\x10\x05,\x05@\x05M\x05S\x05R\x05I\
\x059\x05!\x05\x01\x05\xda\x04\xac\x04w\x04;\x04\xf9\
\x03\xb0\x03b\x03\x0f\x03\xb6\x02Z\x02\xf9\x01\x95\x01/\
\x01\xc6\x00[\x00\xf1\xff\x85\xff\x1a\xff\xaf\xfeF\xfe\xde\
\xfdz\xfd\x18\xfd\xbb\xfca\xfc\x0d\xfc\xbd\xfbt\xfb0\
\xfb\xf3\xfa\xbc\xfa\x8d\xfae\xfaD\xfa,\xfa\x1a\xfa\x11\
\xfa\x0f\xfa\x16\xfa#\xfa9\xfaV\xfaz\xfa\xa5\xfa\xd7\
\xfa\x0f\xfbN\xfb\x92\xfb\xdb\xfb)\xfc{\xfc\xd1\xfc+\
\xfd\x88\xfd\xe7\xfdH\xfe\xaa\xfe\x0d\xffq\xff\xd4\xff6\
\x00\x97\x00\xf7\x00U\x01\xb1\x01\x09\x02^\x02\xb0\x02\xfd\
\x02F\x03\x8b\x03\xca\x03\x05\x04:\x04i\x04\x94\x04\xb8\
\x04\xd7\x04\xf0\x04\x03\x05\x10\x05\x18\x05\x19\x05\x16\x05\x0c\
\x05\xfe\x04\xea\x04\xd1\x04\xb4\x04\x92\x04k\x04A\x04\x12\
\x04\xe0\x03\xab\x03r\x037\x03\xf9\x02\xb9\x02v\x022\
\x02\xed\x01\xa7\x01_\x01\x17\x01\xcf\x00\x87\x00>\x00\xf7\
\xff\xb0\xffi\xff$\xff\xe0\xfe\x9d\xfe\x5c\xfe\x1c\xfe\xdf\
\xfd\xa4\xfdl\xfd5\xfd\x02\xfd\xd1\xfc\xa4\xfcy\xfcR\
\xfc.\xfc\x0d\xfc\xf0\xfb\xd7\xfb\xc1\xfb\xaf\xfb\xa1\xfb\x97\
\xfb\x91\xfb\x8f\xfb\x91\xfb\x97\xfb\xa2\xfb\xb0\xfb\xc3\xfb\xd9\
\xfb\xf4\xfb\x13\xfc6\xfc\x5c\xfc\x87\xfc\xb5\xfc\xe7\xfc\x1c\
\xfdU\xfd\x90\xfd\xcf\xfd\x10\xfeT\xfe\x9a\xfe\xe3\xfe,\
\xffx\xff\xc5\xff\x11\x00_\x00\xae\x00\xfc\x00J\x01\x97\
\x01\xe3\x01-\x02v\x02\xbc\x02\x00\x03A\x03~\x03\xb9\
\x03\xef\x03!\x04N\x04w\x04\x9b\x04\xb9\x04\xd2\x04\xe6\
\x04\xf3\x04\xfb\x04\xfd\x04\xf8\x04\xee\x04\xdd\x04\xc7\x04\xaa\
\x04\x88\x04`\x042\x04\xff\x03\xc7\x03\x8a\x03H\x03\x02\
\x03\xb8\x02k\x02\x1b\x02\xc7\x01r\x01\x1b\x01\xc2\x00h\
\x00\x0e\x00\xb6\xff\x5c\xff\x04\xff\xad\xfeY\xfe\x07\xfe\xb7\
\xfdk\xfd#\xfd\xdf\xfc\xa0\xfcf\xfc0\xfc\x00\xfc\xd6\
\xfb\xb2\xfb\x93\xfb{\xfbj\xfb^\xfbY\xfbZ\xfbb\
\xfbo\xfb\x83\xfb\x9d\xfb\xbc\xfb\xe1\xfb\x0a\xfc9\xfcl\
\xfc\xa3\xfc\xde\xfc\x1c\xfd]\xfd\xa1\xfd\xe7\xfd.\xfev\
\xfe\xbf\xfe\x09\xffR\xff\x9a\xff\xe1\xff&\x00j\x00\xac\
\x00\xeb\x00'\x01_\x01\x95\x01\xc6\x01\xf3\x01\x1d\x02B\
\x02b\x02~\x02\x96\x02\xa9\x02\xb7\x02\xc1\x02\xc7\x02\xc8\
\x02\xc5\x02\xbf\x02\xb5\x02\xa7\x02\x96\x02\x82\x02k\x02S\
\x028\x02\x1b\x02\xfd\x01\xdd\x01\xbd\x01\x9d\x01|\x01\x5c\
\x01<\x01\x1c\x01\xfe\x00\xe1\x00\xc5\x00\xab\x00\x92\x00|\
\x00g\x00U\x00D\x006\x00*\x00!\x00\x19\x00\x13\
\x00\x10\x00\x0e\x00\x0e\x00\x0f\x00\x12\x00\x16\x00\x1a\x00 \
\x00%\x00+\x001\x007\x00<\x00@\x00C\x00E\
\x00E\x00C\x00@\x00;\x003\x00)\x00\x1d\x00\x0e\
\x00\xfe\xff\xea\xff\xd4\xff\xbb\xff\xa0\xff\x83\xffc\xffB\
\xff\x1f\xff\xfa\xfe\xd4\xfe\xad\xfe\x86\xfe]\xfe5\xfe\x0d\
\xfe\xe6\xfd\xbf\xfd\x9a\xfdw\xfdV\xfd7\xfd\x1a\xfd\x01\
\xfd\xec\xfc\xda\xfc\xcc\xfc\xc2\xfc\xbd\xfc\xbd\xfc\xc2\xfc\xcc\
\xfc\xdb\xfc\xef\xfc\x08\xfd'\xfdL\xfdu\xfd\xa4\xfd\xd7\
\xfd\x10\xfeL\xfe\x8e\xfe\xd3\xfe\x1b\xffg\xff\xb6\xff\x06\
\x00Y\x00\xad\x00\x03\x01Y\x01\xae\x01\x04\x02W\x02\xaa\
\x02\xfa\x02G\x03\x91\x03\xd7\x03\x18\x04U\x04\x8d\x04\xbf\
\x04\xeb\x04\x11\x05/\x05G\x05X\x05a\x05c\x05]\
\x05P\x05;\x05\x1e\x05\xfa\x04\xce\x04\x9b\x04a\x04!\
\x04\xda\x03\x8d\x03;\x03\xe3\x02\x87\x02'\x02\xc3\x01]\
\x01\xf3\x00\x88\x00\x1c\x00\xb0\xffC\xff\xd7\xfel\xfe\x03\
\xfe\x9d\xfd9\xfd\xd9\xfc}\xfc&\xfc\xd4\xfb\x88\xfbB\
\xfb\x02\xfb\xc9\xfa\x98\xfam\xfaJ\xfa/\xfa\x1c\xfa\x11\
\xfa\x0d\xfa\x12\xfa\x1e\xfa3\xfaO\xfar\xfa\x9d\xfa\xce\
\xfa\x06\xfbE\xfb\x89\xfb\xd2\xfb!\xfct\xfc\xcb\xfc&\
\xfd\x84\xfd\xe4\xfdF\xfe\xaa\xfe\x0e\xffs\xff\xd8\xff;\
\x00\x9d\x00\xfe\x00]\x01\xb9\x01\x12\x02h\x02\xb9\x02\x07\
\x03O\x03\x93\x03\xd2\x03\x0b\x04?\x04m\x04\x95\x04\xb7\
\x04\xd3\x04\xea\x04\xfa\x04\x04\x05\x08\x05\x06\x05\xfe\x04\xf1\
\x04\xdf\x04\xc7\x04\xaa\x04\x88\x04b\x048\x04\x09\x04\xd7\
\x03\xa1\x03i\x03-\x03\xef\x02\xaf\x02m\x02*\x02\xe5\
\x01\x9f\x01Y\x01\x12\x01\xcb\x00\x85\x00?\x00\xfa\xff\xb6\
\xffs\xff1\xff\xf1\xfe\xb2\xfev\xfe<\xfe\x04\xfe\xce\
\xfd\x9b\xfdk\xfd>\xfd\x13\xfd\xec\xfc\xc8\xfc\xa7\xfc\x89\
\xfcn\xfcW\xfcC\xfc2\xfc%\xfc\x1b\xfc\x14\xfc\x11\
\xfc\x12\xfc\x16\xfc\x1d\xfc(\xfc5\xfcG\xfc[\xfcs\
\xfc\x8e\xfc\xac\xfc\xcd\xfc\xf1\xfc\x18\xfdA\xfdm\xfd\x9c\
\xfd\xcd\xfd\x00\xfe6\xfem\xfe\xa6\xfe\xe1\xfe\x1d\xff[\
\xff\x99\xff\xd8\xff\x17\x00X\x00\x98\x00\xd8\x00\x18\x01W\
\x01\x95\x01\xd2\x01\x0d\x02G\x02\x7f\x02\xb4\x02\xe7\x02\x18\
\x03E\x03o\x03\x95\x03\xb8\x03\xd7\x03\xf1\x03\x08\x04\x1a\
\x04'\x040\x044\x043\x04-\x04\x22\x04\x13\x04\xfe\
\x03\xe5\x03\xc7\x03\xa4\x03}\x03R\x03\x22\x03\xef\x02\xb7\
\x02}\x02?\x02\xff\x01\xbb\x01v\x01/\x01\xe7\x00\x9d\
\x00S\x00\x08\x00\xbe\xfft\xff+\xff\xe3\xfe\x9d\xfeX\
\xfe\x17\xfe\xd7\xfd\x9b\xfdc\xfd.\xfd\xfd\xfc\xd0\xfc\xa8\
\xfc\x84\xfce\xfcK\xfc7\xfc'\xfc\x1c\xfc\x17\xfc\x17\
\xfc\x1c\xfc'\xfc6\xfcJ\xfcb\xfc\x80\xfc\xa1\xfc\xc6\
\xfc\xef\xfc\x1c\xfdK\xfd~\xfd\xb2\xfd\xe9\xfd\x22\xfe\x5c\
\xfe\x97\xfe\xd2\xfe\x0e\xffJ\xff\x85\xff\xc0\xff\xf9\xff0\
\x00f\x00\x9a\x00\xcb\x00\xfa\x00&\x01P\x01v\x01\x99\
\x01\xb8\x01\xd4\x01\xec\x01\x01\x02\x12\x02 \x02*\x021\
\x024\x024\x021\x02,\x02#\x02\x19\x02\x0c\x02\xfd\
\x01\xec\x01\xd9\x01\xc6\x01\xb1\x01\x9b\x01\x85\x01o\x01Y\
\x01B\x01-\x01\x17\x01\x03\x01\xf0\x00\xdd\x00\xcc\x00\xbd\
\x00\xae\x00\xa2\x00\x96\x00\x8d\x00\x85\x00~\x00y\x00v\
\x00s\x00r\x00r\x00s\x00u\x00w\x00z\x00}\
\x00\x80\x00\x83\x00\x85\x00\x87\x00\x88\x00\x87\x00\x86\x00\x83\
\x00\x7f\x00x\x00p\x00f\x00Y\x00K\x00:\x00&\
\x00\x11\x00\xf9\xff\xdf\xff\xc2\xff\xa3\xff\x82\xff`\xff;\
\xff\x15\xff\xee\xfe\xc5\xfe\x9c\xfes\xfeI\xfe\x1f\xfe\xf6\
\xfd\xcd\xfd\xa6\xfd\x80\xfd\x5c\xfd:\xfd\x1a\xfd\xfe\xfc\xe5\
\xfc\xcf\xfc\xbd\xfc\xaf\xfc\xa6\xfc\xa1\xfc\xa1\xfc\xa5\xfc\xaf\
\xfc\xbe\xfc\xd3\xfc\xec\xfc\x0c\xfd0\xfdY\xfd\x88\xfd\xbc\
\xfd\xf4\xfd1\xfer\xfe\xb7\xfe\xff\xfeK\xff\x9a\xff\xeb\
\xff=\x00\x92\x00\xe7\x00=\x01\x93\x01\xe9\x01=\x02\x90\
\x02\xe0\x02.\x03y\x03\xc0\x03\x03\x04A\x04z\x04\xad\
\x04\xda\x04\x02\x05\x22\x05<\x05N\x05Z\x05]\x05Z\
\x05N\x05;\x05 \x05\xfe\x04\xd5\x04\xa4\x04l\x04.\
\x04\xe9\x03\x9e\x03N\x03\xf8\x02\x9e\x02?\x02\xdd\x01w\
\x01\x0f\x01\xa5\x00:\x00\xcf\xffc\xff\xf7\xfe\x8c\xfe#\
\xfe\xbd\xfdY\xfd\xf9\xfc\x9d\xfcF\xfc\xf3\xfb\xa6\xfb`\
\xfb\x1f\xfb\xe5\xfa\xb3\xfa\x87\xfac\xfaG\xfa3\xfa'\
\xfa\x22\xfa&\xfa1\xfaE\xfa`\xfa\x82\xfa\xac\xfa\xdd\
\xfa\x14\xfbQ\xfb\x95\xfb\xde\xfb,\xfc\x7f\xfc\xd5\xfc0\
\xfd\x8d\xfd\xed\xfdO\xfe\xb2\xfe\x16\xffz\xff\xde\xffA\
\x00\xa3\x00\x03\x01a\x01\xbc\x01\x14\x02h\x02\xb8\x02\x04\
\x03L\x03\x8e\x03\xcb\x03\x02\x043\x04_\x04\x85\x04\xa4\
\x04\xbe\x04\xd1\x04\xde\x04\xe5\x04\xe6\x04\xe1\x04\xd6\x04\xc6\
\x04\xb0\x04\x95\x04u\x04P\x04'\x04\xfa\x03\xc9\x03\x95\
\x03]\x03#\x03\xe6\x02\xa7\x02f\x02#\x02\xe0\x01\x9b\
\x01V\x01\x11\x01\xcc\x00\x88\x00D\x00\x01\x00\xc1\xff\x81\
\xffB\xff\x05\xff\xcb\xfe\x93\xfe]\xfe)\xfe\xf9\xfd\xcb\
\xfd\xa0\xfdx\xfdS\xfd1\xfd\x12\xfd\xf6\xfc\xdd\xfc\xc8\
\xfc\xb6\xfc\xa6\xfc\x9a\xfc\x91\xfc\x8b\xfc\x88\xfc\x88\xfc\x8b\
\xfc\x91\xfc\x99\xfc\xa5\xfc\xb3\xfc\xc3\xfc\xd6\xfc\xec\xfc\x04\
\xfd\x1e\xfd:\xfdY\xfdy\xfd\x9c\xfd\xc1\xfd\xe7\xfd\x0f\
\xfe8\xfec\xfe\x90\xfe\xbe\xfe\xec\xfe\x1c\xffM\xff\x7f\
\xff\xb1\xff\xe4\xff\x15\x00I\x00|\x00\xaf\x00\xe1\x00\x14\
\x01E\x01v\x01\xa5\x01\xd4\x01\x00\x02,\x02U\x02|\
\x02\xa2\x02\xc4\x02\xe5\x02\x02\x03\x1d\x034\x03I\x03Z\
\x03g\x03q\x03x\x03{\x03z\x03u\x03l\x03_\
\x03O\x03;\x03#\x03\x07\x03\xe8\x02\xc5\x02\x9f\x02v\
\x02J\x02\x1b\x02\xe9\x01\xb6\x01\x80\x01H\x01\x0e\x01\xd3\
\x00\x98\x00[\x00\x1e\x00\xe2\xff\xa5\xffi\xff.\xff\xf3\
\xfe\xba\xfe\x83\xfeN\xfe\x1c\xfe\xec\xfd\xbe\xfd\x94\xfdm\
\xfdJ\xfd*\xfd\x0e\xfd\xf6\xfc\xe2\xfc\xd2\xfc\xc6\xfc\xbf\
\xfc\xbc\xfc\xbd\xfc\xc2\xfc\xcb\xfc\xd8\xfc\xe9\xfc\xfd\xfc\x16\
\xfd1\xfdP\xfdq\xfd\x96\xfd\xbc\xfd\xe5\xfd\x10\xfe=\
\xfej\xfe\x99\xfe\xc8\xfe\xf8\xfe)\xffY\xff\x88\xff\xb7\
\xff\xe5\xff\x11\x00<\x00f\x00\x8e\x00\xb4\x00\xd7\x00\xf9\
\x00\x18\x014\x01N\x01e\x01z\x01\x8b\x01\x9a\x01\xa7\
\x01\xb1\x01\xb8\x01\xbd\x01\xbf\x01\xc0\x01\xbe\x01\xba\x01\xb5\
\x01\xae\x01\xa6\x01\x9c\x01\x92\x01\x86\x01z\x01m\x01a\
\x01T\x01G\x01:\x01.\x01\x22\x01\x16\x01\x0c\x01\x02\
\x01\xf9\x00\xf1\x00\xe9\x00\xe3\x00\xde\x00\xd9\x00\xd6\x00\xd3\
\x00\xd1\x00\xd0\x00\xcf\x00\xce\x00\xce\x00\xce\x00\xce\x00\xcd\
\x00\xcd\x00\xcb\x00\xc9\x00\xc7\x00\xc3\x00\xbe\x00\xb7\x00\xaf\
\x00\xa6\x00\x9a\x00\x8d\x00~\x00m\x00Y\x00D\x00,\
\x00\x13\x00\xf8\xff\xda\xff\xba\xff\x98\xfft\xffO\xff)\
\xff\x01\xff\xd8\xfe\xaf\xfe\x85\xfe[\xfe1\xfe\x07\xfe\xde\
\xfd\xb6\xfd\x8f\xfdj\xfdG\xfd&\xfd\x08\xfd\xec\xfc\xd4\
\xfc\xc0\xfc\xaf\xfc\xa3\xfc\x9a\xfc\x97\xfc\x98\xfc\x9d\xfc\xa8\
\xfc\xb8\xfc\xcd\xfc\xe7\xfc\x07\xfd+\xfdU\xfd\x83\xfd\xb7\
\xfd\xee\xfd+\xfek\xfe\xaf\xfe\xf7\xfeB\xff\x8f\xff\xdf\
\xff0\x00\x83\x00\xd7\x00,\x01\x80\x01\xd4\x01'\x02y\
\x02\xc8\x02\x15\x03^\x03\xa4\x03\xe6\x03$\x04\x5c\x04\x8f\
\x04\xbc\x04\xe4\x04\x04\x05\x1e\x052\x05>\x05B\x05@\
\x056\x05$\x05\x0b\x05\xeb\x04\xc3\x04\x95\x04_\x04#\
\x04\xe1\x03\x98\x03K\x03\xf8\x02\xa0\x02D\x02\xe5\x01\x82\
\x01\x1d\x01\xb5\x00L\x00\xe4\xffz\xff\x11\xff\xa8\xfeA\
\xfe\xdd\xfd{\xfd\x1d\xfd\xc2\xfcl\xfc\x1b\xfc\xcf\xfb\x89\
\xfbI\xfb\x10\xfb\xdd\xfa\xb2\xfa\x8e\xfar\xfa]\xfaQ\
\xfaL\xfaO\xfaY\xfal\xfa\x86\xfa\xa7\xfa\xd0\xfa\xff\
\xfa5\xfbq\xfb\xb3\xfb\xfa\xfbG\xfc\x98\xfc\xec\xfcE\
\xfd\xa0\xfd\xfe\xfd^\xfe\xbf\xfe!\xff\x83\xff\xe5\xffE\
\x00\xa5\x00\x03\x01_\x01\xb8\x01\x0d\x02_\x02\xad\x02\xf6\
\x02;\x03z\x03\xb4\x03\xe9\x03\x18\x04A\x04d\x04\x80\
\x04\x97\x04\xa7\x04\xb2\x04\xb6\x04\xb4\x04\xad\x04\x9f\x04\x8d\
\x04u\x04W\x045\x04\x0f\x04\xe4\x03\xb6\x03\x83\x03N\
\x03\x16\x03\xdb\x02\x9e\x02_\x02\x1e\x02\xdd\x01\x9b\x01X\
\x01\x15\x01\xd2\x00\x90\x00O\x00\x0f\x00\xd1\xff\x94\xffX\
\xff\x1f\xff\xe8\xfe\xb3\xfe\x81\xfeR\xfe%\xfe\xfc\xfd\xd5\
\xfd\xb1\xfd\x91\xfds\xfdY\xfdA\xfd-\xfd\x1c\xfd\x0e\
\xfd\x03\xfd\xfb\xfc\xf5\xfc\xf3\xfc\xf3\xfc\xf5\xfc\xfa\xfc\x02\
\xfd\x0c\xfd\x18\xfd&\xfd6\xfdH\xfd\x5c\xfdr\xfd\x89\
\xfd\xa2\xfd\xbc\xfd\xd8\xfd\xf4\xfd\x13\xfe2\xfeR\xfes\
\xfe\x96\xfe\xb9\xfe\xdc\xfe\x01\xff&\xffK\xffr\xff\x98\
\xff\xbf\xff\xe6\xff\x0c\x003\x00Z\x00\x81\x00\xa8\x00\xcf\
\x00\xf5\x00\x1a\x01?\x01c\x01\x86\x01\xa9\x01\xca\x01\xe9\
\x01\x07\x02$\x02?\x02X\x02p\x02\x85\x02\x98\x02\xa8\
\x02\xb7\x02\xc3\x02\xcc\x02\xd2\x02\xd6\x02\xd7\x02\xd5\x02\xd0\
\x02\xc8\x02\xbd\x02\xaf\x02\x9e\x02\x8b\x02t\x02[\x02?\
\x02 \x02\xfe\x01\xdb\x01\xb5\x01\x8d\x01c\x017\x01\x0a\
\x01\xdc\x00\xac\x00|\x00J\x00\x19\x00\xe8\xff\xb6\xff\x85\
\xffT\xff%\xff\xf6\xfe\xc8\xfe\x9c\xfer\xfeJ\xfe$\
\xfe\x00\xfe\xdf\xfd\xc1\xfd\xa6\xfd\x8d\xfdx\xfdf\xfdW\
\xfdL\xfdD\xfd?\xfd>\xfd@\xfdF\xfdN\xfdZ\
\xfdi\xfd{\xfd\x8f\xfd\xa6\xfd\xc0\xfd\xdc\xfd\xfa\xfd\x1a\
\xfe<\xfe_\xfe\x83\xfe\xa8\xfe\xce\xfe\xf5\xfe\x1c\xffC\
\xffj\xff\x90\xff\xb6\xff\xdb\xff\x00\x00\x22\x00D\x00e\
\x00\x84\x00\xa1\x00\xbd\x00\xd7\x00\xef\x00\x05\x01\x19\x01,\
\x01<\x01J\x01W\x01a\x01j\x01q\x01w\x01{\
\x01}\x01\x7f\x01\x7f\x01~\x01|\x01y\x01u\x01q\
\x01m\x01h\x01b\x01]\x01X\x01R\x01M\x01H\
\x01C\x01?\x01;\x017\x013\x010\x01-\x01*\
\x01'\x01$\x01!\x01\x1e\x01\x1b\x01\x18\x01\x14\x01\x10\
\x01\x0b\x01\x05\x01\xff\x00\xf7\x00\xee\x00\xe4\x00\xd8\x00\xcb\
\x00\xbc\x00\xac\x00\x9a\x00\x86\x00p\x00Y\x00?\x00$\
\x00\x06\x00\xe8\xff\xc8\xff\xa5\xff\x82\xff\x5c\xff6\xff\x0f\
\xff\xe6\xfe\xbd\xfe\x94\xfek\xfeA\xfe\x18\xfe\xf0\xfd\xc8\
\xfd\xa2\xfd}\xfdZ\xfd9\xfd\x1a\xfd\xfe\xfc\xe6\xfc\xd0\
\xfc\xbe\xfc\xb0\xfc\xa5\xfc\x9f\xfc\x9d\xfc\xa0\xfc\xa8\xfc\xb4\
\xfc\xc5\xfc\xdb\xfc\xf6\xfc\x16\xfd:\xfdd\xfd\x92\xfd\xc5\
\xfd\xfc\xfd7\xfev\xfe\xb8\xfe\xfe\xfeG\xff\x92\xff\xdf\
\xff.\x00~\x00\xcf\x00!\x01s\x01\xc4\x01\x14\x02c\
\x02\xaf\x02\xf9\x02@\x03\x84\x03\xc3\x03\xfe\x035\x04f\
\x04\x92\x04\xb8\x04\xd8\x04\xf1\x04\x04\x05\x10\x05\x15\x05\x13\
\x05\x09\x05\xf9\x04\xe1\x04\xc3\x04\x9d\x04q\x04>\x04\x05\
\x04\xc5\x03\x80\x036\x03\xe6\x02\x92\x02:\x02\xde\x01\x80\
\x01\x1e\x01\xbb\x00V\x00\xf2\xff\x8c\xff&\xff\xc2\xfe_\
\xfe\xfe\xfd\x9f\xfdD\xfd\xed\xfc\x99\xfcK\xfc\x01\xfc\xbd\
\xfb\x7f\xfbH\xfb\x17\xfb\xed\xfa\xca\xfa\xae\xfa\x9a\xfa\x8d\
\xfa\x88\xfa\x8a\xfa\x94\xfa\xa6\xfa\xbe\xfa\xde\xfa\x05\xfb2\
\xfbf\xfb\xa0\xfb\xe0\xfb$\xfcn\xfc\xbc\xfc\x0e\xfdc\
\xfd\xbb\xfd\x16\xfer\xfe\xd0\xfe.\xff\x8d\xff\xeb\xffH\
\x00\xa4\x00\xfe\x00V\x01\xab\x01\xfd\x01L\x02\x96\x02\xdc\
\x02\x1d\x03Y\x03\x90\x03\xc1\x03\xed\x03\x13\x043\x04M\
\x04a\x04o\x04w\x04y\x04u\x04k\x04\x5c\x04H\
\x04/\x04\x10\x04\xee\x03\xc6\x03\x9b\x03l\x03:\x03\x05\
\x03\xcd\x02\x93\x02X\x02\x1a\x02\xdc\x01\x9c\x01\x5c\x01\x1c\
\x01\xdd\x00\x9d\x00_\x00\x22\x00\xe7\xff\xad\xfft\xff>\
\xff\x0a\xff\xd9\xfe\xaa\xfe~\xfeU\xfe/\xfe\x0b\xfe\xeb\
\xfd\xce\xfd\xb4\xfd\x9e\xfd\x8a\xfdy\xfdl\xfda\xfdY\
\xfdT\xfdR\xfdR\xfdT\xfdY\xfd`\xfdi\xfdt\
\xfd\x80\xfd\x8f\xfd\x9f\xfd\xb0\xfd\xc2\xfd\xd6\xfd\xeb\xfd\x01\
\xfe\x18\xfe/\xfeH\xfe`\xfez\xfe\x94\xfe\xae\xfe\xc9\
\xfe\xe4\xfe\xff\xfe\x1b\xff6\xffR\xffn\xff\x8b\xff\xa7\
\xff\xc3\xff\xe0\xff\xfd\xff\x18\x005\x00Q\x00m\x00\x8a\
\x00\xa6\x00\xc1\x00\xdd\x00\xf8\x00\x13\x01-\x01G\x01`\
\x01x\x01\x90\x01\xa7\x01\xbd\x01\xd1\x01\xe5\x01\xf7\x01\x08\
\x02\x17\x02%\x021\x02;\x02C\x02J\x02N\x02P\
\x02Q\x02N\x02J\x02C\x02:\x02.\x02!\x02\x10\
\x02\xfe\x01\xe9\x01\xd2\x01\xb9\x01\x9d\x01\x80\x01a\x01@\
\x01\x1d\x01\xf9\x00\xd4\x00\xad\x00\x86\x00]\x004\x00\x0b\
\x00\xe2\xff\xb9\xff\x8f\xfff\xff>\xff\x16\xff\xef\xfe\xca\
\xfe\xa6\xfe\x83\xfec\xfeD\xfe'\xfe\x0d\xfe\xf5\xfd\xdf\
\xfd\xcc\xfd\xbc\xfd\xae\xfd\xa3\xfd\x9b\xfd\x96\xfd\x94\xfd\x94\
\xfd\x97\xfd\x9d\xfd\xa6\xfd\xb1\xfd\xbf\xfd\xcf\xfd\xe2\xfd\xf6\
\xfd\x0d\xfe&\xfe@\xfe\x5c\xfey\xfe\x97\xfe\xb6\xfe\xd6\
\xfe\xf7\xfe\x18\xff:\xff[\xff}\xff\x9e\xff\xbf\xff\xdf\
\xff\xff\xff\x1d\x00;\x00X\x00t\x00\x8f\x00\xa8\x00\xc0\
\x00\xd7\x00\xec\x00\x00\x01\x12\x01#\x012\x01@\x01M\
\x01Y\x01c\x01k\x01s\x01z\x01\x7f\x01\x84\x01\x88\
\x01\x8a\x01\x8d\x01\x8e\x01\x8f\x01\x8f\x01\x8f\x01\x8e\x01\x8d\
\x01\x8b\x01\x89\x01\x87\x01\x85\x01\x82\x01\x7f\x01{\x01w\
\x01s\x01n\x01i\x01c\x01]\x01V\x01N\x01E\
\x01<\x011\x01%\x01\x18\x01\x0a\x01\xfb\x00\xea\x00\xd8\
\x00\xc5\x00\xaf\x00\x99\x00\x80\x00g\x00K\x00.\x00\x10\
\x00\xf1\xff\xcf\xff\xad\xff\x89\xffd\xff>\xff\x17\xff\xf0\
\xfe\xc8\xfe\xa0\xfex\xfeP\xfe(\xfe\x01\xfe\xdb\xfd\xb6\
\xfd\x93\xfdq\xfdQ\xfd3\xfd\x18\xfd\xff\xfc\xea\xfc\xd7\
\xfc\xc9\xfc\xbd\xfc\xb6\xfc\xb2\xfc\xb3\xfc\xb8\xfc\xc2\xfc\xcf\
\xfc\xe2\xfc\xf9\xfc\x15\xfd5\xfdZ\xfd\x83\xfd\xb0\xfd\xe2\
\xfd\x18\xfeQ\xfe\x8e\xfe\xce\xfe\x11\xffW\xff\x9f\xff\xe9\
\xff3\x00\x80\x00\xcd\x00\x1b\x01i\x01\xb6\x01\x01\x02L\
\x02\x94\x02\xda\x02\x1d\x03]\x03\x99\x03\xd1\x03\x04\x043\
\x04\x5c\x04\x80\x04\x9e\x04\xb6\x04\xc7\x04\xd3\x04\xd7\x04\xd5\
\x04\xcc\x04\xbd\x04\xa7\x04\x8a\x04f\x04<\x04\x0c\x04\xd6\
\x03\x9a\x03Y\x03\x12\x03\xc7\x02x\x02$\x02\xce\x01t\
\x01\x18\x01\xba\x00Z\x00\xfb\xff\x9a\xff:\xff\xdb\xfe}\
\xfe!\xfe\xc7\xfdp\xfd\x1d\xfd\xce\xfc\x83\xfc=\xfc\xfc\
\xfb\xc1\xfb\x8c\xfb]\xfb5\xfb\x13\xfb\xf9\xfa\xe5\xfa\xd9\
\xfa\xd3\xfa\xd5\xfa\xde\xfa\xef\xfa\x06\xfb$\xfbI\xfbt\
\xfb\xa5\xfb\xdb\xfb\x18\xfcY\xfc\x9f\xfc\xe9\xfc6\xfd\x87\
\xfd\xdb\xfd1\xfe\x89\xfe\xe2\xfe;\xff\x95\xff\xee\xffF\
\x00\x9d\x00\xf3\x00F\x01\x97\x01\xe4\x01.\x02t\x02\xb6\
\x02\xf3\x02+\x03^\x03\x8c\x03\xb5\x03\xd8\x03\xf5\x03\x0c\
\x04\x1e\x04)\x04/\x040\x04*\x04 \x04\x10\x04\xfb\
\x03\xe1\x03\xc3\x03\xa0\x03y\x03O\x03!\x03\xf0\x02\xbd\
\x02\x87\x02O\x02\x15\x02\xda\x01\x9f\x01c\x01&\x01\xea\
\x00\xae\x00s\x009\x00\x00\x00\xca\xff\x95\xffb\xff1\
\xff\x03\xff\xd7\xfe\xae\xfe\x88\xfed\xfeD\xfe'\xfe\x0d\
\xfe\xf6\xfd\xe2\xfd\xd1\xfd\xc3\xfd\xb8\xfd\xb0\xfd\xaa\xfd\xa7\
\xfd\xa7\xfd\xa9\xfd\xad\xfd\xb3\xfd\xbc\xfd\xc6\xfd\xd1\xfd\xde\
\xfd\xed\xfd\xfc\xfd\x0d\xfe\x1e\xfe1\xfeC\xfeW\xfek\
\xfe\x7f\xfe\x93\xfe\xa8\xfe\xbc\xfe\xd1\xfe\xe6\xfe\xfa\xfe\x0f\
\xff#\xff7\xffK\xff_\xffr\xff\x86\xff\x99\xff\xad\
\xff\xc0\xff\xd3\xff\xe6\xff\xf9\xff\x0b\x00\x1f\x002\x00E\
\x00Y\x00l\x00\x80\x00\x94\x00\xa7\x00\xbb\x00\xcf\x00\xe3\
\x00\xf6\x00\x0a\x01\x1d\x011\x01C\x01V\x01h\x01y\
\x01\x8a\x01\x99\x01\xa8\x01\xb6\x01\xc3\x01\xcf\x01\xd9\x01\xe2\
\x01\xe9\x01\xef\x01\xf3\x01\xf5\x01\xf6\x01\xf4\x01\xf1\x01\xeb\
\x01\xe4\x01\xda\x01\xce\x01\xc0\x01\xb0\x01\x9e\x01\x8a\x01s\
\x01[\x01A\x01&\x01\x08\x01\xe9\x00\xc9\x00\xa8\x00\x85\
\x00a\x00=\x00\x18\x00\xf4\xff\xce\xff\xa8\xff\x83\xff^\
\xff9\xff\x15\xff\xf2\xfe\xd0\xfe\xaf\xfe\x90\xfer\xfeW\
\xfe<\xfe$\xfe\x0f\xfe\xfb\xfd\xea\xfd\xdb\xfd\xcf\xfd\xc5\
\xfd\xbe\xfd\xb9\xfd\xb7\xfd\xb8\xfd\xbb\xfd\xc1\xfd\xc9\xfd\xd4\
\xfd\xe1\xfd\xf0\xfd\x01\xfe\x15\xfe*\xfeA\xfeZ\xfet\
\xfe\x8f\xfe\xac\xfe\xca\xfe\xe9\xfe\x08\xff(\xffH\xffi\
\xff\x89\xff\xaa\xff\xca\xff\xea\xff\x09\x00(\x00F\x00c\
\x00\x80\x00\x9c\x00\xb6\x00\xd0\x00\xe8\x00\x00\x01\x15\x01*\
\x01>\x01P\x01`\x01p\x01~\x01\x8b\x01\x97\x01\xa1\
\x01\xab\x01\xb3\x01\xba\x01\xc0\x01\xc5\x01\xc8\x01\xcb\x01\xcd\
\x01\xce\x01\xce\x01\xcd\x01\xcb\x01\xc8\x01\xc5\x01\xc0\x01\xbb\
\x01\xb4\x01\xad\x01\xa5\x01\x9c\x01\x92\x01\x87\x01z\x01m\
\x01_\x01O\x01?\x01-\x01\x1a\x01\x06\x01\xf0\x00\xd9\
\x00\xc1\x00\xa7\x00\x8c\x00p\x00S\x004\x00\x15\x00\xf5\
\xff\xd3\xff\xb0\xff\x8c\xffg\xffB\xff\x1c\xff\xf6\xfe\xcf\
\xfe\xa9\xfe\x82\xfe\x5c\xfe7\xfe\x12\xfe\xee\xfd\xcb\xfd\xa9\
\xfd\x89\xfdk\xfdO\xfd6\xfd\x1e\xfd\x0a\xfd\xf8\xfc\xea\
\xfc\xde\xfc\xd7\xfc\xd2\xfc\xd2\xfc\xd6\xfc\xdd\xfc\xe9\xfc\xf8\
\xfc\x0c\xfd$\xfdA\xfda\xfd\x86\xfd\xae\xfd\xdb\xfd\x0b\
\xfe?\xfev\xfe\xb0\xfe\xed\xfe-\xffo\xff\xb3\xff\xf8\
\xff>\x00\x86\x00\xcf\x00\x17\x01`\x01\xa7\x01\xee\x013\
\x02v\x02\xb7\x02\xf5\x020\x03h\x03\x9c\x03\xcb\x03\xf6\
\x03\x1c\x04=\x04X\x04n\x04~\x04\x88\x04\x8c\x04\x8a\
\x04\x82\x04s\x04^\x04C\x04\x22\x04\xfa\x03\xcd\x03\x9b\
\x03c\x03&\x03\xe4\x02\x9e\x02T\x02\x06\x02\xb5\x01a\
\x01\x0b\x01\xb4\x00Z\x00\x01\x00\xa7\xffM\xff\xf4\xfe\x9c\
\xfeF\xfe\xf2\xfd\xa1\xfdS\xfd\x09\xfd\xc2\xfc\x81\xfcD\
\xfc\x0d\xfc\xdb\xfb\xae\xfb\x88\xfbi\xfbO\xfb=\xfb1\
\xfb+\xfb-\xfb5\xfbD\xfbY\xfbu\xfb\x97\xfb\xbf\
\xfb\xed\xfb \xfcX\xfc\x95\xfc\xd6\xfc\x1b\xfdd\xfd\xaf\
\xfd\xfd\xfdN\xfe\xa0\xfe\xf3\xfeG\xff\x9b\xff\xee\xff@\
\x00\x92\x00\xe1\x00/\x01z\x01\xc2\x01\x07\x02H\x02\x85\
\x02\xbe\x02\xf2\x02!\x03L\x03q\x03\x91\x03\xab\x03\xc0\
\x03\xd0\x03\xda\x03\xde\x03\xdd\x03\xd7\x03\xcc\x03\xbc\x03\xa7\
\x03\x8e\x03q\x03O\x03*\x03\x01\x03\xd5\x02\xa7\x02v\
\x02C\x02\x0e\x02\xd8\x01\xa1\x01i\x011\x01\xf9\x00\xc1\
\x00\x8a\x00T\x00\x1e\x00\xec\xff\xba\xff\x8a\xff\x5c\xff1\
\xff\x08\xff\xe2\xfe\xbe\xfe\x9e\xfe\x80\xfee\xfeM\xfe8\
\xfe&\xfe\x18\xfe\x0b\xfe\x02\xfe\xfc\xfd\xf8\xfd\xf6\xfd\xf7\
\xfd\xfa\xfd\xff\xfd\x06\xfe\x0f\xfe\x1a\xfe%\xfe2\xfeA\
\xfeP\xfe_\xfep\xfe\x80\xfe\x92\xfe\xa3\xfe\xb4\xfe\xc5\
\xfe\xd7\xfe\xe8\xfe\xf8\xfe\x08\xff\x18\xff(\xff7\xffE\
\xffS\xffa\xffn\xffz\xff\x87\xff\x93\xff\x9e\xff\xaa\
\xff\xb5\xff\xc0\xff\xcb\xff\xd6\xff\xe2\xff\xed\xff\xf9\xff\x04\
\x00\x10\x00\x1c\x00*\x007\x00E\x00T\x00c\x00r\
\x00\x82\x00\x93\x00\xa4\x00\xb5\x00\xc7\x00\xd8\x00\xeb\x00\xfd\
\x00\x0f\x01!\x013\x01D\x01U\x01e\x01u\x01\x84\
\x01\x92\x01\x9f\x01\xaa\x01\xb5\x01\xbe\x01\xc5\x01\xca\x01\xce\
\x01\xd0\x01\xd0\x01\xce\x01\xc9\x01\xc3\x01\xba\x01\xb0\x01\xa3\
\x01\x94\x01\x82\x01o\x01Z\x01B\x01)\x01\x0e\x01\xf1\
\x00\xd2\x00\xb2\x00\x91\x00o\x00L\x00'\x00\x03\x00\xde\
\xff\xb9\xff\x94\xffn\xffI\xff%\xff\x01\xff\xdf\xfe\xbd\
\xfe\x9d\xfe~\xfea\xfeF\xfe,\xfe\x15\xfe\x00\xfe\xed\
\xfd\xdd\xfd\xcf\xfd\xc4\xfd\xbb\xfd\xb5\xfd\xb2\xfd\xb1\xfd\xb3\
\xfd\xb8\xfd\xbf\xfd\xc9\xfd\xd5\xfd\xe4\xfd\xf5\xfd\x08\xfe\x1d\
\xfe4\xfeM\xfeh\xfe\x84\xfe\xa2\xfe\xc1\xfe\xe1\xfe\x02\
\xff$\xffF\xffi\xff\x8c\xff\xaf\xff\xd2\xff\xf5\xff\x16\
\x008\x00Z\x00{\x00\x9b\x00\xba\x00\xd8\x00\xf5\x00\x10\
\x01+\x01D\x01\x5c\x01r\x01\x87\x01\x9a\x01\xac\x01\xbc\
\x01\xcb\x01\xd8\x01\xe4\x01\xee\x01\xf6\x01\xfd\x01\x03\x02\x07\
\x02\x09\x02\x0a\x02\x0a\x02\x08\x02\x05\x02\x00\x02\xfa\x01\xf3\
\x01\xea\x01\xe0\x01\xd5\x01\xc8\x01\xba\x01\xab\x01\x9b\x01\x89\
\x01v\x01b\x01L\x016\x01\x1e\x01\x05\x01\xeb\x00\xd0\
\x00\xb4\x00\x96\x00x\x00Y\x008\x00\x17\x00\xf6\xff\xd3\
\xff\xb0\xff\x8c\xffh\xffC\xff\x1e\xff\xf9\xfe\xd4\xfe\xaf\
\xfe\x8b\xfeg\xfeD\xfe!\xfe\x00\xfe\xdf\xfd\xc0\xfd\xa3\
\xfd\x87\xfdm\xfdV\xfd@\xfd.\xfd\x1d\xfd\x10\xfd\x06\
\xfd\xfe\xfc\xfa\xfc\xf9\xfc\xfc\xfc\x03\xfd\x0d\xfd\x1a\xfd,\
\xfdA\xfdZ\xfdw\xfd\x97\xfd\xbb\xfd\xe3\xfd\x0e\xfe<\
\xfem\xfe\xa1\xfe\xd8\xfe\x12\xffM\xff\x8b\xff\xca\xff\x0a\
\x00L\x00\x8e\x00\xd1\x00\x14\x01V\x01\x98\x01\xd8\x01\x18\
\x02U\x02\x90\x02\xc9\x02\xfe\x021\x03`\x03\x8b\x03\xb1\
\x03\xd4\x03\xf1\x03\x0a\x04\x1d\x04,\x044\x047\x045\
\x04-\x04\x1f\x04\x0b\x04\xf2\x03\xd3\x03\xaf\x03\x85\x03V\
\x03#\x03\xeb\x02\xae\x02n\x02*\x02\xe2\x01\x98\x01K\
\x01\xfb\x00\xab\x00Y\x00\x06\x00\xb4\xffa\xff\x0f\xff\xbe\
\xfen\xfe!\xfe\xd6\xfd\x8e\xfdJ\xfd\x09\xfd\xcc\xfc\x94\
\xfc`\xfc2\xfc\x09\xfc\xe5\xfb\xc8\xfb\xb0\xfb\x9e\xfb\x93\
\xfb\x8d\xfb\x8e\xfb\x95\xfb\xa3\xfb\xb6\xfb\xcf\xfb\xee\xfb\x12\
\xfc<\xfcj\xfc\x9e\xfc\xd5\xfc\x11\xfdQ\xfd\x93\xfd\xd9\
\xfd!\xfej\xfe\xb6\xfe\x02\xffO\xff\x9d\xff\xea\xff5\
\x00\x80\x00\xca\x00\x11\x01V\x01\x99\x01\xd8\x01\x14\x02L\
\x02\x80\x02\xb0\x02\xdb\x02\x02\x03#\x03@\x03X\x03k\
\x03y\x03\x82\x03\x85\x03\x84\x03~\x03s\x03d\x03P\
\x038\x03\x1c\x03\xfd\x02\xda\x02\xb4\x02\x8c\x02`\x023\
\x02\x04\x02\xd3\x01\xa1\x01o\x01;\x01\x08\x01\xd5\x00\xa2\
\x00p\x00?\x00\x0f\x00\xe2\xff\xb6\xff\x8b\xffc\xff=\
\xff\x19\xff\xf8\xfe\xd9\xfe\xbe\xfe\xa5\xfe\x8f\xfe|\xfek\
\xfe^\xfeS\xfeK\xfeE\xfeB\xfeA\xfeC\xfeF\
\xfeL\xfeS\xfe\x5c\xfef\xfeq\xfe~\xfe\x8b\xfe\x99\
\xfe\xa8\xfe\xb7\xfe\xc6\xfe\xd6\xfe\xe5\xfe\xf4\xfe\x03\xff\x11\
\xff\x1f\xff,\xff9\xffE\xffP\xff[\xffd\xffm\
\xffv\xff}\xff\x84\xff\x8b\xff\x90\xff\x96\xff\x9b\xff\x9f\
\xff\xa4\xff\xa8\xff\xad\xff\xb1\xff\xb6\xff\xbb\xff\xc1\xff\xc6\
\xff\xcd\xff\xd4\xff\xdc\xff\xe5\xff\xee\xff\xf9\xff\x03\x00\x10\
\x00\x1d\x00+\x00:\x00K\x00\x5c\x00m\x00\x80\x00\x93\
\x00\xa7\x00\xbb\x00\xcf\x00\xe4\x00\xf9\x00\x0e\x01\x22\x016\
\x01J\x01]\x01o\x01\x80\x01\x90\x01\x9f\x01\xac\x01\xb8\
\x01\xc2\x01\xca\x01\xd0\x01\xd4\x01\xd6\x01\xd5\x01\xd2\x01\xcd\
\x01\xc6\x01\xbc\x01\xaf\x01\xa0\x01\x8f\x01|\x01f\x01N\
\x013\x01\x17\x01\xf9\x00\xd9\x00\xb7\x00\x94\x00p\x00K\
\x00%\x00\xff\xff\xd8\xff\xb0\xff\x88\xffa\xff:\xff\x14\
\xff\xee\xfe\xc9\xfe\xa6\xfe\x84\xfed\xfeE\xfe)\xfe\x0e\
\xfe\xf6\xfd\xe1\xfd\xce\xfd\xbd\xfd\xaf\xfd\xa4\xfd\x9c\xfd\x97\
\xfd\x94\xfd\x95\xfd\x98\xfd\x9f\xfd\xa8\xfd\xb4\xfd\xc2\xfd\xd3\
\xfd\xe7\xfd\xfd\xfd\x15\xfe0\xfeL\xfek\xfe\x8b\xfe\xac\
\xfe\xcf\xfe\xf3\xfe\x18\xff=\xffc\xff\x8a\xff\xb1\xff\xd8\
\xff\xff\xff%\x00K\x00p\x00\x95\x00\xb9\x00\xdc\x00\xfe\
\x00\x1e\x01=\x01[\x01w\x01\x91\x01\xaa\x01\xc1\x01\xd6\
\x01\xe9\x01\xfa\x01\x0a\x02\x17\x02\x22\x02+\x023\x028\
\x02<\x02=\x02=\x02:\x026\x020\x02(\x02\x1f\
\x02\x14\x02\x07\x02\xf8\x01\xe8\x01\xd7\x01\xc3\x01\xaf\x01\x99\
\x01\x82\x01j\x01P\x015\x01\x19\x01\xfc\x00\xde\x00\xbf\
\x00\x9f\x00\x7f\x00^\x00<\x00\x19\x00\xf7\xff\xd4\xff\xb0\
\xff\x8c\xffh\xffD\xff \xff\xfc\xfe\xd8\xfe\xb5\xfe\x92\
\xfeq\xfeP\xfe/\xfe\x11\xfe\xf3\xfd\xd7\xfd\xbc\xfd\xa3\
\xfd\x8c\xfdw\xfdd\xfdS\xfdE\xfd9\xfd0\xfd*\
\xfd&\xfd&\xfd)\xfd/\xfd8\xfdD\xfdT\xfdg\
\xfd}\xfd\x97\xfd\xb4\xfd\xd4\xfd\xf7\xfd\x1d\xfeF\xfer\
\xfe\xa0\xfe\xd1\xfe\x05\xff:\xffq\xff\xaa\xff\xe4\xff\x1e\
\x00Z\x00\x96\x00\xd3\x00\x0f\x01K\x01\x86\x01\xc0\x01\xf9\
\x010\x02e\x02\x98\x02\xc7\x02\xf4\x02\x1e\x03D\x03f\
\x03\x85\x03\x9f\x03\xb4\x03\xc5\x03\xd1\x03\xd9\x03\xdb\x03\xd8\
\x03\xd0\x03\xc3\x03\xb1\x03\x9a\x03~\x03]\x037\x03\x0c\
\x03\xde\x02\xab\x02t\x029\x02\xfc\x01\xbb\x01w\x012\
\x01\xea\x00\xa1\x00W\x00\x0c\x00\xc1\xffv\xff,\xff\xe2\
\xfe\x9a\xfeT\xfe\x10\xfe\xce\xfd\x90\xfdT\xfd\x1d\xfd\xe9\
\xfc\xba\xfc\x90\xfcj\xfcI\xfc.\xfc\x17\xfc\x07\xfc\xfc\
\xfb\xf6\xfb\xf6\xfb\xfc\xfb\x07\xfc\x18\xfc.\xfcI\xfcj\
\xfc\x8f\xfc\xb8\xfc\xe6\xfc\x19\xfdN\xfd\x87\xfd\xc3\xfd\x02\
\xfeC\xfe\x86\xfe\xca\xfe\x0f\xffU\xff\x9b\xff\xe1\xff%\
\x00i\x00\xac\x00\xed\x00+\x01h\x01\xa1\x01\xd7\x01\x0a\
\x02:\x02e\x02\x8d\x02\xb0\x02\xcf\x02\xe9\x02\xff\x02\x10\
\x03\x1d\x03%\x03(\x03'\x03!\x03\x17\x03\x09\x03\xf7\
\x02\xe2\x02\xc8\x02\xac\x02\x8c\x02j\x02E\x02\x1e\x02\xf5\
\x01\xca\x01\x9e\x01r\x01D\x01\x16\x01\xe8\x00\xba\x00\x8d\
\x00`\x005\x00\x0b\x00\xe3\xff\xbc\xff\x97\xffs\xffS\
\xff4\xff\x18\xff\xfe\xfe\xe7\xfe\xd2\xfe\xc1\xfe\xb1\xfe\xa5\
\xfe\x9a\xfe\x93\xfe\x8e\xfe\x8b\xfe\x8a\xfe\x8b\xfe\x8f\xfe\x94\
\xfe\x9a\xfe\xa2\xfe\xac\xfe\xb6\xfe\xc2\xfe\xce\xfe\xdb\xfe\xe8\
\xfe\xf5\xfe\x03\xff\x10\xff\x1e\xff*\xff7\xffC\xffN\
\xffX\xffb\xffk\xffr\xffy\xff\x7f\xff\x84\xff\x88\
\xff\x8c\xff\x8e\xff\x90\xff\x91\xff\x91\xff\x91\xff\x90\xff\x8f\
\xff\x8e\xff\x8d\xff\x8d\xff\x8c\xff\x8b\xff\x8b\xff\x8c\xff\x8d\
\xff\x8f\xff\x92\xff\
\x00\x00\x01\xff\
<\
svg xmlns=\x22http:\
//www.w3.org/200\
0/svg\x22 xmlns:xli\
nk=\x22http://www.w\
3.org/1999/xlink\
\x22 viewBox=\x220 0 4\
5 45\x22 width=\x22120\
\x22 height=\x22120\x22><\
g id=\x22black-pawn\
\x22 class=\x22black p\
awn\x22><path d=\x22M2\
2.5 9c-2.21 0-4 \
1.79-4 4 0 .89.2\
9 1.71.78 2.38C1\
7.33 16.5 16 18.\
59 16 21c0 2.03.\
94 3.84 2.41 5.0\
3-3 1.06-7.41 5.\
55-7.41 13.47h23\
c0-7.92-4.41-12.\
41-7.41-13.47 1.\
47-1.19 2.41-3 2\
.41-5.03 0-2.41-\
1.33-4.5-3.28-5.\
62.49-.67.78-1.4\
9.78-2.38 0-2.21\
-1.79-4-4-4z\x22 fi\
ll=\x22#000\x22 stroke\
=\x22#000\x22 stroke-w\
idth=\x221.5\x22 strok\
e-linecap=\x22round\
\x22 /></g></svg>\
\x00\x00\x02P\
<\
svg xmlns=\x22http:\
//www.w3.org/200\
0/svg\x22 xmlns:xli\
nk=\x22http://www.w\
3.org/1999/xlink\
\x22 viewBox=\x220 0 4\
5 45\x22 width=\x22120\
\x22 height=\x22120\x22><\
g id=\x22white-rook\
\x22 class=\x22white r\
ook\x22 fill=\x22#fff\x22\
 fill-rule=\x22even\
odd\x22 stroke=\x22#00\
0\x22 stroke-width=\
\x221.5\x22 stroke-lin\
ecap=\x22round\x22 str\
oke-linejoin=\x22ro\
und\x22><path d=\x22M9\
 39h27v-3H9v3zM1\
2 36v-4h21v4H12z\
M11 14V9h4v2h5V9\
h5v2h5V9h4v5\x22 st\
roke-linecap=\x22bu\
tt\x22 /><path d=\x22M\
34 14l-3 3H14l-3\
-3\x22 /><path d=\x22M\
31 17v12.5H14V17\
\x22 stroke-linecap\
=\x22butt\x22 stroke-l\
inejoin=\x22miter\x22 \
/><path d=\x22M31 2\
9.5l1.5 2.5h-20l\
1.5-2.5\x22 /><path\
 d=\x22M11 14h23\x22 f\
ill=\x22none\x22 strok\
e-linejoin=\x22mite\
r\x22 /></g></svg>\
\x00\x00\x03\x14\
<\
svg xmlns=\x22http:\
//www.w3.org/200\
0/svg\x22 xmlns:xli\
nk=\x22http://www.w\
3.org/1999/xlink\
\x22 viewBox=\x220 0 4\
5 45\x22 width=\x22120\
\x22 height=\x22120\x22><\
g id=\x22white-bish\
op\x22 class=\x22white\
 bishop\x22 fill=\x22n\
one\x22 fill-rule=\x22\
evenodd\x22 stroke=\
\x22#000\x22 stroke-wi\
dth=\x221.5\x22 stroke\
-linecap=\x22round\x22\
 stroke-linejoin\
=\x22round\x22><g fill\
=\x22#fff\x22 stroke-l\
inecap=\x22butt\x22><p\
ath d=\x22M9 36c3.3\
9-.97 10.11.43 1\
3.5-2 3.39 2.43 \
10.11 1.03 13.5 \
2 0 0 1.65.54 3 \
2-.68.97-1.65.99\
-3 .5-3.39-.97-1\
0.11.46-13.5-1-3\
.39 1.46-10.11.0\
3-13.5 1-1.354.4\
9-2.323.47-3-.5 \
1.354-1.94 3-2 3\
-2zM15 32c2.5 2.\
5 12.5 2.5 15 0 \
.5-1.5 0-2 0-2 0\
-2.5-2.5-4-2.5-4\
 5.5-1.5 6-11.5-\
5-15.5-11 4-10.5\
 14-5 15.5 0 0-2\
.5 1.5-2.5 4 0 0\
-.5.5 0 2zM25 8a\
2.5 2.5 0 1 1-5 \
0 2.5 2.5 0 1 1 \
5 0z\x22 /></g><pat\
h d=\x22M17.5 26h10\
M15 30h15m-7.5-1\
4.5v5M20 18h5\x22 s\
troke-linejoin=\x22\
miter\x22 /></g></s\
vg>\
\x00\x00\x02\xd0\
<\
svg xmlns=\x22http:\
//www.w3.org/200\
0/svg\x22 xmlns:xli\
nk=\x22http://www.w\
3.org/1999/xlink\
\x22 viewBox=\x220 0 4\
5 45\x22 width=\x22120\
\x22 height=\x22120\x22><\
g id=\x22white-king\
\x22 class=\x22white k\
ing\x22 fill=\x22none\x22\
 fill-rule=\x22even\
odd\x22 stroke=\x22#00\
0\x22 stroke-width=\
\x221.5\x22 stroke-lin\
ecap=\x22round\x22 str\
oke-linejoin=\x22ro\
und\x22><path d=\x22M2\
2.5 11.63V6M20 8\
h5\x22 stroke-linej\
oin=\x22miter\x22 /><p\
ath d=\x22M22.5 25s\
4.5-7.5 3-10.5c0\
 0-1-2.5-3-2.5s-\
3 2.5-3 2.5c-1.5\
 3 3 10.5 3 10.5\
\x22 fill=\x22#fff\x22 st\
roke-linecap=\x22bu\
tt\x22 stroke-linej\
oin=\x22miter\x22 /><p\
ath d=\x22M11.5 37c\
5.5 3.5 15.5 3.5\
 21 0v-7s9-4.5 6\
-10.5c-4-6.5-13.\
5-3.5-16 4V27v-3\
.5c-3.5-7.5-13-1\
0.5-16-4-3 6 5 1\
0 5 10V37z\x22 fill\
=\x22#fff\x22 /><path \
d=\x22M11.5 30c5.5-\
3 15.5-3 21 0m-2\
1 3.5c5.5-3 15.5\
-3 21 0m-21 3.5c\
5.5-3 15.5-3 21 \
0\x22 /></g></svg>\
\x00\x00\x03\x19\
<\
svg xmlns=\x22http:\
//www.w3.org/200\
0/svg\x22 xmlns:xli\
nk=\x22http://www.w\
3.org/1999/xlink\
\x22 viewBox=\x220 0 4\
5 45\x22 width=\x22120\
\x22 height=\x22120\x22><\
g id=\x22black-bish\
op\x22 class=\x22black\
 bishop\x22 fill=\x22n\
one\x22 fill-rule=\x22\
evenodd\x22 stroke=\
\x22#000\x22 stroke-wi\
dth=\x221.5\x22 stroke\
-linecap=\x22round\x22\
 stroke-linejoin\
=\x22round\x22><path d\
=\x22M9 36c3.39-.97\
 10.11.43 13.5-2\
 3.39 2.43 10.11\
 1.03 13.5 2 0 0\
 1.65.54 3 2-.68\
.97-1.65.99-3 .5\
-3.39-.97-10.11.\
46-13.5-1-3.39 1\
.46-10.11.03-13.\
5 1-1.354.49-2.3\
23.47-3-.5 1.354\
-1.94 3-2 3-2zm6\
-4c2.5 2.5 12.5 \
2.5 15 0 .5-1.5 \
0-2 0-2 0-2.5-2.\
5-4-2.5-4 5.5-1.\
5 6-11.5-5-15.5-\
11 4-10.5 14-5 1\
5.5 0 0-2.5 1.5-\
2.5 4 0 0-.5.5 0\
 2zM25 8a2.5 2.5\
 0 1 1-5 0 2.5 2\
.5 0 1 1 5 0z\x22 f\
ill=\x22#000\x22 strok\
e-linecap=\x22butt\x22\
 /><path d=\x22M17.\
5 26h10M15 30h15\
m-7.5-14.5v5M20 \
18h5\x22 stroke=\x22#f\
ff\x22 stroke-linej\
oin=\x22miter\x22 /></\
g></svg>\
\x00\x00\x05 \
<\
svg xmlns=\x22http:\
//www.w3.org/200\
0/svg\x22 xmlns:xli\
nk=\x22http://www.w\
3.org/1999/xlink\
\x22 viewBox=\x220 0 4\
5 45\x22 width=\x22120\
\x22 height=\x22120\x22><\
g id=\x22black-knig\
ht\x22 class=\x22black\
 knight\x22 fill=\x22n\
one\x22 fill-rule=\x22\
evenodd\x22 stroke=\
\x22#000\x22 stroke-wi\
dth=\x221.5\x22 stroke\
-linecap=\x22round\x22\
 stroke-linejoin\
=\x22round\x22><path d\
=\x22M 22,10 C 32.5\
,11 38.5,18 38,3\
9 L 15,39 C 15,3\
0 25,32.5 23,18\x22\
 style=\x22fill:#00\
0000; stroke:#00\
0000;\x22 /><path d\
=\x22M 24,18 C 24.3\
8,20.91 18.45,25\
.37 16,27 C 13,2\
9 13.18,31.34 11\
,31 C 9.958,30.0\
6 12.41,27.96 11\
,28 C 10,28 11.1\
9,29.23 10,30 C \
9,30 5.997,31 6,\
26 C 6,24 12,14 \
12,14 C 12,14 13\
.89,12.1 14,10.5\
 C 13.27,9.506 1\
3.5,8.5 13.5,7.5\
 C 14.5,6.5 16.5\
,10 16.5,10 L 18\
.5,10 C 18.5,10 \
19.28,8.008 21,7\
 C 22,7 22,10 22\
,10\x22 style=\x22fill\
:#000000; stroke\
:#000000;\x22 /><pa\
th d=\x22M 9.5 25.5\
 A 0.5 0.5 0 1 1\
 8.5,25.5 A 0.5 \
0.5 0 1 1 9.5 25\
.5 z\x22 style=\x22fil\
l:#ececec; strok\
e:#ececec;\x22 /><p\
ath d=\x22M 15 15.5\
 A 0.5 1.5 0 1 1\
 14,15.5 A 0.5 1\
.5 0 1 1 15 15.5\
 z\x22 transform=\x22m\
atrix(0.866,0.5,\
-0.5,0.866,9.693\
,-5.173)\x22 style=\
\x22fill:#ececec; s\
troke:#ececec;\x22 \
/><path d=\x22M 24.\
55,10.4 L 24.1,1\
1.85 L 24.6,12 C\
 27.75,13 30.25,\
14.49 32.5,18.75\
 C 34.75,23.01 3\
5.75,29.06 35.25\
,39 L 35.2,39.5 \
L 37.45,39.5 L 3\
7.5,39 C 38,28.9\
4 36.62,22.15 34\
.25,17.66 C 31.8\
8,13.17 28.46,11\
.02 25.06,10.5 L\
 24.55,10.4 z \x22 \
style=\x22fill:#ece\
cec; stroke:none\
;\x22 /></g></svg>\
\x00\x00\x02\xba\
<\
svg xmlns=\x22http:\
//www.w3.org/200\
0/svg\x22 xmlns:xli\
nk=\x22http://www.w\
3.org/1999/xlink\
\x22 viewBox=\x220 0 4\
5 45\x22 width=\x22120\
\x22 height=\x22120\x22><\
g id=\x22black-rook\
\x22 class=\x22black r\
ook\x22 fill=\x22#000\x22\
 fill-rule=\x22even\
odd\x22 stroke=\x22#00\
0\x22 stroke-width=\
\x221.5\x22 stroke-lin\
ecap=\x22round\x22 str\
oke-linejoin=\x22ro\
und\x22><path d=\x22M9\
 39h27v-3H9v3zM1\
2.5 32l1.5-2.5h1\
7l1.5 2.5h-20zM1\
2 36v-4h21v4H12z\
\x22 stroke-linecap\
=\x22butt\x22 /><path \
d=\x22M14 29.5v-13h\
17v13H14z\x22 strok\
e-linecap=\x22butt\x22\
 stroke-linejoin\
=\x22miter\x22 /><path\
 d=\x22M14 16.5L11 \
14h23l-3 2.5H14z\
M11 14V9h4v2h5V9\
h5v2h5V9h4v5H11z\
\x22 stroke-linecap\
=\x22butt\x22 /><path \
d=\x22M12 35.5h21M1\
3 31.5h19M14 29.\
5h17M14 16.5h17M\
11 14h23\x22 fill=\x22\
none\x22 stroke=\x22#f\
ff\x22 stroke-width\
=\x221\x22 stroke-line\
join=\x22miter\x22 /><\
/g></svg>\
\x00\x00\x03\xff\
<\
svg xmlns=\x22http:\
//www.w3.org/200\
0/svg\x22 xmlns:xli\
nk=\x22http://www.w\
3.org/1999/xlink\
\x22 viewBox=\x220 0 4\
5 45\x22 width=\x22120\
\x22 height=\x22120\x22><\
g id=\x22black-quee\
n\x22 class=\x22black \
queen\x22 fill=\x22#00\
0\x22 fill-rule=\x22ev\
enodd\x22 stroke=\x22#\
000\x22 stroke-widt\
h=\x221.5\x22 stroke-l\
inecap=\x22round\x22 s\
troke-linejoin=\x22\
round\x22><g fill=\x22\
#000\x22 stroke=\x22no\
ne\x22><circle cx=\x22\
6\x22 cy=\x2212\x22 r=\x222.\
75\x22 /><circle cx\
=\x2214\x22 cy=\x229\x22 r=\x22\
2.75\x22 /><circle \
cx=\x2222.5\x22 cy=\x228\x22\
 r=\x222.75\x22 /><cir\
cle cx=\x2231\x22 cy=\x22\
9\x22 r=\x222.75\x22 /><c\
ircle cx=\x2239\x22 cy\
=\x2212\x22 r=\x222.75\x22 /\
></g><path d=\x22M9\
 26c8.5-1.5 21-1\
.5 27 0l2.5-12.5\
L31 25l-.3-14.1-\
5.2 13.6-3-14.5-\
3 14.5-5.2-13.6L\
14 25 6.5 13.5 9\
 26zM9 26c0 2 1.\
5 2 2.5 4 1 1.5 \
1 1 .5 3.5-1.5 1\
-1.5 2.5-1.5 2.5\
-1.5 1.5.5 2.5.5\
 2.5 6.5 1 16.5 \
1 23 0 0 0 1.5-1\
 0-2.5 0 0 .5-1.\
5-1-2.5-.5-2.5-.\
5-2 .5-3.5 1-2 2\
.5-2 2.5-4-8.5-1\
.5-18.5-1.5-27 0\
z\x22 stroke-lineca\
p=\x22butt\x22 /><path\
 d=\x22M11 38.5a35 \
35 1 0 0 23 0\x22 f\
ill=\x22none\x22 strok\
e-linecap=\x22butt\x22\
 /><path d=\x22M11 \
29a35 35 1 0 1 2\
3 0M12.5 31.5h20\
M11.5 34.5a35 35\
 1 0 0 22 0M10.5\
 37.5a35 35 1 0 \
0 24 0\x22 fill=\x22no\
ne\x22 stroke=\x22#fff\
\x22 /></g></svg>\
\x00\x00\x03{\
<\
svg xmlns=\x22http:\
//www.w3.org/200\
0/svg\x22 xmlns:xli\
nk=\x22http://www.w\
3.org/1999/xlink\
\x22 viewBox=\x220 0 4\
5 45\x22 width=\x22120\
\x22 height=\x22120\x22><\
g id=\x22black-king\
\x22 class=\x22black k\
ing\x22 fill=\x22none\x22\
 fill-rule=\x22even\
odd\x22 stroke=\x22#00\
0\x22 stroke-width=\
\x221.5\x22 stroke-lin\
ecap=\x22round\x22 str\
oke-linejoin=\x22ro\
und\x22><path d=\x22M2\
2.5 11.63V6\x22 str\
oke-linejoin=\x22mi\
ter\x22 /><path d=\x22\
M22.5 25s4.5-7.5\
 3-10.5c0 0-1-2.\
5-3-2.5s-3 2.5-3\
 2.5c-1.5 3 3 10\
.5 3 10.5\x22 fill=\
\x22#000\x22 stroke-li\
necap=\x22butt\x22 str\
oke-linejoin=\x22mi\
ter\x22 /><path d=\x22\
M11.5 37c5.5 3.5\
 15.5 3.5 21 0v-\
7s9-4.5 6-10.5c-\
4-6.5-13.5-3.5-1\
6 4V27v-3.5c-3.5\
-7.5-13-10.5-16-\
4-3 6 5 10 5 10V\
37z\x22 fill=\x22#000\x22\
 /><path d=\x22M20 \
8h5\x22 stroke-line\
join=\x22miter\x22 /><\
path d=\x22M32 29.5\
s8.5-4 6.03-9.65\
C34.15 14 25 18 \
22.5 24.5l.01 2.\
1-.01-2.1C20 18 \
9.906 14 6.997 1\
9.85c-2.497 5.65\
 4.853 9 4.853 9\
M11.5 30c5.5-3 1\
5.5-3 21 0m-21 3\
.5c5.5-3 15.5-3 \
21 0m-21 3.5c5.5\
-3 15.5-3 21 0\x22 \
stroke=\x22#fff\x22 />\
</g></svg>\
\x00\x00\x01\xff\
<\
svg xmlns=\x22http:\
//www.w3.org/200\
0/svg\x22 xmlns:xli\
nk=\x22http://www.w\
3.org/1999/xlink\
\x22 viewBox=\x220 0 4\
5 45\x22 width=\x22120\
\x22 height=\x22120\x22><\
g id=\x22white-pawn\
\x22 class=\x22white p\
awn\x22><path d=\x22M2\
2.5 9c-2.21 0-4 \
1.79-4 4 0 .89.2\
9 1.71.78 2.38C1\
7.33 16.5 16 18.\
59 16 21c0 2.03.\
94 3.84 2.41 5.0\
3-3 1.06-7.41 5.\
55-7.41 13.47h23\
c0-7.92-4.41-12.\
41-7.41-13.47 1.\
47-1.19 2.41-3 2\
.41-5.03 0-2.41-\
1.33-4.5-3.28-5.\
62.49-.67.78-1.4\
9.78-2.38 0-2.21\
-1.79-4-4-4z\x22 fi\
ll=\x22#fff\x22 stroke\
=\x22#000\x22 stroke-w\
idth=\x221.5\x22 strok\
e-linecap=\x22round\
\x22 /></g></svg>\
\x00\x00\x04\x0d\
<\
svg xmlns=\x22http:\
//www.w3.org/200\
0/svg\x22 xmlns:xli\
nk=\x22http://www.w\
3.org/1999/xlink\
\x22 viewBox=\x220 0 4\
5 45\x22 width=\x22120\
\x22 height=\x22120\x22><\
g id=\x22white-knig\
ht\x22 class=\x22white\
 knight\x22 fill=\x22n\
one\x22 fill-rule=\x22\
evenodd\x22 stroke=\
\x22#000\x22 stroke-wi\
dth=\x221.5\x22 stroke\
-linecap=\x22round\x22\
 stroke-linejoin\
=\x22round\x22><path d\
=\x22M 22,10 C 32.5\
,11 38.5,18 38,3\
9 L 15,39 C 15,3\
0 25,32.5 23,18\x22\
 style=\x22fill:#ff\
ffff; stroke:#00\
0000;\x22 /><path d\
=\x22M 24,18 C 24.3\
8,20.91 18.45,25\
.37 16,27 C 13,2\
9 13.18,31.34 11\
,31 C 9.958,30.0\
6 12.41,27.96 11\
,28 C 10,28 11.1\
9,29.23 10,30 C \
9,30 5.997,31 6,\
26 C 6,24 12,14 \
12,14 C 12,14 13\
.89,12.1 14,10.5\
 C 13.27,9.506 1\
3.5,8.5 13.5,7.5\
 C 14.5,6.5 16.5\
,10 16.5,10 L 18\
.5,10 C 18.5,10 \
19.28,8.008 21,7\
 C 22,7 22,10 22\
,10\x22 style=\x22fill\
:#ffffff; stroke\
:#000000;\x22 /><pa\
th d=\x22M 9.5 25.5\
 A 0.5 0.5 0 1 1\
 8.5,25.5 A 0.5 \
0.5 0 1 1 9.5 25\
.5 z\x22 style=\x22fil\
l:#000000; strok\
e:#000000;\x22 /><p\
ath d=\x22M 15 15.5\
 A 0.5 1.5 0 1 1\
 14,15.5 A 0.5 1\
.5 0 1 1 15 15.5\
 z\x22 transform=\x22m\
atrix(0.866,0.5,\
-0.5,0.866,9.693\
,-5.173)\x22 style=\
\x22fill:#000000; s\
troke:#000000;\x22 \
/></g></svg>\
\x00\x00\x03X\
<\
svg xmlns=\x22http:\
//www.w3.org/200\
0/svg\x22 xmlns:xli\
nk=\x22http://www.w\
3.org/1999/xlink\
\x22 viewBox=\x220 0 4\
5 45\x22 width=\x22120\
\x22 height=\x22120\x22><\
g id=\x22white-quee\
n\x22 class=\x22white \
queen\x22 fill=\x22#ff\
f\x22 fill-rule=\x22ev\
enodd\x22 stroke=\x22#\
000\x22 stroke-widt\
h=\x221.5\x22 stroke-l\
inecap=\x22round\x22 s\
troke-linejoin=\x22\
round\x22><path d=\x22\
M8 12a2 2 0 1 1-\
4 0 2 2 0 1 1 4 \
0zM24.5 7.5a2 2 \
0 1 1-4 0 2 2 0 \
1 1 4 0zM41 12a2\
 2 0 1 1-4 0 2 2\
 0 1 1 4 0zM16 8\
.5a2 2 0 1 1-4 0\
 2 2 0 1 1 4 0zM\
33 9a2 2 0 1 1-4\
 0 2 2 0 1 1 4 0\
z\x22 /><path d=\x22M9\
 26c8.5-1.5 21-1\
.5 27 0l2-12-7 1\
1V11l-5.5 13.5-3\
-15-3 15-5.5-14V\
25L7 14l2 12zM9 \
26c0 2 1.5 2 2.5\
 4 1 1.5 1 1 .5 \
3.5-1.5 1-1.5 2.\
5-1.5 2.5-1.5 1.\
5.5 2.5.5 2.5 6.\
5 1 16.5 1 23 0 \
0 0 1.5-1 0-2.5 \
0 0 .5-1.5-1-2.5\
-.5-2.5-.5-2 .5-\
3.5 1-2 2.5-2 2.\
5-4-8.5-1.5-18.5\
-1.5-27 0z\x22 stro\
ke-linecap=\x22butt\
\x22 /><path d=\x22M11\
.5 30c3.5-1 18.5\
-1 22 0M12 33.5c\
6-1 15-1 21 0\x22 f\
ill=\x22none\x22 /></g\
></svg>\
\x00\x00\x0d%\
<\
svg xmlns=\x22http:\
//www.w3.org/200\
0/svg\x22 viewBox=\x22\
0 0 512 512\x22 wid\
th=\x22512\x22 height=\
\x22512\x22>\x0a  <defs>\x0a\
    <linearGradi\
ent id=\x22bgGrad\x22 \
x1=\x220%\x22 y1=\x220%\x22 \
x2=\x22100%\x22 y2=\x2210\
0%\x22>\x0a      <stop\
 offset=\x220%\x22 sto\
p-color=\x22#1e293b\
\x22/>\x0a      <stop \
offset=\x22100%\x22 st\
op-color=\x22#0f172\
a\x22/>\x0a    </linea\
rGradient>\x0a    <\
linearGradient i\
d=\x22goldGrad\x22 x1=\
\x220%\x22 y1=\x220%\x22 x2=\
\x22100%\x22 y2=\x22100%\x22\
>\x0a      <stop of\
fset=\x220%\x22 stop-c\
olor=\x22#81b64c\x22/>\
\x0a      <stop off\
set=\x22100%\x22 stop-\
color=\x22#457524\x22/\
>\x0a    </linearGr\
adient>\x0a    <lin\
earGradient id=\x22\
pieceGrad\x22 x1=\x220\
%\x22 y1=\x220%\x22 x2=\x220\
%\x22 y2=\x22100%\x22>\x0a  \
    <stop offset\
=\x220%\x22 stop-color\
=\x22#ffffff\x22/>\x0a   \
   <stop offset=\
\x22100%\x22 stop-colo\
r=\x22#cbd5e1\x22/>\x0a  \
  </linearGradie\
nt>\x0a    <filter \
id=\x22shadow\x22 x=\x22-\
20%\x22 y=\x22-20%\x22 wi\
dth=\x22140%\x22 heigh\
t=\x22140%\x22>\x0a      \
<feDropShadow dx\
=\x220\x22 dy=\x2212\x22 std\
Deviation=\x2216\x22 f\
lood-color=\x22#000\
000\x22 flood-opaci\
ty=\x220.45\x22/>\x0a    \
</filter>\x0a  </de\
fs>\x0a\x0a  <!-- Squi\
rcle Base -->\x0a  \
<rect x=\x2224\x22 y=\x22\
24\x22 width=\x22464\x22 \
height=\x22464\x22 rx=\
\x22104\x22 fill=\x22url(\
#bgGrad)\x22 filter\
=\x22url(#shadow)\x22/\
>\x0a  <rect x=\x2228\x22\
 y=\x2228\x22 width=\x224\
56\x22 height=\x22456\x22\
 rx=\x22100\x22 fill=\x22\
none\x22 stroke=\x22#3\
34155\x22 stroke-wi\
dth=\x224\x22 opacity=\
\x220.6\x22/>\x0a\x0a  <!-- \
Chessboard Motif\
 Grid in Backgro\
und -->\x0a  <g opa\
city=\x220.12\x22>\x0a   \
 <rect x=\x22136\x22 y\
=\x22136\x22 width=\x2260\
\x22 height=\x2260\x22 fi\
ll=\x22#ffffff\x22/>\x0a \
   <rect x=\x22256\x22\
 y=\x22136\x22 width=\x22\
60\x22 height=\x2260\x22 \
fill=\x22#ffffff\x22/>\
\x0a    <rect x=\x2219\
6\x22 y=\x22196\x22 width\
=\x2260\x22 height=\x2260\
\x22 fill=\x22#ffffff\x22\
/>\x0a    <rect x=\x22\
316\x22 y=\x22196\x22 wid\
th=\x2260\x22 height=\x22\
60\x22 fill=\x22#fffff\
f\x22/>\x0a    <rect x\
=\x22136\x22 y=\x22256\x22 w\
idth=\x2260\x22 height\
=\x2260\x22 fill=\x22#fff\
fff\x22/>\x0a    <rect\
 x=\x22256\x22 y=\x22256\x22\
 width=\x2260\x22 heig\
ht=\x2260\x22 fill=\x22#f\
fffff\x22/>\x0a    <re\
ct x=\x22196\x22 y=\x2231\
6\x22 width=\x2260\x22 he\
ight=\x2260\x22 fill=\x22\
#ffffff\x22/>\x0a    <\
rect x=\x22316\x22 y=\x22\
316\x22 width=\x2260\x22 \
height=\x2260\x22 fill\
=\x22#ffffff\x22/>\x0a  <\
/g>\x0a\x0a  <!-- Oute\
r Ring Accent --\
>\x0a  <circle cx=\x22\
256\x22 cy=\x22256\x22 r=\
\x22176\x22 fill=\x22none\
\x22 stroke=\x22url(#g\
oldGrad)\x22 stroke\
-width=\x224\x22 opaci\
ty=\x220.4\x22/>\x0a\x0a  <!\
-- Chess Knight \
Icon -->\x0a  <g fi\
lter=\x22url(#shado\
w)\x22>\x0a    <!-- Ba\
se Plate -->\x0a   \
 <path d=\x22M 160 \
384 L 352 384 C \
352 384 358 368 \
344 356 C 330 34\
4 316 348 300 34\
8 C 284 348 228 \
348 212 348 C 19\
6 348 182 344 16\
8 356 C 154 368 \
160 384 160 384 \
Z\x22 fill=\x22url(#pi\
eceGrad)\x22/>\x0a    \
<path d=\x22M 176 3\
52 C 192 344 220\
 342 256 342 C 2\
92 342 320 344 3\
36 352\x22 stroke=\x22\
#64748b\x22 stroke-\
width=\x224\x22 stroke\
-linecap=\x22round\x22\
 fill=\x22none\x22/>\x0a\x0a\
    <!-- Knight \
Body & Head -->\x0a\
    <path d=\x22M 1\
80 348 C 176 312\
 188 280 204 252\
 C 176 244 162 2\
20 166 196 C 170\
 172 194 160 216\
 168 C 220 152 2\
32 136 248 128 C\
 264 120 284 124\
 296 136 C 316 1\
28 340 136 348 1\
56 C 356 176 344\
 200 336 216 C 3\
52 248 352 300 3\
32 348 Z\x22 fill=\x22\
url(#pieceGrad)\x22\
/>\x0a\x0a    <!-- Man\
e and Details --\
>\x0a    <path d=\x22M\
 276 148 C 292 1\
64 296 188 288 2\
12\x22 stroke=\x22#475\
569\x22 stroke-widt\
h=\x226\x22 stroke-lin\
ecap=\x22round\x22 fil\
l=\x22none\x22/>\x0a    <\
path d=\x22M 312 17\
6 C 324 196 324 \
220 316 244\x22 str\
oke=\x22#475569\x22 st\
roke-width=\x226\x22 s\
troke-linecap=\x22r\
ound\x22 fill=\x22none\
\x22/>\x0a    <path d=\
\x22M 330 228 C 336\
 248 334 272 324\
 292\x22 stroke=\x22#4\
75569\x22 stroke-wi\
dth=\x226\x22 stroke-l\
inecap=\x22round\x22 f\
ill=\x22none\x22/>\x0a\x0a  \
  <!-- Eye -->\x0a \
   <circle cx=\x222\
16\x22 cy=\x22192\x22 r=\x22\
8\x22 fill=\x22#1e293b\
\x22/>\x0a    <circle \
cx=\x22218\x22 cy=\x22190\
\x22 r=\x222.5\x22 fill=\x22\
#ffffff\x22/>\x0a\x0a    \
<!-- Muzzle / No\
stril / Jawline \
-->\x0a    <path d=\
\x22M 180 236 C 188\
 238 198 234 204\
 224\x22 stroke=\x22#6\
4748b\x22 stroke-wi\
dth=\x224\x22 stroke-l\
inecap=\x22round\x22 f\
ill=\x22none\x22/>\x0a   \
 <path d=\x22M 212 \
256 C 228 268 25\
2 272 272 264\x22 s\
troke=\x22#64748b\x22 \
stroke-width=\x224\x22\
 stroke-linecap=\
\x22round\x22 fill=\x22no\
ne\x22/>\x0a  </g>\x0a</s\
vg>\x0a\
"

qt_resource_name = b"\
\x00\x05\
\x00o\xa6S\
\x00i\
\x00c\x00o\x00n\x00s\
\x00\x06\
\x07o\xb9\xc3\
\x00p\
\x00i\x00e\x00c\x00e\x00s\
\x00\x06\
\x07\xa6\xc4\xb3\
\x00s\
\x00o\x00u\x00n\x00d\x00s\
\x00\x0d\
\x03\x8d\xd1\x06\
\x00p\
\x00r\x00o\x00m\x00o\x00t\x00i\x00o\x00n\x00.\x00w\x00a\x00v\
\x00\x0b\
\x0cWR\xe6\
\x00c\
\x00a\x00p\x00t\x00u\x00r\x00e\x00.\x00w\x00a\x00v\
\x00\x0c\
\x09\xf7+&\
\x00g\
\x00a\x00m\x00e\x00_\x00e\x00n\x00d\x00.\x00w\x00a\x00v\
\x00\x09\
\x0b\x9e\x8eF\
\x00c\
\x00h\x00e\x00c\x00k\x00.\x00w\x00a\x00v\
\x00\x08\
\x06\xc8S\x06\
\x00m\
\x00o\x00v\x00e\x00.\x00w\x00a\x00v\
\x00\x0a\
\x0b-l\xc6\
\x00c\
\x00a\x00s\x00t\x00l\x00e\x00.\x00w\x00a\x00v\
\x00\x0e\
\x08\xe1\x93\xa6\
\x00g\
\x00a\x00m\x00e\x00_\x00s\x00t\x00a\x00r\x00t\x00.\x00w\x00a\x00v\
\x00\x06\
\x06sZ\xc7\
\x00b\
\x00P\x00.\x00s\x00v\x00g\
\x00\x06\
\x07\xc5Z\xc7\
\x00w\
\x00R\x00.\x00s\x00v\x00g\
\x00\x06\
\x07\xb5Z\xc7\
\x00w\
\x00B\x00.\x00s\x00v\x00g\
\x00\x06\
\x07\xbeZ\xc7\
\x00w\
\x00K\x00.\x00s\x00v\x00g\
\x00\x06\
\x06eZ\xc7\
\x00b\
\x00B\x00.\x00s\x00v\x00g\
\x00\x06\
\x06qZ\xc7\
\x00b\
\x00N\x00.\x00s\x00v\x00g\
\x00\x06\
\x06uZ\xc7\
\x00b\
\x00R\x00.\x00s\x00v\x00g\
\x00\x06\
\x06tZ\xc7\
\x00b\
\x00Q\x00.\x00s\x00v\x00g\
\x00\x06\
\x06nZ\xc7\
\x00b\
\x00K\x00.\x00s\x00v\x00g\
\x00\x06\
\x07\xc3Z\xc7\
\x00w\
\x00P\x00.\x00s\x00v\x00g\
\x00\x06\
\x07\xc1Z\xc7\
\x00w\
\x00N\x00.\x00s\x00v\x00g\
\x00\x06\
\x07\xc4Z\xc7\
\x00w\
\x00Q\x00.\x00s\x00v\x00g\
\x00\x11\
\x06\xb1|\x07\
\x00c\
\x00h\x00e\x00s\x00s\x00-\x00d\x00e\x00s\x00k\x00t\x00o\x00p\x00.\x00s\x00v\x00g\
\
"

qt_resource_struct = b"\
\x00\x00\x00\x00\x00\x02\x00\x00\x00\x03\x00\x00\x00\x01\
\x00\x00\x00\x00\x00\x00\x00\x00\
\x00\x00\x00\x00\x00\x02\x00\x00\x00\x01\x00\x00\x00\x17\
\x00\x00\x00\x00\x00\x00\x00\x00\
\x00\x00\x00\x10\x00\x02\x00\x00\x00\x0c\x00\x00\x00\x0b\
\x00\x00\x00\x00\x00\x00\x00\x00\
\x00\x00\x00\x22\x00\x02\x00\x00\x00\x07\x00\x00\x00\x04\
\x00\x00\x00\x00\x00\x00\x00\x00\
\x00\x00\x004\x00\x00\x00\x00\x00\x01\x00\x00\x00\x00\
\x00\x00\x01\xa0\xb5<\xbbU\
\x00\x00\x00\xa6\x00\x00\x00\x00\x00\x01\x00\x01\xfb4\
\x00\x00\x01\xa0\xb5<\xba\xfa\
\x00\x00\x00\xd6\x00\x00\x00\x00\x00\x01\x00\x02\x5c\x0c\
\x00\x00\x01\xa0\xb5<\xbbp\
\x00\x00\x00p\x00\x00\x00\x00\x00\x01\x00\x00\xc4\xc2\
\x00\x00\x01\xa0\xb5<\xbb\x90\
\x00\x00\x00\xbc\x00\x00\x00\x00\x00\x01\x00\x02\x16\xf4\
\x00\x00\x01\xa0\xb5<\xbb(\
\x00\x00\x00\x8e\x00\x00\x00\x00\x00\x01\x00\x01\x82p\
\x00\x00\x01\xa0\xb5<\xbb\x1c\
\x00\x00\x00T\x00\x00\x00\x00\x00\x01\x00\x00\x9b:\
\x00\x00\x01\xa0\xb5<\xbb\x03\
\x00\x00\x01@\x00\x00\x00\x00\x00\x01\x00\x03\x01\x89\
\x00\x00\x01\xa0\xb4\xb7JD\
\x00\x00\x01\x88\x00\x00\x00\x00\x00\x01\x00\x03\x10\x8b\
\x00\x00\x01\xa0\xb4\xb7JF\
\x00\x00\x01R\x00\x00\x00\x00\x00\x01\x00\x03\x04\xa6\
\x00\x00\x01\xa0\xb4\xb7JD\
\x00\x00\x00\xf8\x00\x00\x00\x00\x00\x01\x00\x02\xf7F\
\x00\x00\x01\xa0\xb4\xb7JC\
\x00\x00\x01v\x00\x00\x00\x00\x00\x01\x00\x03\x0c\x88\
\x00\x00\x01\xa0\xb4\xb7JE\
\x00\x00\x01d\x00\x00\x00\x00\x00\x01\x00\x03\x09\xca\
\x00\x00\x01\xa0\xb4\xb7JE\
\x00\x00\x01\x1c\x00\x00\x00\x00\x00\x01\x00\x02\xfb\x9d\
\x00\x00\x01\xa0\xb4\xb7JB\
\x00\x00\x01.\x00\x00\x00\x00\x00\x01\x00\x02\xfe\xb5\
\x00\x00\x01\xa0\xb4\xb7JC\
\x00\x00\x01\xac\x00\x00\x00\x00\x00\x01\x00\x03\x16\x0d\
\x00\x00\x01\xa0\xb4\xb7JA\
\x00\x00\x01\x9a\x00\x00\x00\x00\x00\x01\x00\x03\x14\x0a\
\x00\x00\x01\xa0\xb4\xb7JA\
\x00\x00\x01\xbe\x00\x00\x00\x00\x00\x01\x00\x03\x1a\x1e\
\x00\x00\x01\xa0\xb4\xb7JC\
\x00\x00\x01\x0a\x00\x00\x00\x00\x00\x01\x00\x02\xf9I\
\x00\x00\x01\xa0\xb4\xb7JB\
\x00\x00\x01\xd0\x00\x00\x00\x00\x00\x01\x00\x03\x1dz\
\x00\x00\x01\xa0\xb5O\x13\x8e\
"

def qInitResources():
    QtCore.qRegisterResourceData(0x03, qt_resource_struct, qt_resource_name, qt_resource_data)

def qCleanupResources():
    QtCore.qUnregisterResourceData(0x03, qt_resource_struct, qt_resource_name, qt_resource_data)

qInitResources()
